"","cand_A","cand_B","cand_C","cand_D","cand_F"
"1",9,3,2,4,3
"2",0,10,5,5,5
"3",7,8,5,5,1
"4",8,4,6,6,6
"5",8,4,0,3,2
"6",8,2,3,8,5
"7",1,10,2,3,6
"8",10,5,8,5,5
"9",10,5,0,10,8
"10",5,6,3,4,0
"11",3,10,10,9,3
"12",5,8,5,5,1
"13",3,6,0,2,1
"14",8,4,6,8,1
"15",5,8,7,3,1
"16",5,1,1,4,1
"17",10,1,4,10,1
"18",10,3,2,10,6
"19",7,3,2,6,1
"20",8,3,3,4,2
"21",9,4,5,6,4
"22",9,7,1,5,0
"23",5,2,3,2,1
"24",10,8,8,8,0
"25",6,8,7,6,1
"26",5,5,0,2,0
"27",9,1,0,9,8
"28",1,9,1,1,5
"29",2,2,6,2,8
"30",5,10,4,5,4
"31",2,3,0,0,1
"32",10,5,0,0,6
"33",9,5,2,3,1
"34",9,5,7,7,3
"35",4,8,8,6,1
"36",4,7,5,5,2
"37",9,3,2,5,5
"38",6,10,5,9,8
"39",7,7,5,4,0
"40",5,7,5,2,0
"41",0,5,8,0,0
"42",6,0,0,5,1
"43",5,8,7,5,0
"44",5,5,6,2,2
"45",7,0,0,7,7
"46",10,0,0,10,2
"47",8,5,5,5,5
"48",0,0,1,4,5
"49",10,0,0,10,10
"50",0,10,0,0,2
"51",10,2,1,10,0
"52",6,0,1,4,8
"53",4,6,7,4,0
"54",7,7,8,0,0
"56",5,0,0,10,5
"57",7,5,5,5,2
"58",2,6,8,0,0
"59",2,5,7,1,1
"60",6,7,6,6,8
"61",4,7,9,4,0
"62",5,3,1,7,10
"63",0,10,0,0,0
"64",0,10,10,0,0
"65",4,7,8,3,0
"66",0,8,10,3,0
"67",0,9,6,1,0
"68",3,5,6,4,0
"69",5,5,5,5,5
"70",8,9,6,5,6
"71",6,0,0,5,10
"72",9,5,2,5,5
"73",4,5,2,2,3
"74",9,0,0,9,10
"75",9,5,0,8,0
"76",4,9,9,4,0
"77",6,10,5,6,2
"78",2,10,5,5,5
"79",5,10,5,4,0
"80",9,8,4,6,7
"81",5,7,7,2,1
"82",5,7,6,3,1
"83",8,4,3,0,0
"84",1,5,5,2,8
"85",10,2,0,10,10
"86",7,4,0,7,1
"87",0,5,6,0,0
"88",0,8,6,1,0
"89",9,1,1,3,1
"90",5,9,8,4,0
"91",0,0,0,0,10
"92",10,9,3,2,0
"93",8,6,8,9,8
"94",3,8,9,2,0
"95",8,2,0,5,1
"96",8,6,0,8,0
"97",5,5,5,5,0
"98",4,6,8,3,0
"99",8,1,7,5,4
"100",7,8,6,6,3
"101",8,2,0,8,6
"102",2,5,7,0,0
"103",1,7,2,1,0
"104",0,10,10,0,0
"105",2,8,10,0,0
"106",10,3,0,9,7
"107",3,7,1,5,6
"108",8,4,4,7,0
"109",1,10,10,5,0
"110",4,7,6,1,0
"111",8,2,1,7,6
"112",7,3,3,6,2
"113",1,9,5,2,0
"114",0,3,10,0,0
"115",2,7,4,3,0
"116",3,5,5,3,0
"117",5,9,8,8,4
"118",8,4,6,7,5
"119",9,1,7,0,5
"120",4,6,5,2,0
"121",10,5,0,6,5
"122",2,7,8,1,0
"123",0,4,8,0,0
"124",10,0,0,9,8
"125",7,4,3,5,0
"126",5,4,0,3,3
"127",3,6,5,4,0
"128",5,5,4,5,0
"129",2,2,10,1,0
"130",10,1,0,8,1
"131",8,8,0,6,0
"132",10,0,0,7,8
"133",8,9,2,8,0
"134",0,10,0,0,5
"135",1,9,10,1,0
"136",0,0,0,0,10
"137",6,9,8,1,1
"138",1,0,0,1,5
"139",0,10,10,0,0
"140",4,0,0,4,9
"141",6,7,3,6,0
"142",9,6,4,4,3
"143",5,5,0,0,1
"144",10,4,0,10,5
"145",10,3,5,5,5
"146",4,4,6,5,4
"147",0,8,7,4,0
"148",4,9,6,5,0
"149",0,10,10,4,0
"150",10,0,0,9,3
"151",9,0,0,9,1
"152",5,3,0,0,0
"153",3,4,10,0,0
"154",0,2,10,0,0
"155",10,2,0,8,2
"156",10,0,0,8,7
"157",6,4,5,5,3
"158",7,3,3,3,0
"159",9,1,4,7,1
"160",5,5,6,5,0
"161",5,1,5,5,5
"162",7,8,7,2,1
"163",7,7,7,6,3
"164",6,4,0,5,4
"165",0,8,9,0,0
"166",7,0,0,7,4
"167",0,6,9,4,0
"168",5,8,6,1,0
"169",8,6,4,3,0
"170",2,7,8,0,0
"171",5,1,0,5,9
"172",6,5,3,3,1
"173",1,1,6,8,9
"174",0,10,10,0,0
"175",7,6,8,5,8
"176",5,2,4,5,5
"177",1,0,0,2,0
"178",7,5,5,7,0
"179",10,0,0,8,9
"180",6,7,4,5,0
"181",10,0,0,10,4
"182",5,3,5,5,3
"183",5,0,5,5,5
"184",4,4,2,0,0
"185",5,7,8,3,0
"186",9,4,2,9,6
"187",0,5,10,0,0
"188",7,7,7,7,1
"189",8,6,0,4,2
"190",10,6,3,2,1
"191",10,1,0,10,2
"192",0,5,7,0,0
"193",10,0,0,0,10
"194",4,10,4,0,0
"195",0,7,5,0,0
"196",4,9,7,2,0
"197",3,5,8,3,3
"198",6,6,2,8,0
"199",0,6,6,0,0
"201",10,3,0,9,7
"202",10,2,0,9,5
"203",1,6,10,2,0
"204",5,5,5,5,0
"205",7,7,7,7,0
"206",3,7,8,3,0
"207",6,2,2,6,4
"208",9,6,0,9,6
"209",3,8,9,5,0
"210",5,5,5,4,4
"211",7,9,5,5,2
"212",0,10,10,0,0
"213",4,4,9,4,0
"214",6,3,2,6,2
"215",5,0,0,0,8
"216",10,8,3,6,2
"217",5,10,7,5,0
"218",10,1,1,8,9
"219",2,8,10,2,0
"220",0,0,0,0,7
"221",3,8,8,2,0
"222",9,0,0,10,7
"223",7,3,0,0,0
"224",10,7,7,9,0
"225",4,6,7,2,0
"226",3,8,10,3,0
"227",5,2,4,6,3
"228",2,8,9,0,0
"230",0,6,9,2,0
"231",8,0,0,4,3
"232",2,2,5,2,2
"233",0,8,5,0,0
"234",5,7,7,6,0
"235",10,0,0,10,10
"236",5,2,0,5,0
"237",0,7,8,0,0
"238",3,7,7,2,0
"239",2,5,7,1,0
"240",10,1,5,9,4
"241",7,4,2,7,3
"242",6,6,5,6,0
"243",10,7,3,7,7
"244",7,4,4,6,5
"245",3,6,6,0,0
"246",0,9,10,0,0
"247",8,8,9,5,0
"248",0,10,7,3,0
"249",9,2,2,4,5
"250",7,6,8,7,0
"251",5,5,5,5,5
"252",4,7,6,3,1
"253",6,10,7,5,1
"254",3,6,8,3,0
"255",7,8,8,7,1
"256",7,2,5,9,10
"259",10,3,0,9,0
"260",10,0,0,10,5
"261",9,1,0,8,8
"262",7,3,2,4,3
"263",9,6,6,9,1
"264",3,5,6,1,0
"265",8,0,0,7,3
"266",10,0,0,10,6
"267",10,2,1,7,5
"268",4,10,9,0,0
"269",8,5,6,7,2
"270",10,0,0,5,0
"271",10,5,1,5,0
"272",7,4,1,6,5
"273",5,0,0,5,10
"274",8,7,4,6,6
"275",9,5,0,9,5
"276",10,3,0,10,5
"277",10,3,3,8,6
"278",8,10,5,3,0
"279",2,2,3,2,2
"280",5,5,5,5,5
"281",7,6,1,2,0
"282",0,7,9,0,0
"283",9,3,4,8,1
"284",5,8,8,0,0
"285",10,0,0,10,10
"286",10,0,0,10,7
"287",7,10,10,7,0
"288",9,1,3,9,5
"289",1,10,6,3,4
"290",7,3,6,5,0
"291",2,7,5,3,0
"292",7,5,6,4,0
"293",0,8,0,0,0
"294",0,10,7,0,0
"295",2,5,2,2,2
"296",8,3,2,7,5
"297",3,10,6,2,0
"298",8,3,1,9,1
"299",5,6,6,5,6
"300",6,6,6,5,3
"301",3,8,8,0,0
"302",7,5,5,3,5
"303",2,7,9,1,0
"304",1,1,1,1,1
"305",5,9,7,3,3
"306",4,8,8,0,0
"307",8,0,0,7,6
"308",5,5,5,5,5
"309",9,4,0,5,7
"310",0,9,6,0,0
"311",1,7,1,5,10
"312",8,2,3,8,0
"313",4,8,7,5,0
"314",0,10,5,0,0
"315",4,10,8,4,0
"316",6,9,4,3,4
"317",2,7,10,0,0
"318",10,0,0,5,9
"319",2,9,6,2,0
"320",0,10,7,5,0
"321",4,7,4,5,2
"322",9,3,5,2,0
"323",1,6,7,2,0
"324",3,8,8,3,0
"325",8,3,7,7,7
"326",0,9,0,0,0
"327",8,0,0,8,5
"328",2,9,7,1,0
"329",8,1,0,1,0
"330",9,1,0,8,6
"331",2,8,7,0,0
"332",10,0,0,10,0
"333",2,10,7,1,0
"334",10,4,1,10,5
"335",8,1,3,2,2
"336",10,0,0,10,5
"337",0,10,8,0,0
"338",3,7,6,2,0
"339",0,6,7,0,0
"340",5,5,5,5,2
"341",8,7,3,5,2
"342",5,7,10,5,0
"343",0,0,0,0,0
"344",0,7,8,0,0
"345",2,10,5,5,4
"346",10,6,5,7,3
"347",8,5,4,5,0
"348",0,6,9,0,0
"349",10,10,7,8,10
"350",8,5,5,6,5
"351",4,0,0,0,10
"352",2,5,8,0,0
"353",10,0,0,9,8
"354",2,6,6,2,0
"355",5,7,7,5,0
"356",5,5,0,5,3
"357",8,0,0,8,8
"358",7,5,3,6,5
"359",10,2,0,10,10
"360",5,5,9,4,0
"361",2,7,10,2,0
"362",5,0,5,0,10
"363",10,0,0,10,5
"364",10,0,0,10,2
"365",10,0,0,7,6
"366",8,7,4,6,0
"367",7,0,0,0,5
"368",0,6,9,0,0
"369",5,6,0,4,2
"370",5,9,5,0,0
"371",7,5,1,7,3
"372",6,5,0,6,0
"373",1,8,9,1,0
"374",2,6,8,2,0
"375",0,8,7,0,0
"376",0,3,7,1,0
"377",0,6,8,2,0
"378",3,7,10,1,0
"379",6,5,7,5,8
"380",3,5,7,0,0
"381",3,7,7,1,1
"382",3,8,8,2,0
"383",4,4,6,3,6
"384",6,6,0,7,10
"385",5,5,0,0,0
"386",3,7,8,3,0
"387",8,3,1,8,1
"388",2,6,7,1,0
"389",5,5,5,0,0
"390",10,3,2,6,5
"391",3,6,8,1,1
"392",8,5,5,8,0
"393",5,10,9,3,0
"394",9,6,4,7,0
"395",8,10,8,7,8
"396",1,7,9,0,0
"397",3,5,7,2,0
"398",9,6,3,8,1
"399",1,0,4,4,0
"400",5,8,6,3,0
"401",4,8,4,3,0
"402",4,9,8,6,8
"403",2,8,4,4,7
"404",10,2,2,10,1
"405",9,2,1,9,3
"406",10,5,0,8,7
"407",1,10,8,5,5
"408",5,5,5,4,0
"410",10,0,0,10,6
"411",4,10,5,4,4
"412",2,6,10,0,0
"413",5,10,3,3,0
"414",4,10,8,3,6
"415",3,8,4,3,0
"416",7,0,0,8,10
"417",7,7,8,8,8
"418",3,3,10,3,0
"419",7,0,1,7,7
"420",3,10,7,1,0
"421",8,4,2,5,5
"422",6,7,6,3,0
"423",0,8,10,0,0
"424",0,7,9,0,0
"425",2,2,5,2,1
"426",1,1,0,1,8
"427",6,3,5,3,0
"428",5,1,5,4,3
"429",6,6,0,8,1
"430",4,7,4,3,7
"431",6,7,3,5,1
"432",6,6,8,3,3
"433",6,6,2,6,4
"434",4,8,5,4,0
"435",5,0,0,5,9
"437",10,1,1,10,3
"438",9,6,3,7,1
"439",7,2,4,3,0
"440",2,7,5,2,0
"441",6,8,7,3,0
"442",5,5,5,4,3
"443",7,5,1,7,1
"444",7,6,0,7,1
"445",10,2,0,6,0
"446",5,5,5,5,5
"447",0,4,10,0,0
"448",3,3,0,3,7
"449",7,5,4,6,5
"450",5,9,6,1,0
"451",10,3,3,8,1
"452",10,1,0,10,5
"453",7,5,7,5,2
"454",5,8,7,5,5
"455",3,5,4,2,0
"456",2,7,6,2,0
"457",3,5,4,2,0
"458",10,4,4,8,8
"459",9,4,2,8,5
"460",9,7,3,8,3
"461",7,0,0,3,5
"463",4,8,10,5,8
"464",6,6,7,5,0
"465",10,0,3,10,10
"466",4,8,4,2,0
"467",0,10,10,0,0
"468",10,0,0,4,9
"469",10,4,0,7,0
"470",0,9,8,1,0
"471",0,9,0,0,0
"472",8,5,3,4,1
"473",10,0,0,0,0
"474",7,5,3,10,0
"475",9,0,6,5,8
"476",8,7,6,6,7
"477",9,1,0,6,4
"478",9,2,2,7,2
"479",8,4,1,8,3
"480",3,9,7,4,1
"481",4,6,5,3,0
"482",7,8,3,4,4
"483",10,8,10,3,0
"484",6,6,8,0,0
"485",3,6,7,6,4
"486",10,4,0,10,7
"487",3,0,4,2,6
"488",7,0,0,7,5
"489",10,2,0,7,7
"490",5,5,3,4,0
"491",7,6,4,6,0
"492",8,6,7,3,0
"493",7,5,5,5,3
"494",7,0,2,0,0
"495",1,10,7,1,0
"496",9,1,0,9,10
"497",6,4,6,4,4
"498",6,6,2,6,2
"499",7,6,4,6,3
"500",9,4,1,8,6
"501",10,0,0,8,6
"503",4,7,5,3,0
"504",5,8,10,5,0
"505",6,5,3,4,1
"506",10,1,0,10,5
"507",7,7,9,2,0
"508",6,9,6,6,0
"509",6,6,3,4,0
"510",5,2,0,5,0
"511",1,7,9,1,0
"512",4,7,10,2,0
"513",7,2,1,7,1
"514",5,8,6,5,0
"515",5,7,5,4,0
"516",0,9,3,0,0
"517",9,0,1,10,9
"518",10,1,1,9,9
"519",10,0,0,10,10
"520",4,7,5,1,0
"521",6,6,1,5,1
"522",3,9,8,5,0
"523",10,6,2,9,1
"524",0,6,5,0,0
"525",0,0,0,0,0
"526",8,3,0,5,0
"527",8,6,4,9,2
"528",6,5,0,6,2
"529",6,2,1,3,1
"530",7,3,1,6,3
"531",4,10,8,5,1
"532",7,8,4,6,2
"533",8,2,1,7,5
"534",7,7,6,7,9
"535",5,0,0,8,7
"536",9,7,2,8,9
"537",7,4,4,1,1
"538",0,10,10,0,0
"539",10,4,0,7,0
"540",7,3,0,10,3
"541",9,2,1,8,4
"542",3,10,10,2,0
"543",10,3,5,10,0
"544",10,5,3,10,0
"545",0,9,10,0,0
"546",5,8,9,5,1
"547",8,2,4,7,0
"548",7,6,1,4,6
"549",7,6,10,4,0
"550",6,6,9,2,0
"551",7,7,3,2,5
"552",2,10,8,1,0
"553",8,7,0,8,0
"554",1,5,10,1,0
"555",5,7,9,5,0
"556",1,1,1,1,1
"557",8,7,6,5,0
"558",9,5,6,4,2
"559",0,6,8,0,0
"560",10,8,3,6,1
"561",5,5,5,5,5
"562",8,5,0,9,8
"563",4,4,4,4,10
"564",7,3,3,8,7
"565",4,10,10,0,0
"566",5,9,8,4,0
"567",10,4,6,6,6
"568",5,5,5,5,0
"569",5,7,9,2,0
"570",4,4,5,4,5
"571",2,9,7,1,4
"572",10,0,0,10,0
"573",5,7,8,3,1
"574",3,5,7,2,0
"575",1,9,7,1,0
"576",2,8,8,1,0
"578",0,8,8,0,0
"579",6,2,7,0,0
"580",1,10,2,2,0
"581",5,7,8,6,0
"582",6,5,7,5,4
"583",3,7,10,4,0
"584",7,3,2,5,6
"585",7,2,8,5,6
"586",5,7,3,5,3
"587",0,8,8,1,0
"588",3,2,8,0,2
"589",2,8,9,2,0
"590",6,10,9,5,0
"591",5,9,4,4,4
"592",5,9,8,3,1
"594",3,7,8,0,0
"595",2,8,6,5,0
"596",0,10,5,0,0
"597",6,6,5,6,1
"598",10,3,2,7,0
"599",2,7,10,0,0
"600",0,8,10,2,0
"601",9,2,0,7,5
"602",5,2,0,5,9
"603",2,7,7,3,0
"604",8,2,2,6,0
"605",7,0,5,2,8
"606",9,6,4,8,1
"607",8,5,6,6,4
"608",8,0,0,8,9
"609",8,3,6,8,0
"610",9,5,3,9,7
"611",9,2,3,5,8
"612",1,6,8,4,2
"613",8,8,5,7,5
"614",2,10,9,2,0
"615",0,7,9,0,0
"616",7,5,7,4,2
"617",5,0,0,5,5
"618",0,6,8,3,1
"619",10,1,1,8,1
"620",5,5,3,8,2
"621",6,6,3,2,6
"622",1,7,8,1,0
"623",5,6,5,3,1
"624",3,8,5,0,0
"625",8,6,6,7,0
"626",3,6,8,5,5
"627",6,8,6,6,0
"628",7,4,0,7,2
"629",7,0,0,8,6
"630",1,5,1,1,1
"631",7,8,8,6,4
"632",5,8,0,7,0
"633",10,5,4,8,1
"634",5,7,6,2,0
"635",8,4,3,6,5
"636",9,4,5,9,5
"637",5,5,6,3,0
"638",9,5,0,7,2
"639",5,2,2,5,0
"640",1,8,8,3,1
"641",3,9,7,4,0
"642",0,0,0,0,0
"643",9,3,9,3,6
"644",8,5,3,8,3
"645",4,8,1,4,10
"646",0,3,5,0,0
"647",3,3,3,3,0
"648",10,3,6,5,5
"649",6,4,5,7,5
"650",3,8,5,3,0
"651",6,5,7,5,0
"652",7,7,7,1,2
"654",4,7,7,6,4
"655",9,2,0,8,3
"656",9,0,0,5,5
"657",4,1,0,3,4
"658",3,6,7,2,0
"659",2,6,7,2,0
"660",8,3,3,4,5
"661",2,9,9,1,0
"662",8,5,3,5,1
"663",0,10,10,0,0
"664",10,3,0,8,3
"665",7,0,0,3,9
"666",5,0,0,0,0
"667",9,8,2,9,6
"668",7,2,2,7,8
"669",4,6,7,2,0
"670",0,6,4,4,4
"671",8,3,0,4,3
"672",6,6,6,5,1
"673",5,9,6,1,0
"674",3,10,7,2,0
"675",0,7,5,5,0
"676",10,5,0,10,3
"677",3,8,10,2,0
"678",9,7,7,6,1
"679",4,9,8,4,3
"680",1,9,7,3,3
"681",0,6,0,0,5
"682",7,3,1,6,2
"683",9,4,2,8,8
"684",10,3,0,10,6
"685",0,0,0,0,5
"686",5,4,2,4,1
"687",1,8,3,1,0
"688",7,6,5,7,0
"689",8,4,0,7,0
"690",5,5,1,1,8
"691",9,0,0,10,5
"692",4,4,4,4,0
"693",9,0,0,9,10
"694",0,10,0,0,0
"695",8,5,0,5,8
"696",0,8,7,0,0
"697",2,3,6,0,0
"699",6,2,8,0,0
"700",8,1,5,5,5
"701",0,10,9,0,0
"702",0,8,6,3,0
"703",2,8,7,2,0
"704",8,7,2,6,0
"705",7,3,1,7,0
"706",4,5,6,3,0
"707",2,1,7,1,1
"708",5,3,0,4,5
"709",3,3,2,1,1
"710",0,7,8,0,0
"711",10,0,1,5,0
"712",10,2,10,0,0
"713",8,5,5,7,0
"714",0,9,10,0,0
"715",3,8,10,2,0
"716",10,6,10,7,0
"717",6,5,3,3,5
"718",8,0,0,0,10
"719",6,0,2,3,0
"720",7,6,1,3,0
"721",8,3,0,8,3
"722",4,9,10,2,0
"724",5,5,5,5,0
"725",9,3,2,9,8
"726",1,6,5,0,0
"728",3,6,2,5,10
"729",1,10,8,1,0
"730",5,10,0,5,8
"731",0,6,2,0,0
"732",4,8,9,3,3
"733",3,6,7,3,1
"734",3,7,5,2,0
"736",8,8,0,8,6
"737",10,4,0,7,0
"738",8,2,5,5,0
"739",5,8,2,3,4
"740",8,3,0,9,6
"741",10,0,0,7,0
"742",1,5,1,3,0
"743",4,2,2,5,5
"744",2,10,10,0,0
"745",5,8,0,0,8
"746",7,5,0,7,0
"747",4,6,6,5,0
"748",9,0,0,9,9
"749",9,2,2,8,1
"750",9,7,7,6,0
"751",4,9,5,3,1
"752",9,0,3,9,0
"753",7,3,5,4,0
"754",0,10,9,0,0
"755",7,3,1,4,3
"756",10,1,2,7,0
"757",3,9,10,3,0
"758",5,7,7,6,0
"759",4,7,5,1,0
"760",6,4,5,0,0
"761",7,0,0,10,0
"762",10,5,0,10,10
"763",5,8,4,4,0
"764",10,0,0,2,10
"765",10,0,0,10,5
"766",8,5,3,5,2
"767",0,0,1,0,0
"768",6,4,5,4,0
"769",10,0,0,10,1
"770",5,7,10,0,0
"771",5,10,8,1,0
"772",6,8,10,0,0
"773",9,0,0,9,9
"774",0,8,10,0,0
"775",4,6,7,5,0
"776",8,6,6,6,5
"777",6,9,8,5,0
"778",8,5,4,6,7
"779",2,5,6,0,0
"780",5,10,8,3,0
"781",7,3,0,7,3
"782",5,7,6,3,0
"783",9,7,4,6,6
"784",8,2,0,8,6
"785",6,0,6,0,0
"786",7,5,0,4,10
"787",5,5,5,5,0
"788",7,5,9,7,4
"789",5,10,10,0,0
"790",10,5,0,6,5
"791",2,7,2,0,0
"792",5,3,5,5,0
"793",9,9,8,7,1
"794",8,4,1,6,0
"795",10,0,0,10,5
"797",9,4,0,8,8
"798",9,5,7,8,9
"799",10,4,0,8,0
"800",8,8,8,4,0
"801",8,1,1,5,1
"803",10,5,0,6,0
"804",10,5,0,5,5
"805",10,0,6,2,3
"806",5,8,4,5,1
"807",0,10,6,5,0
"808",5,5,4,5,0
"809",6,7,3,5,3
"810",0,5,10,0,0
"811",4,9,7,4,0
"812",10,3,2,8,1
"813",10,2,0,5,5
"814",8,3,2,6,6
"815",5,10,10,3,0
"816",4,8,8,2,1
"817",6,8,8,0,0
"818",10,3,0,3,5
"819",6,4,6,0,0
"820",6,10,6,3,0
"821",8,2,0,2,4
"822",4,10,5,2,0
"823",8,0,7,5,1
"824",8,0,0,5,10
"825",2,8,8,2,2
"826",1,6,4,2,4
"827",10,0,5,0,5
"828",10,5,3,5,2
"829",7,10,5,5,0
"830",3,5,2,3,5
"831",6,5,0,3,0
"832",2,7,7,1,0
"833",5,7,8,4,0
"834",10,0,0,10,0
"835",7,5,5,3,0
"836",4,2,3,3,2
"837",5,9,5,2,1
"838",5,4,0,4,0
"839",8,5,5,7,3
"840",5,5,5,5,5
"841",6,1,1,3,10
"842",2,7,7,1,1
"843",2,10,10,0,0
"844",0,10,10,0,0
"845",10,2,0,10,5
"846",5,5,5,5,0
"847",0,6,7,0,0
"848",8,2,3,9,2
"849",8,1,3,7,0
"850",6,8,9,4,0
"851",5,0,0,5,5
"852",2,9,9,2,0
"853",8,0,6,6,6
"854",8,5,1,8,1
"855",2,9,7,1,1
"856",10,6,8,8,3
"857",5,10,2,5,0
"858",6,5,7,6,6
"859",3,9,8,2,0
"860",5,5,5,5,5
"861",4,6,7,4,1
"862",5,10,5,4,0
"863",7,5,3,5,3
"864",6,6,3,6,0
"865",7,4,4,7,6
"866",9,0,0,9,0
"867",6,7,8,2,0
"868",9,5,1,9,8
"869",10,9,1,5,3
"870",5,2,1,5,3
"871",5,5,6,0,0
"872",6,4,6,4,0
"873",8,5,7,5,7
"874",0,7,4,0,0
"875",8,0,0,6,10
"876",0,3,0,0,0
"877",7,4,5,5,0
"878",0,8,10,2,0
"880",5,5,3,4,5
"881",10,0,0,7,8
"882",0,7,4,0,0
"883",10,5,3,5,2
"884",4,8,7,4,2
"885",9,5,1,8,4
"886",1,7,9,0,0
"887",4,3,0,4,5
"888",8,0,2,5,0
"889",4,7,6,2,0
"890",0,0,5,0,5
"891",4,6,4,2,0
"892",6,7,6,6,0
"893",9,7,6,5,5
"894",2,10,9,1,0
"895",2,2,2,2,2
"896",8,5,0,3,3
"897",5,3,4,4,4
"898",7,4,5,4,3
"899",5,6,4,5,5
"900",0,6,9,0,0
"901",7,3,5,4,4
"902",3,3,3,3,3
"903",10,4,8,6,0
"904",3,6,5,4,0
"905",1,5,7,1,0
"906",5,8,4,5,4
"907",6,7,7,0,0
"908",0,5,3,2,1
"909",5,5,4,3,0
"910",3,3,3,3,3
"911",2,10,3,2,0
"912",5,6,5,5,5
"913",0,7,10,0,0
"914",2,10,8,0,0
"915",10,0,0,5,0
"916",0,0,8,4,4
"917",7,5,0,7,5
"918",0,0,10,0,0
"919",3,6,8,1,0
"920",10,5,4,7,2
"922",4,10,7,0,0
"923",9,6,0,7,5
"924",8,8,5,8,2
"925",7,4,0,7,5
"926",0,0,10,0,0
"927",0,9,10,0,0
"928",6,10,9,8,7
"929",7,3,2,5,0
"930",10,0,0,10,5
"931",10,2,1,5,5
"932",10,0,0,10,8
"933",9,3,0,8,0
"934",9,0,0,5,8
"936",7,8,6,7,0
"937",9,0,0,9,9
"938",6,5,6,3,0
"939",9,1,0,10,9
"940",10,1,0,8,5
"941",3,3,7,0,0
"942",5,7,4,0,0
"943",5,5,5,5,5
"944",8,8,9,1,0
"945",6,5,2,5,5
"946",9,5,6,8,1
"947",3,5,8,3,0
"948",10,1,1,10,6
"949",3,5,6,4,0
"950",2,10,4,4,6
"951",5,9,9,5,5
"952",4,8,7,3,0
"953",3,7,2,2,5
"954",3,6,9,3,0
"955",3,6,8,3,0
"956",10,0,3,0,8
"957",4,8,7,3,1
"959",10,0,0,0,0
"960",3,3,0,0,0
"961",4,7,8,0,0
"962",5,10,0,5,0
"963",8,4,0,7,0
"964",10,0,0,10,8
"965",5,5,5,5,5
"966",9,9,10,5,0
"967",9,2,0,8,6
"968",5,0,0,8,5
"969",7,9,4,7,4
"970",5,5,2,5,1
"971",10,2,1,3,5
"972",7,7,4,3,0
"973",1,6,10,6,0
"974",5,6,6,5,5
"975",8,6,6,5,4
"976",8,2,0,7,0
"977",5,5,5,0,0
"979",10,0,4,10,5
"980",5,8,9,6,1
"981",5,0,2,1,1
"982",0,7,10,0,0
"983",5,8,5,5,0
"984",5,7,7,5,0
"985",7,3,5,0,0
"986",2,5,1,3,1
"987",8,3,6,5,5
"988",6,5,5,5,2
"989",9,0,0,7,2
"990",0,8,9,4,0
"991",9,7,0,8,4
"992",5,9,7,3,0
"993",5,5,4,4,2
"994",10,0,0,10,5
"995",1,8,10,0,0
"996",10,0,3,9,3
"997",8,5,7,7,3
"999",10,0,0,10,8
"1000",0,0,10,0,0
"1001",4,8,7,4,2
"1003",4,5,8,4,5
"1004",10,5,0,5,5
"1005",9,8,7,5,8
"1006",5,6,7,5,0
"1007",2,6,9,1,0
"1008",3,3,8,3,3
"1009",3,8,6,0,0
"1010",2,10,8,2,0
"1011",8,4,7,5,3
"1012",8,9,4,5,0
"1013",5,8,10,5,0
"1014",7,8,5,5,2
"1015",6,7,6,4,2
"1016",1,5,10,1,0
"1017",6,4,3,5,3
"1018",7,0,5,7,1
"1020",10,0,0,7,0
"1021",8,8,3,4,3
"1022",5,10,3,5,0
"1023",0,1,1,2,1
"1024",10,6,4,5,0
"1025",0,8,10,0,0
"1026",0,0,0,0,0
"1027",4,8,8,4,3
"1028",5,5,8,2,0
"1029",2,10,6,2,0
"1030",4,5,4,3,0
"1031",5,5,4,5,3
"1032",10,0,5,5,7
"1033",0,0,0,1,1
"1034",7,0,0,6,6
"1035",5,10,5,3,7
"1036",10,3,0,2,0
"1037",7,0,0,4,10
"1038",5,5,5,5,5
"1039",4,3,4,3,1
"1040",4,5,8,3,3
"1041",4,8,6,4,0
"1042",8,4,6,4,3
"1043",5,8,8,2,0
"1044",6,4,0,6,8
"1045",9,0,0,6,7
"1046",10,3,0,9,0
"1047",7,0,4,5,4
"1048",1,10,10,0,0
"1049",7,8,9,8,3
"1050",7,7,1,8,10
"1051",5,7,5,5,5
"1052",10,0,0,10,10
"1053",8,9,0,8,7
"1054",8,4,8,5,0
"1055",8,6,5,8,5
"1056",7,6,3,8,0
"1057",4,7,8,3,1
"1058",10,3,7,5,8
"1059",9,6,2,7,1
"1060",10,4,1,6,1
"1061",9,0,5,9,5
"1062",0,5,3,0,0
"1063",5,0,0,10,8
"1064",1,7,7,0,0
"1065",10,0,0,3,9
"1066",8,2,0,8,3
"1067",0,10,10,1,0
"1068",2,2,7,2,0
"1069",2,8,10,3,3
"1070",6,5,5,5,5
"1071",0,0,8,4,4
"1072",5,0,0,5,2
"1073",0,5,10,0,0
"1074",5,7,7,6,2
"1075",7,5,5,9,0
"1076",10,0,0,10,10
"1077",6,6,3,5,0
"1078",3,3,0,3,0
"1079",10,0,0,6,7
"1080",7,4,1,7,3
"1081",10,5,0,10,5
"1082",7,6,2,5,4
"1083",5,7,7,5,0
"1084",5,6,3,5,3
"1085",10,0,0,8,0
"1086",8,6,4,8,0
"1088",4,5,6,5,0
"1089",5,2,0,3,3
"1090",8,5,0,8,3
"1091",2,6,9,0,0
"1092",8,6,0,7,7
"1093",10,3,5,3,0
"1094",5,5,0,3,2
"1095",4,9,5,3,0
"1096",5,4,4,2,0
"1097",10,3,2,9,0
"1099",8,3,5,5,2
"1100",5,5,6,5,5
"1101",10,2,0,8,0
"1102",1,1,5,4,4
"1103",8,2,0,9,0
"1104",7,3,2,5,7
"1105",5,0,0,5,10
"1106",3,5,3,3,1
"1107",3,5,5,2,0
"1108",6,10,8,5,9
"1109",0,9,8,0,0
"1110",5,10,0,0,0
"1111",1,9,7,1,0
"1112",0,9,10,1,0
"1113",5,8,10,4,0
"1114",9,4,0,8,1
"1115",9,2,5,5,5
"1116",7,0,0,7,10
"1117",0,10,4,1,0
"1118",1,6,9,1,0
"1119",10,0,0,10,0
"1120",0,6,0,0,0
"1121",1,7,2,3,0
"1122",5,7,5,5,0
"1123",6,4,6,3,0
"1124",2,7,9,1,0
"1125",6,6,0,0,6
"1126",5,8,5,5,5
"1127",0,5,5,2,5
"1128",5,7,8,5,0
"1129",9,7,5,5,3
"1130",5,7,6,5,4
"1131",6,2,0,3,5
"1132",10,10,0,0,0
"1133",2,7,6,0,0
"1134",3,9,8,3,0
"1135",0,8,9,0,0
"1136",1,0,5,5,0
"1137",6,8,7,6,0
"1138",7,7,7,7,3
"1139",2,8,9,1,0
"1140",4,9,7,4,1
"1141",10,2,0,10,5
"1142",9,4,2,7,9
"1143",0,10,0,1,0
"1144",4,10,9,1,0
"1145",5,6,1,4,3
"1146",7,5,2,3,0
"1147",0,7,9,0,0
"1148",6,0,0,6,9
"1149",5,5,5,5,5
"1150",7,5,4,6,2
"1151",9,2,0,8,3
"1152",10,1,5,10,5
"1153",10,9,3,9,2
"1154",9,1,1,5,4
"1155",9,0,1,1,1
"1156",3,9,2,0,2
"1157",3,4,0,4,2
"1158",8,7,0,7,8
"1159",8,4,0,7,8
"1160",3,10,9,5,3
"1161",6,6,6,3,5
"1162",10,8,8,8,2
"1163",7,4,3,7,6
"1164",10,1,2,10,2
"1165",4,2,2,3,8
"1166",8,7,5,5,0
"1167",5,5,5,4,1
"1168",3,7,5,1,0
"1169",1,4,5,2,0
"1170",3,7,4,1,0
"1171",10,5,0,7,4
"1172",9,3,0,10,6
"1173",8,3,2,4,1
"1174",4,9,6,3,0
"1175",0,10,4,4,4
"1176",3,9,8,3,1
"1177",5,5,5,5,0
"1178",10,1,5,5,9
"1179",2,10,5,5,5
"1180",0,10,8,0,0
"1181",0,7,7,1,0
"1182",2,7,7,4,0
"1183",7,9,7,5,6
"1184",7,6,3,4,3
"1185",6,3,0,4,0
"1186",3,8,3,3,1
"1187",4,2,10,4,0
"1188",4,8,4,2,0
"1189",10,0,0,0,0
"1190",7,6,3,4,8
"1191",2,7,10,4,0
"1192",4,6,4,3,0
"1193",5,7,6,6,0
"1194",7,0,3,7,0
"1195",6,4,2,4,4
"1196",8,5,4,8,6
"1197",1,6,8,1,0
"1198",4,10,6,4,3
"1199",5,9,10,6,0
"1200",10,3,1,9,2
"1201",6,7,9,6,2
"1202",7,3,8,2,0
"1203",4,6,7,3,0
"1204",6,4,5,4,3
"1205",8,3,10,7,0
"1206",8,7,7,7,0
"1207",0,8,7,0,0
"1208",3,8,9,2,0
"1210",4,4,4,5,4
"1211",8,7,5,8,2
"1212",6,8,5,5,0
"1213",3,3,4,2,0
"1214",5,5,6,5,0
"1215",10,3,3,8,1
"1216",5,0,0,5,0
"1217",7,0,0,8,8
"1218",8,1,0,9,4
"1219",4,6,8,3,0
"1220",6,8,7,0,0
"1221",6,6,3,3,0
"1222",8,1,0,2,2
"1223",10,0,0,10,7
"1224",9,3,4,8,4
"1225",4,3,3,4,10
"1226",3,3,5,1,0
"1227",4,6,7,0,0
"1228",0,0,0,0,0
"1229",0,8,7,0,0
"1230",4,5,7,2,0
"1231",10,0,0,9,5
"1232",2,7,6,1,10
"1234",2,7,10,3,7
"1235",10,3,4,10,7
"1236",0,6,7,0,0
"1237",3,8,6,3,0
"1238",3,7,7,2,0
"1240",5,8,7,2,0
"1241",8,4,2,8,2
"1242",1,6,3,0,0
"1243",3,10,0,2,0
"1244",8,5,10,2,0
"1245",7,2,0,5,4
"1246",0,8,8,0,0
"1247",0,10,1,0,0
"1248",8,4,5,0,0
"1249",5,5,5,5,5
"1250",2,7,0,0,0
"1251",9,8,6,10,6
"1252",7,0,0,7,0
"1253",10,2,0,7,6
"1254",8,0,4,8,0
"1255",0,9,8,0,0
"1256",6,5,1,5,5
"1257",5,0,0,2,8
"1258",10,4,2,7,4
"1259",3,9,9,3,0
"1260",6,4,4,6,6
"1261",0,6,8,0,0
"1263",5,5,5,5,1
"1264",2,7,7,4,0
"1265",0,0,8,0,0
"1266",2,10,9,4,1
"1267",1,9,10,0,0
"1268",5,0,0,0,10
"1269",6,5,3,4,7
"1270",0,3,8,0,0
"1271",1,2,2,1,1
"1272",10,0,0,1,1
"1273",8,0,0,5,2
"1274",7,5,0,7,0
"1275",9,8,6,10,4
"1276",6,5,5,5,0
"1277",7,0,0,8,6
"1278",6,8,9,7,0
"1279",9,1,0,9,2
"1280",0,10,5,3,0
"1281",8,0,0,8,0
"1282",0,10,7,0,0
"1283",8,2,0,8,6
"1284",6,7,5,4,2
"1285",0,0,0,0,7
"1286",0,8,8,0,0
"1287",0,8,8,0,0
"1288",9,2,1,8,9
"1289",8,6,5,5,3
"1290",5,5,7,5,5
"1291",10,3,3,8,0
"1292",4,10,7,5,0
"1293",2,7,5,0,0
"1294",9,6,4,8,0
"1295",4,8,7,0,0
"1296",0,6,9,0,0
"1297",0,0,0,0,0
"1298",7,6,4,6,0
"1299",7,6,5,5,5
"1300",4,6,9,3,0
"1301",6,10,9,5,0
"1302",6,7,0,0,0
"1303",6,6,6,0,0
"1305",10,7,0,10,7
"1306",10,4,5,8,2
"1307",6,5,6,7,5
"1308",2,10,10,1,0
"1309",5,5,5,5,3
"1310",8,5,1,9,0
"1311",8,3,0,8,0
"1312",5,5,5,5,5
"1313",6,9,7,5,0
"1314",0,7,0,0,0
"1315",3,7,6,2,2
"1316",5,6,5,0,0
"1317",8,4,2,5,5
"1318",4,8,7,6,0
"1319",5,10,8,3,0
"1320",8,4,7,3,2
"1321",10,2,0,9,2
"1322",7,3,0,7,8
"1324",5,1,1,5,1
"1325",9,0,0,10,10
"1326",9,0,0,8,8
"1327",6,7,6,5,4
"1328",10,1,1,8,1
"1329",7,5,5,5,0
"1330",3,10,8,2,0
"1331",10,4,0,10,7
"1332",5,5,5,5,5
"1333",7,7,5,7,1
"1334",10,2,1,9,9
"1335",5,7,7,7,0
"1336",9,2,2,4,5
"1337",2,10,9,0,0
"1338",9,1,4,5,7
"1339",10,3,1,8,0
"1340",0,7,8,0,0
"1341",6,7,5,3,0
"1342",8,7,1,5,4
"1343",5,5,0,7,8
"1344",4,7,2,3,0
"1345",0,3,4,0,0
"1346",10,1,0,8,8
"1347",8,4,3,9,5
"1348",10,4,0,2,5
"1349",6,3,1,7,5
"1350",6,7,7,5,0
"1351",5,4,1,6,1
"1352",2,4,2,2,2
"1353",6,5,5,6,8
"1354",10,0,7,10,4
"1355",2,10,10,10,2
"1356",1,1,1,1,1
"1357",6,7,8,5,3
"1358",4,1,1,6,10
"1359",9,7,8,7,5
"1360",7,4,0,8,4
"1361",5,5,0,5,10
"1362",3,10,6,4,0
"1363",1,1,1,1,10
"1364",9,5,4,7,7
"1365",2,10,4,4,0
"1366",8,3,2,7,8
"1367",8,0,0,7,5
"1368",3,4,5,0,1
"1369",8,3,2,6,6
"1370",5,6,3,5,0
"1371",2,10,0,0,7
"1372",10,6,5,5,10
"1373",5,7,6,3,0
"1374",10,3,6,9,5
"1375",6,3,7,4,0
"1376",6,5,2,3,3
"1377",0,4,5,4,3
"1378",5,5,5,4,0
"1379",1,9,8,5,0
"1380",5,5,5,5,5
"1381",8,6,4,6,5
"1382",9,7,8,5,9
"1383",6,10,9,2,0
"1385",3,9,8,1,0
"1386",7,4,4,3,1
"1387",10,6,0,6,7
"1388",10,0,0,8,5
"1389",7,2,1,2,1
"1390",7,8,3,4,2
"1391",0,10,10,0,0
"1392",2,10,10,0,0
"1393",6,3,7,3,8
"1394",6,1,0,6,6
"1395",5,2,0,4,2
"1396",8,0,1,3,3
"1398",7,3,1,6,6
"1399",7,3,1,8,8
"1400",5,8,7,4,0
"1401",7,3,0,4,4
"1402",5,9,9,3,0
"1403",5,5,5,5,3
"1404",0,9,8,0,0
"1405",4,7,6,4,0
"1407",8,4,3,5,1
"1408",6,5,9,6,1
"1409",6,5,4,4,1
"1410",9,5,1,8,1
"1411",4,4,8,4,4
"1412",2,7,8,1,0
"1413",8,1,1,6,6
"1414",5,6,6,4,6
"1415",0,10,5,5,7
"1416",8,8,5,5,0
"1417",5,7,9,5,0
"1418",5,3,3,7,3
"1419",4,9,9,5,0
"1420",5,7,4,5,0
"1421",3,7,10,2,2
"1423",4,7,7,2,0
"1424",5,5,5,5,0
"1425",9,4,6,7,0
"1426",8,6,0,0,0
"1427",9,0,0,7,6
"1428",10,1,0,10,0
"1429",8,8,1,6,6
"1430",6,6,6,10,0
"1431",1,10,7,1,0
"1432",5,5,3,3,0
"1433",3,7,7,5,5
"1434",7,0,1,6,6
"1435",4,8,5,4,0
"1436",4,6,8,0,0
"1437",1,7,10,1,0
"1438",3,4,7,2,0
"1439",7,5,3,7,5
"1440",8,3,0,0,0
"1441",8,5,0,8,2
"1442",4,8,4,6,2
"1443",2,5,2,2,0
"1444",4,10,5,4,5
"1445",9,8,7,3,0
"1446",6,5,1,1,9
"1447",5,5,5,5,1
"1448",7,7,7,0,0
"1449",7,7,3,5,2
"1450",5,8,5,5,5
"1451",6,7,6,5,1
"1452",10,1,4,10,6
"1453",5,10,3,1,1
"1454",5,6,5,6,0
"1455",10,4,0,4,10
"1456",6,4,1,0,0
"1457",4,9,7,4,0
"1458",10,0,0,10,8
"1459",7,5,6,6,5
"1460",4,4,4,4,0
"1461",3,8,10,3,0
"1462",10,2,0,6,0
"1463",10,0,0,9,10
"1464",8,6,8,0,0
"1465",1,6,8,1,0
"1467",9,8,7,8,2
"1468",8,5,0,7,1
"1469",2,1,0,10,2
"1470",3,3,3,3,0
"1471",10,1,0,10,9
"1472",10,0,0,10,7
"1473",10,3,0,7,3
"1474",3,7,6,4,6
"1475",10,2,1,10,1
"1476",0,3,8,2,0
"1477",9,0,0,8,5
"1478",5,5,5,5,8
"1479",9,2,0,7,4
"1480",6,3,0,7,0
"1481",2,7,8,5,0
"1482",5,5,5,5,5
"1483",0,5,5,5,10
"1484",3,6,4,3,0
"1485",7,7,5,2,3
"1486",3,7,1,5,0
"1487",5,7,1,4,8
"1488",10,2,0,10,0
"1489",7,0,0,7,7
"1490",0,5,1,5,10
"1491",1,10,9,4,0
"1492",3,3,4,2,3
"1493",7,4,5,6,3
"1494",6,6,5,5,3
"1495",0,8,10,0,0
"1496",0,5,0,0,0
"1497",7,4,7,2,2
"1498",3,9,8,4,0
"1499",6,3,3,5,1
"1500",9,0,0,10,0
"1501",3,7,5,3,0
"1502",8,5,2,5,1
"1503",2,8,6,2,0
"1504",3,5,3,8,6
"1505",6,3,5,6,0
"1506",2,1,0,2,1
"1507",1,7,8,2,0
"1508",9,1,4,5,2
"1509",0,7,10,1,0
"1510",10,0,0,10,1
"1511",10,0,0,10,0
"1512",4,4,8,4,0
"1513",0,0,0,5,10
"1514",7,0,0,10,2
"1515",7,5,2,7,1
"1516",4,2,0,2,0
"1517",1,8,8,7,4
"1518",0,10,10,0,0
"1519",7,4,6,5,1
"1520",1,1,4,8,10
"1521",0,6,10,0,0
"1522",7,3,0,5,6
"1523",0,6,6,0,0
"1524",5,1,0,5,9
"1525",1,6,5,2,1
"1526",0,5,2,0,0
"1527",2,8,7,3,0
"1528",3,6,4,1,0
"1529",3,6,8,3,0
"1530",6,8,8,0,0
"1531",2,6,8,1,0
"1532",0,0,10,0,0
"1533",4,8,10,4,0
"1534",0,0,7,0,0
"1535",8,5,4,6,0
"1536",2,10,7,1,0
"1537",4,5,8,3,0
"1538",9,6,4,4,5
"1539",10,5,1,5,4
"1540",7,8,7,7,4
"1541",8,6,8,7,5
"1542",7,3,6,6,3
"1543",9,0,0,10,0
"1544",0,7,10,0,0
"1545",3,5,6,1,0
"1546",10,5,0,10,2
"1547",2,8,7,0,0
"1548",5,5,3,5,4
"1549",0,8,7,0,3
"1550",5,5,5,5,4
"1551",3,7,5,3,0
"1552",5,5,7,5,0
"1553",5,7,8,6,5
"1554",1,3,9,1,0
"1555",8,8,6,10,0
"1557",10,1,0,8,2
"1558",10,9,2,8,6
"1559",9,10,2,2,2
"1560",10,0,0,10,4
"1561",9,2,0,7,5
"1562",6,2,2,2,2
"1563",7,1,0,5,2
"1564",7,1,0,6,2
"1565",0,7,9,0,0
"1566",5,7,4,0,0
"1567",1,10,10,2,0
"1568",9,0,0,8,8
"1569",9,2,3,9,7
"1570",9,2,5,7,3
"1571",5,5,2,5,5
"1572",4,6,7,4,1
"1573",5,9,9,5,0
"1574",7,4,4,6,0
"1575",3,5,6,3,1
"1576",2,8,7,1,0
"1577",8,2,5,6,0
"1578",7,7,7,5,3
"1580",5,9,5,5,1
"1582",10,1,0,10,9
"1583",8,8,5,6,4
"1584",8,6,6,7,2
"1585",5,8,5,5,5
"1586",7,4,4,7,3
"1587",0,10,6,0,0
"1588",9,0,0,8,6
"1589",5,8,8,5,7
"1590",5,6,9,5,2
"1591",5,10,5,5,0
"1592",1,1,4,10,10
"1593",5,6,6,2,0
"1594",5,5,5,5,0
"1595",4,7,8,5,0
"1596",6,9,4,8,4
"1597",8,5,0,10,5
"1598",8,4,0,4,7
"1599",8,7,1,9,8
"1600",3,8,7,3,0
"1601",9,6,8,9,10
"1602",0,0,6,0,0
"1603",0,10,7,0,5
"1604",1,5,5,5,5
"1605",10,0,0,8,1
"1606",6,3,0,6,5
"1607",10,2,0,6,6
"1608",7,1,5,1,0
"1609",4,6,10,3,0
"1610",3,8,8,3,3
"1611",7,7,3,7,0
"1612",9,4,1,8,8
"1613",7,6,6,8,1
"1614",5,5,0,2,1
"1615",6,7,4,5,1
"1616",5,5,5,5,5
"1617",0,10,6,4,0
"1618",10,3,4,9,1
"1619",10,0,0,10,5
"1620",0,7,10,2,0
"1621",8,3,0,8,3
"1622",5,10,3,2,2
"1623",0,8,8,0,0
"1624",2,8,8,0,0
"1625",8,0,0,7,7
"1626",6,7,1,4,2
"1627",5,3,1,3,4
"1628",0,8,7,0,0
"1629",7,0,0,5,5
"1630",6,7,6,4,0
"1631",4,8,5,5,10
"1632",3,3,3,3,0
"1633",3,10,7,3,0
"1634",3,7,5,3,0
"1635",4,5,6,4,2
"1636",8,6,7,6,2
"1637",10,5,5,5,0
"1638",4,8,7,5,5
"1639",5,5,1,3,4
"1640",3,7,9,2,0
"1641",7,8,9,3,0
"1642",7,5,10,0,0
"1643",3,3,8,6,6
"1644",10,0,0,9,8
"1645",0,10,2,0,4
"1646",5,7,3,3,1
"1647",2,3,5,2,0
"1648",10,0,0,10,6
"1649",2,8,9,2,0
"1650",7,3,0,9,5
"1651",3,4,0,3,6
"1652",0,4,8,0,0
"1653",2,10,7,2,4
"1654",10,5,8,5,8
"1655",7,6,2,2,1
"1656",8,3,2,7,5
"1657",5,5,4,4,0
"1658",8,8,1,9,0
"1659",10,0,0,5,3
"1660",5,3,6,1,0
"1661",1,1,1,1,1
"1662",0,2,1,0,0
"1663",0,0,0,0,0
"1664",7,0,4,7,9
"1665",4,1,0,5,10
"1666",3,4,8,4,3
"1667",2,7,4,0,0
"1668",5,6,8,4,0
"1669",8,7,6,6,1
"1670",2,9,8,3,0
"1671",1,9,9,3,0
"1672",2,2,0,0,9
"1673",4,6,7,0,0
"1674",7,3,0,5,10
"1676",6,5,4,3,1
"1677",0,4,3,0,0
"1678",9,3,0,9,6
"1679",5,5,8,8,0
"1680",2,3,8,0,0
"1681",6,8,7,5,5
"1682",2,8,3,2,1
"1683",4,3,5,4,9
"1684",1,6,9,1,0
"1685",0,2,0,0,10
"1686",0,7,8,0,0
"1687",7,4,0,5,4
"1688",7,2,8,0,0
"1689",0,6,6,0,0
"1690",10,0,0,9,0
"1691",0,10,10,0,0
"1692",5,7,3,6,3
"1693",5,5,8,5,3
"1694",2,0,0,0,0
"1695",5,5,2,5,5
"1696",5,8,6,3,2
"1697",0,1,7,0,0
"1698",3,8,5,5,0
"1699",7,3,0,7,0
"1700",10,0,0,9,0
"1701",0,7,7,0,0
"1702",5,5,5,5,0
"1703",8,1,0,6,10
"1704",0,0,0,0,0
"1705",8,1,4,5,4
"1706",3,7,5,3,0
"1707",6,3,6,5,5
"1708",10,4,2,5,4
"1709",2,0,0,2,10
"1710",2,5,5,0,0
"1711",7,6,1,7,3
"1712",4,0,0,0,10
"1713",0,0,1,0,3
"1714",6,5,0,8,6
"1715",1,5,3,5,3
"1716",0,8,7,0,0
"1717",5,8,8,6,8
"1718",4,9,5,4,3
"1719",5,5,5,5,0
"1720",3,8,6,5,8
"1721",7,5,5,8,0
"1722",8,7,5,8,7
"1723",7,7,4,5,0
"1724",6,6,4,5,0
"1725",7,6,6,4,3
"1726",10,2,0,10,0
"1727",10,5,3,9,2
"1728",1,8,9,1,0
"1729",6,4,3,5,5
"1730",4,7,5,5,6
"1731",9,4,6,9,2
"1733",2,8,8,0,0
"1734",7,8,8,5,0
"1735",7,8,2,4,2
"1736",8,4,6,8,5
"1737",3,5,7,2,0
"1738",8,7,4,3,1
"1739",10,0,0,10,6
"1740",7,3,3,2,4
"1741",9,1,2,7,2
"1742",10,2,2,2,2
"1743",2,8,5,5,0
"1744",3,8,6,0,0
"1745",7,5,6,5,0
"1746",10,6,3,8,5
"1747",10,1,1,10,3
"1748",0,1,10,0,0
"1749",4,5,9,8,7
"1750",3,7,8,3,0
"1751",8,3,1,8,6
"1752",9,2,5,2,0
"1753",2,9,8,0,0
"1754",8,5,0,8,1
"1755",5,4,5,4,0
"1756",5,10,5,0,0
"1757",6,6,6,5,4
"1758",9,3,5,8,6
"1759",2,6,1,2,8
"1761",1,5,6,1,0
"1762",7,3,4,5,0
"1763",0,8,10,0,0
"1764",1,8,5,1,2
"1765",3,4,7,5,1
"1766",0,4,4,0,0
"1767",10,1,7,0,5
"1768",9,4,0,7,2
"1769",3,4,6,3,1
"1770",5,5,0,4,2
"1771",5,7,7,5,0
"1772",9,3,0,9,5
"1773",4,9,2,3,5
"1774",1,7,8,0,0
"1775",6,8,7,4,3
"1776",9,2,1,8,1
"1777",8,7,7,0,0
"1778",7,3,0,7,0
"1779",7,2,1,10,2
"1780",10,0,0,10,2
"1781",6,0,7,3,6
"1782",1,7,7,3,3
"1783",9,5,6,7,6
"1784",6,8,7,6,1
"1785",7,9,7,5,4
"1786",4,7,5,4,3
"1787",4,5,8,4,0
"1788",9,2,4,7,3
"1790",5,3,2,4,0
"1791",6,8,3,5,8
"1792",10,0,0,0,5
"1793",4,7,4,1,1
"1794",7,6,3,7,3
"1795",3,6,4,3,2
"1796",8,8,9,9,9
"1797",6,9,8,6,0
"1798",10,3,4,2,0
"1799",4,7,0,3,0
"1800",8,0,0,10,1
"1801",8,2,0,9,1
"1802",7,3,3,6,2
"1803",2,5,0,2,5
"1804",8,8,5,3,7
"1806",8,9,5,4,4
"1807",2,5,4,4,5
"1808",5,5,2,5,3
"1809",4,4,2,3,1
"1810",0,0,0,0,1
"1811",5,4,9,6,9
"1812",6,6,8,5,10
"1813",0,7,7,0,0
"1814",6,6,5,5,0
"1815",9,0,0,9,5
"1816",8,6,5,10,0
"1817",8,8,5,3,0
"1818",6,8,4,4,0
"1819",10,5,5,5,5
"1820",5,10,9,5,0
"1821",9,5,0,4,0
"1822",7,2,0,3,10
"1823",4,4,4,4,4
"1824",2,5,8,1,0
"1825",3,7,7,3,0
"1826",5,9,8,3,0
"1827",0,4,9,1,0
"1828",8,7,6,5,5
"1829",5,5,0,4,3
"1830",10,0,5,10,5
"1831",9,4,0,8,5
"1832",1,9,7,1,1
"1833",5,5,7,5,5
"1834",8,6,5,7,4
"1835",0,9,8,0,0
"1836",5,6,10,0,0
"1837",7,7,8,5,0
"1838",8,3,7,5,7
"1839",4,6,6,3,2
"1840",0,7,6,4,3
"1841",3,8,5,3,0
"1842",7,0,0,6,5
"1843",9,7,6,7,4
"1844",5,5,5,5,5
"1845",10,3,0,9,9
"1846",10,4,6,9,4
"1847",7,4,0,7,0
"1848",7,6,1,1,1
"1849",1,8,9,1,0
"1850",10,1,0,7,5
"1851",5,8,5,5,3
"1852",10,0,0,0,0
"1853",5,5,5,5,5
"1854",5,8,7,4,2
"1855",0,7,8,1,0
"1857",9,3,5,7,5
"1858",6,7,10,5,0
"1859",8,6,6,8,0
"1860",7,8,1,7,0
"1861",5,9,6,2,0
"1862",3,8,5,2,10
"1863",6,5,10,2,1
"1864",7,4,1,5,5
"1865",7,2,9,5,0
"1866",3,4,5,5,2
"1867",2,8,10,1,0
"1868",10,6,5,4,0
"1869",7,6,5,7,7
"1870",0,10,5,0,0
"1871",9,2,1,9,0
"1872",3,7,1,8,7
"1873",3,3,3,3,0
"1874",7,7,6,7,2
"1875",4,2,0,2,1
"1876",0,0,0,0,0
"1877",5,5,7,0,0
"1878",5,6,5,2,0
"1879",0,5,5,0,0
"1880",4,6,5,5,2
"1881",2,10,10,1,0
"1882",2,8,9,2,0
"1883",9,3,4,8,7
"1884",4,8,9,2,0
"1885",5,7,7,5,1
"1886",0,10,10,0,0
"1887",2,8,5,3,0
"1888",10,2,0,8,0
"1890",6,2,3,5,4
"1891",8,5,5,5,3
"1892",6,6,5,0,0
"1893",0,5,5,0,0
"1894",7,0,0,3,0
"1895",3,7,8,1,0
"1896",0,9,10,0,0
"1897",8,1,0,8,2
"1898",5,3,3,5,0
"1899",0,10,0,0,0
"1900",7,0,2,7,5
"1901",7,9,2,6,6
"1902",3,8,8,0,0
"1903",10,4,6,10,5
"1904",3,2,0,0,0
"1906",2,7,8,2,0
"1907",6,5,5,5,1
"1908",3,7,5,4,0
"1909",9,2,5,8,9
"1910",0,9,10,0,0
"1911",7,3,0,6,9
"1912",5,7,5,5,1
"1913",7,2,0,7,6
"1914",3,5,6,3,1
"1915",2,8,9,2,1
"1916",9,3,3,9,10
"1917",0,0,0,0,5
"1918",5,10,10,5,1
"1919",4,3,8,3,0
"1920",4,9,8,1,2
"1921",2,8,9,5,1
"1922",6,6,6,5,0
"1923",5,5,10,1,0
"1925",7,2,5,0,0
"1926",8,0,1,8,6
"1927",10,0,0,8,0
"1928",5,6,7,4,0
"1929",4,9,8,3,1
"1930",1,0,7,1,1
"1931",2,4,4,0,0
"1932",10,0,5,5,0
"1933",10,5,0,10,7
"1934",0,10,7,0,0
"1935",7,0,0,7,6
"1936",10,0,0,10,5
"1937",4,4,3,1,0
"1938",4,8,8,4,0
"1939",5,7,5,5,3
"1940",4,8,8,3,0
"1941",7,5,8,7,0
"1942",3,10,8,3,1
"1944",9,1,1,7,2
"1945",0,7,7,0,0
"1946",5,0,0,0,10
"1947",3,4,4,4,0
"1949",0,3,7,0,0
"1950",4,5,3,4,5
"1951",2,6,3,2,0
"1952",5,5,5,6,0
"1954",0,7,10,0,0
"1955",10,2,0,10,8
"1956",8,9,5,6,6
"1957",6,8,8,8,10
"1958",7,6,5,4,0
"1959",10,4,4,6,4
"1960",10,0,0,5,7
"1961",4,9,5,5,2
"1962",8,4,1,8,5
"1963",10,0,0,0,10
"1964",0,10,10,0,0
"1965",8,3,0,4,1
"1966",5,8,7,5,4
"1967",0,10,5,5,5
"1968",5,5,5,5,5
"1969",7,5,1,5,4
"1970",9,6,5,7,0
"1971",8,0,0,6,5
"1972",6,6,7,8,8
"1973",10,0,5,5,5
"1974",0,10,10,0,0
"1975",0,10,5,0,0
"1976",5,6,8,5,2
