"","cand_A","cand_B","cand_C","cand_D","cand_E","cand_F","cand_G"
"4183",4,4,7,5,4,8,5
"4185",6,1,8,6,1,6,0
"4187",3,7,5,1,7,6,0
"4189",3,10,5,3,3,3,3
"4190",4,7,7,0,6,5,0
"4192",1,1,3,0,1,6,1
"4193",3,9,6,0,6,6,1
"4196",2,2,5,3,1,2,2
"4197",0,0,0,0,0,2,0
"4198",0,0,6,6,6,5,5
"4199",10,0,0,0,0,0,0
"4200",5,6,7,1,3,2,2
"4201",7,5,6,2,5,6,0
"4203",4,0,10,0,6,0,0
"4204",1,1,1,10,1,1,1
"4205",5,5,3,5,1,1,3
"4206",7,1,8,2,3,1,0
"4207",10,1,5,7,1,1,0
"4208",3,6,8,1,7,2,1
"4212",9,0,5,7,4,7,7
"4213",4,8,4,1,8,7,1
"4214",2,5,2,0,5,5,0
"4215",8,0,7,3,4,5,0
"4216",8,1,1,1,2,1,1
"4218",0,7,3,0,0,5,0
"4219",3,8,8,2,5,7,2
"4220",6,4,5,9,7,6,0
"4222",4,1,10,6,3,4,3
"4224",10,0,0,0,3,0,0
"4226",8,4,10,4,6,8,0
"4228",0,0,7,0,7,0,0
"4230",4,9,5,0,6,3,0
"4231",1,1,1,0,1,1,0
"4232",0,8,3,0,1,5,0
"4239",0,2,0,0,10,1,1
"4240",1,8,7,2,5,5,0
"4241",7,2,5,0,4,2,2
"4242",4,5,5,0,5,4,0
"4243",6,4,0,4,5,8,6
"4244",4,5,3,1,10,5,1
"4245",9,4,10,6,2,6,2
"4246",2,9,5,2,9,9,0
"4247",7,4,7,0,5,7,0
"4249",5,0,4,10,3,0,0
"4250",5,5,5,5,5,5,5
"4254",10,1,8,7,7,8,0
"4256",0,0,0,0,0,0,0
"4258",3,5,7,0,8,5,0
"4259",7,0,1,0,1,5,0
"4260",2,9,5,1,6,4,0
"4261",10,4,7,3,5,7,0
"4262",8,3,5,4,6,4,2
"4263",5,2,7,2,5,6,1
"4264",7,4,9,1,6,4,2
"4266",4,2,5,2,6,6,5
"4267",0,2,8,5,8,3,3
"4268",7,2,7,0,4,4,0
"4269",0,9,3,0,2,2,3
"4270",7,6,6,0,4,7,0
"4271",2,2,5,0,10,5,0
"4272",10,1,6,5,6,6,3
"4273",6,2,4,7,1,4,4
"4274",8,0,1,1,1,3,0
"4276",2,8,8,2,0,8,2
"4277",1,7,4,0,8,7,0
"4278",0,0,0,0,0,0,0
"4279",5,3,5,0,8,4,0
"4280",5,6,3,2,3,5,0
"4282",5,5,3,5,5,5,5
"4284",1,10,0,1,5,8,5
"4285",9,4,7,7,4,4,7
"4288",0,0,0,10,3,3,2
"4290",8,3,9,7,3,3,0
"4296",9,0,7,10,0,4,0
"4297",6,2,6,4,5,0,0
"4299",10,4,5,0,2,0,0
"4300",6,1,9,4,2,6,0
"4301",0,5,5,0,10,0,0
"4304",0,7,0,0,5,5,0
"4305",9,5,7,8,6,6,1
"4306",5,5,8,0,8,6,0
"4307",2,6,5,1,4,4,7
"4310",5,0,5,10,2,5,0
"4311",10,0,5,0,0,5,0
"4312",5,8,8,0,6,8,4
"4315",4,0,2,0,4,0,0
"4316",6,3,6,3,5,6,0
"4317",0,0,10,10,0,0,0
"4318",7,5,6,1,6,2,0
"4320",10,0,7,0,5,6,0
"4321",5,1,3,0,2,2,0
"4324",2,8,3,0,4,0,0
"4325",10,2,5,9,2,4,1
"4326",7,2,4,2,2,6,0
"4328",0,10,0,0,3,1,5
"4329",2,6,5,0,7,8,0
"4332",9,0,2,9,0,0,5
"4335",0,1,0,0,1,0,0
"4336",0,8,3,4,3,0,10
"4337",3,9,7,3,3,5,0
"4338",10,0,10,0,0,0,0
"4342",7,1,6,2,4,1,0
"4343",4,5,5,3,8,4,3
"4344",2,7,10,2,8,4,2
"4345",2,7,6,0,5,8,0
"4347",2,2,8,0,7,5,0
"4348",4,2,7,8,1,1,0
"4349",5,6,3,4,8,4,5
"4351",0,0,2,0,0,0,0
"4352",7,3,7,0,9,0,0
"4353",1,8,6,0,5,1,4
"4355",4,2,6,9,2,0,0
"4356",4,9,7,0,6,4,0
"4357",3,7,2,4,1,5,3
"4358",7,0,9,0,0,7,0
"4359",0,8,0,0,7,5,2
"4360",5,0,8,0,8,7,0
"4361",1,9,0,0,7,0,0
"4366",0,10,4,0,5,1,0
"4367",3,3,3,4,3,4,3
"4369",8,3,5,3,4,3,0
"4370",5,1,7,3,2,1,2
"4371",6,6,5,0,5,5,0
"4373",6,3,1,2,2,5,2
"4374",6,3,4,4,3,3,4
"4376",0,0,8,8,0,0,0
"4380",0,0,7,9,0,0,0
"4381",10,2,5,9,5,6,7
"4382",5,6,5,5,5,5,5
"4384",7,6,6,7,4,3,2
"4386",0,0,2,10,1,3,1
"4387",0,0,7,10,5,5,0
"4388",0,8,3,1,5,1,3
"4389",0,4,5,0,9,3,0
"4390",9,0,7,8,7,0,0
"4391",5,5,5,5,5,5,6
"4394",6,4,8,2,3,3,1
"4395",3,5,2,1,3,3,1
"4396",3,3,4,4,3,4,4
"4397",0,0,0,10,0,0,10
"4399",5,5,6,3,3,7,0
"4400",0,2,2,7,5,0,4
"4402",8,3,6,9,8,10,3
"4403",2,6,8,0,2,8,0
"4404",4,0,3,10,0,0,0
"4405",0,5,3,0,5,6,0
"4406",6,1,4,7,2,4,5
"4408",4,8,0,0,6,6,0
"4410",0,8,2,0,5,3,7
"4411",5,9,6,1,1,5,1
"4412",6,2,10,8,4,2,0
"4413",8,3,9,8,6,6,0
"4414",9,2,8,8,8,8,0
"4415",5,1,5,7,5,9,0
"4416",9,5,8,0,10,0,0
"4417",2,8,2,0,3,2,0
"4418",6,3,5,1,8,1,1
"4419",7,1,9,6,4,5,0
"4420",0,3,5,10,4,3,3
"4423",7,5,5,10,5,5,5
"4425",7,2,7,2,3,7,2
"4426",0,0,0,0,0,0,0
"4427",3,2,8,4,1,3,0
"4429",6,8,4,0,7,2,0
"4431",4,7,3,2,5,4,3
"4432",3,6,7,0,4,8,0
"4434",9,0,5,8,1,1,1
"4435",9,4,8,0,5,4,0
"4436",1,8,7,0,6,4,3
"4437",6,3,7,0,4,6,0
"4438",0,9,0,0,4,7,7
"4440",0,1,8,0,4,9,0
"4442",3,2,8,5,3,8,0
"4443",1,7,6,0,8,6,0
"4444",8,0,6,5,1,3,0
"4445",0,10,0,0,0,0,0
"4446",4,1,8,5,4,3,0
"4447",7,1,3,4,4,4,1
"4448",0,0,0,0,0,0,0
"4449",4,4,7,0,4,3,1
"4450",0,2,1,0,1,0,2
"4451",1,8,3,1,4,2,1
"4454",0,4,2,8,3,4,4
"4456",7,5,8,3,8,9,0
"4457",0,6,5,0,0,3,0
"4459",10,0,5,8,5,4,3
"4460",2,8,3,0,6,2,1
"4461",3,7,3,0,5,0,0
"4467",9,2,5,2,1,1,0
"4468",3,0,5,8,0,0,0
"4469",0,10,3,0,3,3,2
"4470",9,5,8,5,5,5,5
"4471",7,5,7,2,8,5,1
"4474",8,4,9,7,4,7,1
"4475",6,3,6,2,0,4,0
"4476",0,7,5,0,5,1,5
"4477",7,2,9,6,5,4,0
"4479",4,4,0,4,4,3,2
"4480",5,7,3,4,8,2,2
"4481",8,8,3,0,8,3,0
"4482",4,9,7,0,7,3,0
"4483",6,0,2,7,2,5,4
"4484",8,0,8,6,0,7,0
"4486",0,6,6,0,7,6,0
"4487",5,6,8,0,6,2,0
"4488",9,6,8,3,4,5,4
"4489",9,6,10,9,6,6,6
"4490",0,10,1,0,7,6,0
"4491",9,0,0,0,0,0,0
"4492",6,6,7,2,4,7,0
"4494",2,2,1,6,2,2,3
"4495",2,7,5,0,7,4,0
"4497",4,6,3,2,5,8,4
"4499",0,5,5,0,5,5,0
"4501",9,0,2,0,2,0,0
"4502",0,7,2,0,2,0,0
"4503",8,5,3,10,3,3,6
"4504",1,5,1,0,2,2,0
"4505",5,0,7,1,0,0,1
"4507",0,8,1,0,6,0,1
"4508",10,0,0,5,0,2,4
"4509",0,7,7,0,10,5,0
"4510",5,8,1,5,2,5,6
"4512",0,7,3,0,0,5,0
"4513",0,6,0,0,0,4,0
"4514",1,2,1,0,2,2,0
"4516",3,3,7,2,5,5,0
"4517",5,0,5,10,3,5,3
"4520",7,7,7,2,7,8,0
"4521",0,0,1,1,0,0,0
"4522",2,2,6,8,0,5,0
"4523",4,10,0,0,4,0,0
"4524",10,0,7,3,3,5,1
"4526",4,2,8,0,5,5,0
"4528",1,7,1,1,5,1,1
"4529",3,3,2,1,3,6,1
"4530",0,8,8,0,0,0,0
"4532",5,1,7,5,8,3,4
"4534",8,2,6,8,6,2,0
"4536",6,5,5,2,5,4,2
"4537",5,5,10,5,5,5,5
"4538",2,8,3,5,3,5,5
"4539",1,3,1,0,1,0,0
"4541",1,7,4,0,6,5,0
"4542",1,4,2,1,4,5,8
"4543",9,7,5,6,5,4,6
"4546",5,1,4,7,2,6,3
"4547",3,2,8,5,5,7,0
"4548",0,9,4,0,6,3,0
"4549",5,3,10,1,4,4,2
"4551",4,8,8,4,6,4,2
"4552",5,7,4,3,5,5,0
"4553",6,0,0,0,3,0,0
"4554",1,10,5,0,5,5,0
"4555",8,0,8,8,0,0,0
"4557",0,0,9,8,5,1,0
"4558",1,5,5,5,1,8,1
"4559",4,7,10,0,1,2,0
"4560",3,5,7,10,6,7,5
"4561",6,5,8,7,5,7,0
"4562",4,5,0,0,4,0,0
"4563",5,7,7,0,4,7,0
"4564",7,4,8,5,5,7,5
"4566",4,1,4,5,3,7,0
"4567",1,9,5,0,3,3,5
"4568",3,1,8,0,3,2,0
"4570",6,4,2,2,2,2,0
"4573",2,8,0,0,3,6,8
"4576",8,7,7,5,7,5,5
"4579",0,7,8,2,5,6,0
"4581",8,4,7,6,4,3,1
"4583",0,1,1,0,1,1,0
"4585",2,7,3,5,1,3,0
"4586",0,4,0,0,0,0,0
"4587",10,0,3,0,0,2,0
"4588",5,8,6,4,6,4,4
"4590",0,0,0,0,0,0,0
"4591",4,4,7,2,5,5,0
"4592",1,3,1,9,1,5,0
"4594",0,9,5,2,6,8,4
"4596",0,1,7,1,6,8,0
"4597",6,3,5,6,6,5,5
"4598",3,5,4,3,5,3,2
"4599",0,5,0,2,0,2,2
"4600",7,0,9,8,0,5,0
"4601",1,1,7,0,10,6,0
"4602",2,10,2,0,4,1,0
"4603",6,6,2,2,4,3,4
"4604",5,6,2,2,6,2,8
"4606",3,7,6,5,9,5,5
"4607",1,0,0,0,0,0,0
"4608",7,0,5,10,0,0,1
"4610",0,6,2,0,3,9,10
"4611",1,6,0,0,3,0,5
"4612",3,3,7,2,5,2,0
"4613",8,2,7,5,5,2,0
"4614",0,5,1,0,2,1,0
"4616",4,7,6,0,4,4,0
"4617",2,7,6,0,7,7,0
"4618",1,0,1,1,0,0,0
"4619",0,0,0,10,0,8,8
"4622",2,6,7,1,3,3,2
"4624",7,4,7,2,7,2,2
"4625",2,7,3,0,7,1,0
"4627",3,9,4,0,1,0,0
"4628",2,9,7,0,3,10,0
"4629",0,0,5,10,0,0,0
"4630",5,0,3,0,5,5,0
"4632",0,8,2,0,5,5,0
"4633",5,0,1,0,2,1,0
"4634",5,8,8,7,8,4,3
"4635",2,2,2,6,2,3,2
"4636",4,0,7,10,2,0,0
"4639",8,1,7,3,3,3,0
"4642",6,4,6,3,4,0,0
"4644",6,2,8,8,2,1,0
"4645",0,3,3,0,5,5,0
"4646",9,4,8,4,4,6,0
"4647",5,5,5,5,5,5,5
"4648",4,4,0,0,5,0,0
"4650",1,7,1,0,6,6,5
"4652",7,5,8,8,4,2,2
"4654",8,1,7,5,6,1,1
"4655",4,4,6,3,7,5,2
"4657",4,2,7,3,4,3,0
"4658",3,5,5,5,5,5,5
"4660",4,0,7,3,1,1,0
"4661",0,1,5,8,1,1,0
"4662",0,1,8,0,8,4,0
"4664",4,4,8,4,7,2,2
"4665",5,8,0,0,3,5,6
"4666",6,0,4,5,2,2,0
"4668",9,5,8,5,8,5,5
"4669",5,4,4,6,4,5,4
"4670",9,0,7,0,2,3,0
"4673",2,7,2,1,8,5,6
"4674",1,4,2,1,1,4,1
"4675",4,8,6,0,6,6,4
"4677",8,3,8,1,4,4,3
"4678",0,0,0,1,0,0,0
"4680",0,0,1,0,0,0,0
"4681",2,5,2,3,2,3,3
"4682",5,3,7,0,1,5,5
"4684",2,2,3,0,1,0,0
"4686",7,5,6,3,6,6,0
"4688",5,5,6,5,9,5,5
"4689",3,9,3,1,4,3,1
"4690",3,5,8,3,7,3,0
"4691",1,8,5,0,4,7,5
"4694",8,7,3,0,3,2,2
"4695",1,2,8,1,5,2,5
"4696",9,0,4,0,2,5,0
"4697",6,0,8,6,5,5,0
"4699",10,0,9,3,4,3,3
"4702",3,3,7,6,3,5,0
"4703",7,0,2,4,0,4,0
"4704",0,0,0,0,0,0,0
"4707",6,7,10,0,7,0,0
"4710",8,1,5,6,1,2,0
"4711",8,4,10,6,2,5,1
"4712",1,9,4,0,1,1,0
"4713",6,2,8,6,4,0,0
"4714",0,0,10,0,2,4,0
"4715",2,5,6,0,6,5,0
"4719",2,9,1,0,3,0,1
"4721",6,2,7,8,4,7,0
"4722",7,4,6,7,5,5,5
"4724",5,5,8,0,4,6,0
"4725",4,3,8,7,5,7,6
"4726",7,4,0,4,8,10,2
"4729",0,0,0,0,8,0,0
"4730",5,5,8,5,10,5,0
"4733",6,1,3,4,1,0,0
"4734",4,2,9,3,2,2,0
"4735",7,0,5,0,5,5,0
"4737",0,10,5,0,5,3,0
"4738",5,3,8,0,1,7,0
"4740",8,4,5,9,5,6,4
"4741",0,10,0,0,6,6,0
"4742",3,3,8,3,6,5,0
"4743",5,6,7,0,6,6,0
"4744",5,8,7,0,7,6,0
"4745",4,4,8,0,4,4,0
"4746",8,4,4,0,4,4,0
"4747",0,2,9,1,2,3,1
"4748",3,3,0,0,0,0,10
"4750",1,8,3,0,2,6,6
"4751",7,6,7,2,7,4,1
"4752",6,0,6,5,3,6,0
"4753",2,7,2,0,6,2,2
"4755",10,0,5,8,0,0,0
"4756",0,5,0,0,2,2,6
"4758",2,7,5,0,3,7,0
"4759",6,5,7,6,5,5,5
"4761",9,0,6,9,3,3,4
"4762",1,7,0,0,3,7,8
"4763",0,7,7,0,5,7,0
"4764",6,7,5,1,8,2,4
"4766",0,8,0,0,0,0,7
"4767",0,8,9,0,0,9,1
"4768",3,3,6,4,4,3,0
"4769",9,7,10,2,8,7,0
"4770",4,4,7,7,7,7,5
"4772",0,5,4,5,7,5,0
"4774",8,2,5,6,3,7,5
"4776",0,8,4,0,3,1,0
"4779",8,2,8,9,7,4,1
"4780",2,7,2,10,0,9,0
"4781",0,0,0,0,0,0,0
"4782",3,8,5,2,10,2,0
"4783",2,7,2,2,4,7,2
"4785",3,5,6,0,6,3,0
"4786",2,8,6,5,6,6,4
"4787",6,3,5,3,5,6,3
"4788",3,9,0,0,1,0,0
"4790",1,6,4,0,4,7,0
"4793",5,5,2,2,8,3,2
"4794",0,10,1,0,5,9,0
"4795",5,3,4,2,9,3,2
"4797",5,1,5,3,5,3,3
"4798",2,9,0,0,9,1,0
"4799",5,0,5,6,6,8,6
"4802",5,1,4,5,5,8,1
"4804",4,5,7,3,5,5,0
"4805",3,5,5,3,5,4,3
"4806",0,7,8,0,1,3,0
"4807",0,0,0,0,0,0,0
"4808",8,0,6,8,3,6,0
"4809",4,5,7,1,7,1,1
"4814",2,6,9,2,7,8,0
"4816",0,9,2,0,3,2,8
"4817",8,3,8,6,1,4,0
"4819",1,6,2,0,6,0,2
"4820",3,9,0,0,5,8,6
"4821",8,4,6,1,5,6,1
"4825",1,8,1,0,2,3,5
"4826",5,2,0,4,3,3,4
"4827",8,6,6,1,4,3,0
"4828",10,2,7,8,4,3,0
"4830",2,8,5,1,6,3,1
"4831",0,10,0,0,3,6,3
"4832",3,8,4,0,6,5,5
"4833",3,7,3,1,3,5,3
"4834",0,0,10,0,0,0,0
"4835",2,4,7,2,7,1,1
"4836",3,7,4,0,6,0,0
"4837",5,1,2,1,4,2,0
"4839",5,6,8,7,5,4,4
"4841",4,4,5,6,5,0,0
"4842",3,1,5,1,3,5,1
"4843",4,1,4,1,2,4,1
"4844",4,3,4,1,3,5,1
"4845",2,2,3,5,5,2,1
"4846",2,0,8,7,0,0,0
"4848",1,2,8,8,9,7,0
"4850",3,8,5,8,4,4,4
"4851",3,0,10,0,0,7,2
"4852",0,8,7,1,2,4,7
"4853",7,4,6,0,5,5,2
"4854",8,1,10,9,5,2,0
"4856",3,0,8,8,7,4,7
"4857",2,7,6,0,8,6,0
"4858",2,8,6,0,6,7,0
"4859",5,7,2,0,8,1,0
"4860",2,8,7,2,4,5,5
"4861",10,0,0,10,0,0,0
"4862",5,7,6,0,8,0,0
"4865",2,10,8,8,7,6,4
"4867",8,7,5,3,2,8,0
"4868",3,8,4,0,8,2,0
"4873",3,0,4,7,1,0,0
"4874",0,0,6,0,0,0,7
"4875",0,0,8,9,2,0,0
"4876",4,0,4,9,3,7,4
"4878",5,8,2,0,4,8,2
