"","cand_A","cand_B","cand_C","cand_D","cand_E","cand_F","cand_G","cand_H","cand_I"
"15180",6,5,2,5,4,5,5,4,1
"15181",7,2,0,8,4,5,5,2,0
"15182",3,7,1,0,0,0,5,0,2
"15183",3,2,0,8,8,9,2,9,0
"15184",6,3,0,6,8,10,4,10,0
"15185",10,2,0,2,7,4,2,0,0
"15187",4,3,0,6,10,10,3,9,0
"15188",8,3,1,7,7,4,2,2,0
"15189",7,3,0,5,9,5,4,6,0
"15191",5,10,7,5,5,0,6,1,6
"15192",8,0,0,9,5,3,6,5,0
"15193",5,3,1,1,1,3,5,3,1
"15194",6,6,2,9,7,6,4,6,0
"15195",7,6,7,3,1,2,8,2,2
"15196",7,0,0,8,9,9,3,9,0
"15197",2,5,0,7,9,6,0,9,0
"15199",5,4,8,0,2,4,4,0,10
"15200",5,7,10,0,2,2,7,0,0
"15201",7,6,0,0,0,0,5,0,0
"15203",0,0,0,0,5,0,0,0,0
"15204",3,7,7,2,1,0,7,0,5
"15206",10,3,2,6,3,3,3,0,0
"15207",7,0,2,3,7,10,3,1,0
"15208",8,3,8,0,2,1,5,1,5
"15209",7,5,4,7,3,3,3,0,1
"15211",5,4,8,2,2,2,2,2,2
"15212",1,10,1,9,1,0,8,0,0
"15213",9,4,4,4,5,0,3,0,0
"15214",7,3,2,4,7,5,5,4,0
"15217",7,4,0,7,10,7,3,6,0
"15218",5,2,0,5,8,6,3,8,0
"15219",7,8,4,8,4,3,7,3,4
"15220",10,4,0,6,6,6,4,2,0
"15221",5,9,4,5,3,2,6,2,2
"15222",3,7,1,1,1,0,3,0,2
"15223",0,5,9,4,0,0,0,0,9
"15224",8,3,3,10,2,7,3,6,0
"15225",7,4,10,2,4,1,6,4,8
"15226",8,4,3,8,6,6,7,5,0
"15227",7,3,1,5,8,8,4,8,1
"15228",4,0,0,5,7,8,3,8,0
"15229",2,2,1,3,2,2,2,2,0
"15230",6,6,2,8,7,7,6,7,1
"15231",6,6,0,8,3,6,3,1,0
"15232",5,4,7,0,0,0,6,0,9
"15233",6,7,8,1,3,2,5,2,5
"15234",3,7,0,1,0,0,5,0,2
"15236",7,4,1,7,6,4,5,5,0
"15237",7,2,1,7,8,9,3,4,0
"15238",8,8,7,1,1,1,9,1,7
"15240",5,5,3,0,5,3,5,5,5
"15241",7,8,2,8,2,3,10,2,4
"15243",5,6,6,0,2,0,5,0,0
"15245",8,8,7,7,8,3,8,4,3
"15246",5,2,0,8,6,7,3,5,0
"15247",7,2,0,9,10,8,5,8,0
"15249",5,6,0,4,0,4,3,0,0
"15250",7,7,4,6,2,3,8,1,5
"15251",5,6,0,10,5,3,1,2,0
"15253",7,3,5,2,4,8,3,0,0
"15254",4,10,9,4,1,0,6,0,9
"15256",7,0,0,5,10,10,1,4,0
"15257",9,9,7,4,7,3,9,3,2
"15258",3,2,0,6,8,10,2,9,0
"15259",9,7,5,6,6,5,6,4,2
"15261",8,7,0,7,6,4,4,0,0
"15262",5,7,4,7,4,2,8,2,3
"15264",5,2,0,5,6,8,3,8,0
"15266",7,10,2,7,1,2,9,0,0
"15267",7,9,6,5,3,2,8,1,3
"15269",5,7,2,5,3,3,7,5,2
"15270",1,2,2,1,6,2,2,0,0
"15271",8,5,0,5,5,5,2,0,0
"15272",10,4,1,7,9,5,1,1,0
"15273",5,2,0,7,8,10,2,10,0
"15274",1,10,8,0,0,0,9,0,0
"15275",7,0,1,2,9,9,6,9,0
"15276",8,0,5,0,10,0,5,0,10
"15277",3,10,6,4,0,1,9,2,6
"15278",7,9,8,9,7,8,9,6,5
"15279",5,10,10,4,4,0,7,0,5
"15280",5,9,10,0,2,0,9,0,0
"15281",9,5,5,0,5,0,0,0,0
"15282",8,1,1,7,8,5,5,5,0
"15283",7,4,1,5,9,5,4,8,0
"15284",7,4,8,0,5,5,6,4,5
"15285",5,5,1,3,1,1,5,1,5
"15286",7,8,9,5,0,0,8,0,8
"15287",6,6,0,9,8,5,3,8,0
"15288",7,7,7,0,0,0,5,0,0
"15290",3,7,1,4,1,0,6,1,1
"15291",4,10,8,1,1,1,1,1,1
"15292",8,1,3,2,8,9,1,2,0
"15293",7,5,1,8,7,6,6,5,0
"15294",3,8,7,0,2,0,6,1,0
"15296",3,7,3,0,0,0,3,0,0
"15297",4,8,3,5,2,0,10,0,1
"15298",9,5,4,8,8,8,4,4,1
"15299",0,10,9,3,0,1,2,7,1
"15300",6,9,0,9,5,3,7,5,0
"15301",6,9,0,1,2,2,9,0,0
"15302",5,7,5,2,6,2,8,0,2
"15303",8,8,5,5,6,0,5,0,3
"15304",4,6,7,0,1,0,0,0,8
"15305",4,9,5,1,0,0,9,2,3
"15306",7,6,8,2,5,4,2,1,0
"15309",6,8,1,7,5,5,7,1,2
"15310",9,1,0,8,10,10,1,10,0
"15311",4,2,8,0,0,0,4,0,10
"15312",9,0,0,4,10,9,2,9,0
"15313",9,3,0,6,5,4,4,0,0
"15314",8,5,4,8,7,6,5,5,0
"15315",5,6,2,3,2,2,9,2,1
"15317",8,8,1,7,6,2,8,0,0
"15318",6,7,2,2,2,5,5,2,2
"15319",6,1,1,6,8,7,4,5,0
"15320",5,5,5,5,0,1,5,1,1
"15321",3,1,0,4,10,9,1,10,0
"15323",5,8,4,6,3,0,7,2,2
"15324",7,10,7,0,0,3,9,0,1
"15325",8,3,2,6,10,0,5,1,0
"15326",0,10,10,0,0,0,4,0,0
"15327",3,8,6,2,3,2,8,0,5
"15329",5,10,2,5,5,2,9,1,1
"15330",2,0,0,7,8,8,0,10,0
"15331",5,4,3,2,2,0,5,0,3
"15332",7,7,2,5,2,1,9,2,2
"15333",9,2,1,4,4,6,4,1,1
"15334",6,10,5,8,2,1,8,5,1
"15335",5,7,2,5,3,2,7,3,2
"15336",5,7,1,5,2,2,7,1,4
"15337",3,7,3,2,2,3,8,0,1
"15339",7,8,3,3,0,0,6,4,4
"15340",10,6,5,6,8,3,5,3,6
"15342",10,2,1,2,8,7,5,1,0
"15343",5,5,1,6,6,4,4,6,1
"15344",4,6,6,4,4,1,7,3,1
"15345",5,4,0,6,8,4,4,4,0
"15346",8,5,1,5,7,6,5,3,1
"15347",8,8,0,10,4,1,8,4,0
"15348",7,1,7,2,2,2,7,1,1
"15349",8,5,7,0,2,0,0,0,0
"15350",6,9,6,6,3,3,7,2,6
"15351",5,1,0,9,8,10,2,10,0
"15354",6,7,9,0,2,0,5,0,10
"15355",5,9,5,1,1,1,7,1,8
"15356",10,4,7,0,0,0,0,0,0
"15357",5,4,0,8,7,6,5,2,0
"15358",2,1,5,0,0,0,2,1,8
"15360",7,6,1,4,5,3,4,2,2
"15361",5,10,4,3,0,0,5,0,1
"15363",9,1,0,4,7,3,3,0,0
"15364",7,1,0,6,10,9,4,4,0
"15366",5,7,3,6,3,1,9,3,0
"15367",8,7,5,2,3,1,9,1,2
"15368",8,10,4,10,8,5,8,5,1
"15369",6,9,8,2,0,0,7,0,2
"15371",8,1,1,6,9,8,6,5,0
"15373",4,9,6,1,1,1,8,0,5
"15374",10,4,4,5,7,6,2,2,0
"15376",8,2,8,3,3,3,4,2,4
"15378",5,0,0,0,2,0,4,0,5
"15380",3,9,2,1,2,2,9,0,0
"15381",8,0,0,7,10,9,3,5,0
"15383",10,3,2,5,9,7,4,5,1
"15384",10,6,6,1,3,1,5,0,1
"15386",6,2,2,4,8,5,3,4,1
"15388",5,3,0,6,7,6,4,3,0
"15389",6,8,1,7,3,3,7,7,1
"15390",8,2,0,4,6,5,3,3,0
"15391",6,4,1,4,4,5,3,0,2
"15392",8,8,5,0,5,1,6,1,4
"15393",6,10,5,4,1,0,7,0,4
"15394",6,0,0,9,10,8,2,6,0
"15395",7,7,6,4,2,1,8,0,2
"15396",3,10,7,4,2,0,9,2,3
"15397",8,0,0,9,10,8,0,0,0
"15398",10,0,5,10,7,7,2,3,6
"15399",5,10,1,4,3,1,7,2,1
"15400",3,7,9,2,3,0,4,0,0
"15401",5,7,5,3,4,4,4,2,3
"15402",8,3,0,8,7,4,2,2,0
"15403",3,9,4,4,3,1,4,0,0
"15404",4,3,1,7,6,4,3,2,1
"15405",8,5,2,5,10,6,3,0,1
"15406",5,5,0,8,6,6,4,1,1
"15407",2,2,10,2,0,0,2,0,0
"15408",10,0,0,0,2,0,0,0,5
"15409",6,9,8,0,1,0,6,0,8
"15410",7,9,5,0,5,0,8,0,0
"15411",10,0,0,7,9,7,5,3,0
"15412",8,4,2,4,6,4,4,1,0
"15413",5,10,5,1,0,0,10,0,0
"15414",5,8,2,5,0,0,10,0,5
"15415",9,2,2,6,7,7,3,7,0
"15417",6,3,1,8,9,9,8,8,0
"15418",9,5,2,9,8,6,8,6,0
"15419",5,10,4,0,2,0,9,0,2
"15422",7,4,4,0,2,0,2,0,7
"15424",8,2,1,6,8,8,4,5,0
"15425",10,1,1,1,9,9,1,1,1
"15427",6,9,3,6,2,0,9,3,0
"15428",7,3,0,6,10,7,4,3,0
"15429",6,8,2,7,4,2,8,0,2
"15430",8,9,1,4,2,0,7,0,2
"15431",8,2,0,9,10,10,6,10,0
"15432",1,10,0,3,1,0,10,1,2
"15433",9,2,2,9,9,9,6,10,3
"15434",10,5,0,0,10,8,0,2,0
"15435",6,6,0,9,7,6,5,8,0
"15436",7,7,2,9,7,6,6,7,1
"15438",7,5,0,8,8,7,5,6,0
"15439",9,4,7,6,10,8,5,5,0
"15441",5,6,3,4,1,1,4,1,2
"15442",10,3,0,9,9,9,0,9,0
"15443",9,4,4,5,6,5,5,4,0
"15444",7,3,8,0,0,0,0,0,9
"15445",7,4,1,5,5,4,5,2,1
"15447",2,2,0,6,8,7,3,5,0
"15448",5,10,5,3,0,0,8,0,4
"15449",6,3,3,5,3,5,4,4,2
"15450",7,5,9,1,4,0,3,0,3
"15451",4,9,7,0,0,0,0,0,0
"15452",6,4,0,10,6,6,3,5,0
"15453",5,10,6,0,0,0,10,0,0
"15455",5,10,0,7,3,0,7,0,0
"15456",9,2,0,9,8,7,2,7,0
"15457",5,6,1,8,4,2,4,4,0
"15459",5,7,3,6,3,3,7,1,0
"15460",8,5,0,10,8,7,5,8,0
"15461",6,8,4,7,4,1,10,0,1
"15463",7,4,1,5,9,7,2,4,0
"15464",10,9,4,6,7,3,8,3,0
"15465",4,10,10,4,3,2,10,3,5
"15466",5,1,0,0,7,10,3,3,0
"15467",4,8,8,1,1,1,7,1,1
"15468",7,1,2,2,2,2,3,1,0
"15470",6,3,0,7,9,10,2,9,0
"15471",0,3,5,0,7,5,0,1,0
"15472",7,7,8,0,0,0,2,0,3
"15474",10,6,2,2,4,2,3,1,2
"15475",5,7,3,0,3,2,7,1,8
"15476",3,10,5,3,1,0,3,3,1
"15477",4,9,2,5,1,0,7,1,0
"15478",7,7,0,10,8,7,7,8,0
"15479",8,4,0,8,9,8,4,7,0
"15480",4,3,2,6,2,2,8,1,2
"15481",5,5,5,5,0,5,5,0,0
"15482",7,5,0,3,4,8,3,6,4
"15483",7,9,5,7,3,3,7,1,2
"15484",5,3,0,5,8,5,3,4,0
"15485",3,2,0,6,6,10,5,3,0
"15486",7,6,3,9,6,3,7,3,0
"15487",8,5,1,9,6,4,5,3,1
"15488",5,3,1,9,8,3,2,3,0
"15489",7,8,6,4,6,5,8,5,4
"15491",2,10,7,0,0,0,9,0,0
"15492",7,6,3,8,5,2,8,4,1
"15494",8,3,5,5,4,7,5,1,0
"15495",4,10,2,5,2,1,8,4,4
"15496",3,2,0,4,6,8,1,3,0
"15497",5,10,8,4,2,0,7,0,5
"15499",6,8,4,5,2,1,7,1,2
"15500",6,2,0,2,8,10,2,4,0
"15501",5,1,0,5,8,9,1,9,0
"15503",6,8,5,3,1,3,7,0,1
"15504",8,6,4,2,4,2,5,2,4
"15505",4,4,2,5,6,5,4,6,0
"15506",4,9,0,2,0,0,4,0,0
"15507",7,1,0,8,7,6,7,7,1
"15508",1,1,0,1,1,1,1,1,1
"15509",6,6,3,5,4,3,5,4,3
"15510",5,8,3,5,3,3,9,3,1
"15511",5,6,0,7,10,3,2,4,0
"15512",6,7,0,8,4,3,7,0,0
"15513",7,7,3,8,6,7,7,7,2
"15514",5,4,10,0,6,4,7,3,3
"15515",4,1,0,10,7,2,3,5,0
"15516",0,6,1,0,0,0,9,5,0
"15517",5,2,0,5,7,9,4,4,0
"15518",8,5,1,7,7,6,6,5,0
"15519",4,7,8,2,3,3,6,2,5
"15522",6,6,0,10,6,2,6,2,0
"15523",5,2,0,2,8,5,4,0,0
"15524",7,9,0,3,2,0,0,0,0
"15526",8,4,0,9,9,9,5,7,0
"15527",3,7,4,0,0,0,2,3,10
"15528",5,6,2,6,2,2,7,0,3
"15529",9,0,0,8,8,7,7,6,0
"15530",5,3,0,1,9,9,1,10,0
"15531",3,9,2,5,2,2,6,2,0
"15532",9,5,1,3,0,0,1,0,0
"15533",0,10,10,0,0,0,10,0,10
"15534",6,9,2,6,4,3,7,4,1
"15535",7,6,0,5,5,3,2,3,0
"15536",6,4,3,0,6,0,6,0,6
"15537",5,9,5,5,1,0,7,0,6
"15538",2,0,0,2,5,9,3,10,0
"15539",3,8,10,2,0,0,6,0,10
"15540",8,7,5,7,7,7,7,5,0
"15541",7,7,6,8,7,5,7,4,3
"15542",10,8,8,5,0,5,5,0,0
"15543",8,5,7,1,4,4,1,0,0
"15544",7,8,2,8,6,2,7,6,0
"15545",8,9,6,6,5,3,10,0,4
"15546",8,0,5,0,6,4,2,0,3
"15547",5,4,0,4,3,5,4,8,2
"15548",3,7,3,4,1,0,9,0,3
"15549",6,5,3,8,9,6,5,6,1
"15552",7,2,0,9,5,9,0,0,0
"15553",7,4,2,6,7,7,7,3,1
"15555",5,6,10,0,0,3,5,0,0
"15556",6,4,0,6,10,7,4,4,0
"15558",7,7,6,4,1,0,6,0,1
"15559",5,4,0,9,7,4,5,4,0
"15560",3,10,2,3,0,0,7,0,3
"15561",5,9,4,4,2,0,10,2,2
"15563",3,3,1,7,5,4,2,5,0
"15566",3,5,10,2,2,2,2,2,2
"15567",7,3,0,7,10,10,3,8,0
"15569",6,0,2,3,10,10,2,10,0
"15570",8,0,10,0,0,0,7,0,8
"15571",7,9,2,5,2,2,7,0,0
"15574",7,7,4,4,4,1,6,1,1
"15576",10,0,0,10,10,10,0,10,0
"15578",8,6,2,8,8,1,6,1,0
"15579",7,7,4,3,1,0,7,0,3
"15580",3,6,3,3,2,2,6,0,6
"15581",9,0,0,5,9,9,0,8,0
"15582",5,5,0,9,3,1,5,1,0
"15583",2,5,2,0,1,0,8,0,5
"15584",4,2,2,0,1,0,7,0,0
"15585",7,2,2,7,8,7,5,6,0
"15586",6,7,2,8,3,2,6,4,3
"15587",4,4,10,0,0,0,3,0,6
"15588",6,4,0,7,7,4,3,8,0
"15589",7,3,0,7,8,4,5,3,0
"15590",10,1,5,5,5,1,5,1,2
"15592",0,0,0,0,10,4,0,4,0
"15594",8,5,4,2,6,6,4,4,5
"15595",10,2,5,4,5,0,1,0,0
"15597",10,6,1,8,9,7,8,2,1
"15598",3,6,1,7,2,3,5,2,0
"15600",5,1,0,6,6,9,5,9,0
"15602",1,5,0,0,1,0,7,0,0
"15603",5,5,7,3,4,0,3,0,3
"15604",4,8,9,0,0,0,7,0,10
"15605",6,8,4,4,3,4,7,3,3
"15606",0,2,8,0,0,0,0,0,8
"15607",7,8,5,5,1,1,9,0,6
"15608",6,10,5,6,3,2,7,1,3
"15609",6,10,4,4,5,3,8,3,2
"15610",5,7,2,5,4,3,7,4,0
"15611",3,10,5,8,0,4,4,0,5
"15612",6,9,4,5,4,3,6,3,0
"15613",5,4,4,6,5,4,4,1,5
"15615",6,4,2,7,8,5,5,5,1
"15616",7,7,7,4,4,4,9,1,5
"15617",10,3,0,6,9,6,4,5,0
"15618",8,7,4,8,5,4,5,2,0
"15619",10,3,1,4,9,5,3,6,0
"15620",7,3,0,6,9,6,3,4,0
"15621",9,5,2,4,1,2,1,0,1
"15622",7,9,4,3,3,3,8,3,1
"15623",5,5,0,8,7,7,5,7,0
"15624",5,8,2,3,1,0,10,0,3
"15625",8,5,2,8,9,7,5,8,0
"15626",5,1,0,9,4,4,4,4,0
"15627",7,5,5,0,6,6,6,6,0
"15628",3,9,1,1,1,1,1,0,0
"15629",7,8,3,5,3,2,8,1,4
"15630",9,5,5,7,8,6,5,6,0
"15634",7,7,2,8,2,3,1,4,0
"15635",7,4,1,7,6,6,2,7,1
"15636",5,4,3,7,5,2,8,5,2
"15637",8,5,0,7,9,8,3,5,0
"15638",5,9,2,3,2,2,7,2,5
"15639",3,7,7,3,2,0,3,0,2
"15640",10,7,5,3,3,0,7,0,3
"15641",7,8,5,3,4,2,5,2,2
"15642",10,4,0,4,8,5,6,0,0
"15646",5,3,0,5,5,7,2,10,1
"15647",8,4,4,5,6,6,4,2,1
"15648",5,6,6,0,0,0,9,0,7
"15650",10,10,4,5,5,5,9,0,0
"15651",5,5,5,5,5,5,5,5,5
"15652",9,7,0,7,8,8,5,6,0
"15653",4,8,10,5,4,3,5,1,6
"15654",9,7,6,7,7,5,6,2,0
"15655",8,6,1,7,3,2,6,1,1
"15656",4,9,5,3,0,3,10,1,1
"15657",7,8,7,4,7,2,7,1,3
"15659",7,7,9,8,0,6,2,2,0
"15661",3,1,0,4,7,9,2,8,0
"15663",8,5,3,8,8,8,5,7,0
"15664",7,9,7,4,3,0,7,0,7
"15665",6,9,2,6,5,2,7,2,2
"15666",7,6,5,9,5,2,6,2,1
"15667",5,10,6,3,2,0,7,0,0
"15669",5,9,1,5,1,0,8,0,0
"15670",8,4,0,5,0,1,4,1,0
"15671",3,10,7,3,2,0,8,0,0
"15672",6,2,0,7,7,8,4,7,0
"15673",8,5,1,10,9,5,7,3,1
"15674",4,4,4,4,4,4,4,4,4
"15675",5,3,0,6,8,8,6,8,0
"15676",6,3,2,4,9,7,3,2,0
"15677",7,6,1,9,6,6,7,5,0
"15678",6,6,3,9,6,5,6,5,1
"15679",2,9,10,0,2,1,7,1,8
"15680",5,2,0,3,4,3,3,1,0
"15681",8,4,0,5,6,7,2,5,1
"15682",8,9,6,3,4,1,7,0,3
"15683",7,5,2,9,6,5,6,8,1
"15684",10,5,4,0,8,5,3,5,3
"15685",7,9,10,6,4,2,4,0,4
"15686",6,7,3,6,3,2,6,1,1
"15687",10,4,5,4,9,8,5,1,2
"15689",7,6,2,7,8,5,4,6,0
"15690",9,8,6,5,3,6,7,3,0
"15691",8,3,2,5,5,2,6,2,0
"15692",7,9,4,8,3,2,10,2,3
"15693",10,1,0,4,5,3,3,1,0
"15694",7,6,1,6,9,5,2,4,0
"15696",5,2,0,3,1,1,1,0,0
"15697",8,3,0,5,7,6,4,5,0
"15699",5,9,0,5,0,0,10,0,0
"15700",5,5,2,8,5,4,3,6,0
"15701",5,9,8,2,2,0,5,0,2
"15702",3,6,0,6,0,0,8,0,6
"15703",9,5,3,6,6,7,5,2,3
"15704",2,4,0,4,2,5,2,4,0
"15705",5,3,0,5,4,8,4,9,0
"15707",5,9,2,5,2,2,5,2,0
"15708",6,4,0,6,9,10,4,6,0
"15709",5,7,1,8,2,2,6,4,0
"15711",0,10,6,4,6,6,0,6,0
"15712",8,3,1,7,9,8,4,7,0
"15714",5,3,0,7,4,2,3,2,0
"15715",7,2,0,7,8,9,4,7,0
"15716",4,9,7,3,3,0,10,0,4
"15717",0,0,0,0,0,0,0,0,0
"15718",3,5,9,0,0,0,6,0,10
"15720",10,8,5,8,5,5,4,5,1
"15721",8,3,1,6,7,4,4,3,0
"15722",7,4,0,7,9,7,4,4,0
"15723",7,2,0,7,7,5,4,5,0
"15724",8,4,2,7,4,4,4,4,1
"15725",3,9,5,4,5,4,6,4,2
"15726",5,1,0,8,8,8,3,5,0
"15727",5,8,3,2,2,2,4,0,0
"15728",7,8,6,5,2,2,3,0,0
"15729",7,1,0,5,10,7,4,1,0
"15730",7,5,0,9,9,10,4,10,0
"15731",6,10,1,6,1,2,8,2,0
"15733",10,0,0,0,0,0,0,0,0
"15734",3,9,1,4,0,0,10,2,2
"15735",6,2,0,6,10,8,3,7,0
"15736",7,7,2,8,5,2,7,1,3
"15737",7,7,3,5,6,1,5,0,0
"15738",0,0,7,0,0,5,0,2,0
"15739",8,7,6,3,6,3,6,3,2
"15740",5,7,6,2,2,1,6,1,1
"15741",7,6,1,9,8,7,7,6,0
"15742",5,0,0,5,8,9,1,9,0
"15744",3,7,0,7,4,4,5,3,1
"15745",3,8,7,7,2,1,10,0,4
"15746",10,2,0,3,7,7,2,5,0
"15747",7,2,1,9,5,2,5,8,0
"15748",7,1,0,7,9,6,2,9,0
"15749",2,7,0,9,0,1,7,1,0
"15750",10,5,3,3,9,3,3,3,3
"15751",10,0,5,5,8,6,3,2,0
"15752",4,10,0,4,0,0,4,1,10
"15753",3,1,0,8,7,10,1,10,0
"15754",6,6,5,2,3,2,9,2,2
"15755",0,8,1,0,0,1,8,0,0
"15757",10,4,5,3,9,6,1,3,7
"15758",5,3,0,8,8,9,3,9,0
"15759",2,2,0,8,8,10,4,10,0
"15760",5,3,0,9,6,8,4,8,0
"15761",5,7,2,5,3,2,7,5,0
"15762",5,10,5,2,1,2,5,0,4
"15763",7,5,0,7,5,7,5,5,5
"15765",5,2,0,7,8,9,3,10,0
"15766",7,10,5,8,6,0,9,0,1
"15767",4,6,1,2,2,1,4,2,1
"15768",5,2,0,7,8,10,3,8,0
"15769",3,2,0,2,5,5,5,0,0
"15770",5,1,0,8,9,8,3,10,0
"15771",8,6,0,2,2,4,1,4,2
"15772",7,4,2,9,9,9,5,9,1
"15773",7,8,5,3,1,0,8,0,5
"15774",0,10,10,0,0,0,2,0,4
"15775",5,5,0,7,8,10,3,10,0
"15776",9,9,2,7,2,1,8,0,9
"15777",6,4,1,9,6,8,4,5,1
"15778",5,9,0,4,3,3,6,0,0
"15781",5,9,3,2,2,1,10,2,5
"15783",6,7,6,4,3,0,8,0,6
"15784",6,1,1,5,9,8,1,5,0
"15785",7,6,4,7,5,4,4,4,0
"15786",1,10,0,1,0,0,9,0,0
"15787",5,5,1,7,4,2,4,1,0
"15788",6,4,2,7,8,8,3,7,0
"15789",10,2,3,4,10,4,3,1,0
"15790",8,1,9,5,0,1,4,0,10
"15791",4,9,8,3,0,0,5,0,5
"15792",3,4,0,7,9,8,3,9,0
"15793",6,10,5,5,2,1,7,0,3
"15794",6,3,0,8,5,3,5,3,0
"15795",3,8,5,1,1,0,8,0,6
"15796",8,9,9,7,6,5,5,2,3
"15797",10,5,0,10,5,5,2,5,0
"15798",7,5,0,10,6,5,7,5,1
"15799",5,7,0,8,6,7,5,3,0
"15800",5,7,1,8,3,3,7,4,2
"15801",9,6,3,10,8,7,5,7,2
"15802",6,4,1,10,8,7,3,9,0
"15803",6,10,6,5,1,0,8,1,0
"15804",7,5,1,10,2,2,7,1,0
"15805",8,5,0,5,5,1,5,2,0
"15806",7,8,1,4,2,3,3,3,2
"15807",3,6,0,0,8,8,3,0,0
"15808",7,6,6,9,6,2,3,5,2
"15809",4,3,0,7,6,7,2,8,0
"15810",6,1,0,6,7,8,3,9,0
"15811",7,4,1,9,7,5,2,3,0
"15812",5,5,3,10,1,1,10,0,0
"15815",0,10,10,1,0,0,0,0,0
"15816",7,6,0,5,6,6,3,7,0
"15817",3,3,1,8,5,6,4,7,0
"15819",5,10,8,1,3,0,8,0,7
"15820",6,7,0,8,2,1,5,5,0
"15821",5,1,1,1,1,1,1,1,1
"15823",6,5,0,6,4,3,7,1,2
"15825",6,3,0,8,9,7,4,7,0
"15826",3,9,0,6,0,0,7,0,1
"15827",6,3,4,5,5,7,5,4,0
"15828",4,10,3,5,1,0,8,0,4
"15829",9,5,0,7,6,7,5,5,0
"15830",7,8,0,7,4,2,9,0,0
"15831",5,6,1,9,3,0,4,0,0
"15834",6,5,3,8,7,6,5,8,1
"15835",4,4,1,9,8,6,1,5,0
"15836",3,8,4,2,1,1,7,0,4
"15837",8,0,0,5,10,9,0,8,0
"15838",7,9,6,4,3,1,8,2,8
"15839",6,4,0,7,6,9,4,9,0
"15841",6,3,2,6,8,7,4,3,1
"15842",7,7,1,8,5,5,7,5,0
"15843",7,9,3,8,5,5,8,2,3
"15845",2,8,7,1,2,2,2,2,7
"15847",10,0,0,7,9,10,3,0,0
"15848",6,8,3,4,2,1,8,2,6
"15849",8,4,0,5,9,10,1,7,0
"15850",8,0,7,0,7,6,7,0,3
"15852",6,4,0,9,8,5,3,5,0
"15853",7,2,0,6,10,9,3,7,0
"15854",7,7,9,2,2,2,8,2,3
"15855",8,2,0,5,9,7,3,5,0
"15858",10,1,0,6,10,8,2,5,0
"15859",8,5,1,9,7,4,5,4,0
"15860",7,7,7,4,4,0,8,0,7
"15861",6,6,2,8,6,5,5,6,0
"15862",10,6,0,8,4,2,5,2,0
"15863",2,10,6,3,2,2,2,2,1
"15864",6,8,8,2,0,1,6,0,4
"15865",8,5,10,0,0,0,5,0,0
"15867",7,3,0,4,10,8,1,5,0
"15868",2,1,0,7,8,9,2,7,0
"15869",8,10,5,0,0,1,6,1,5
"15870",4,4,0,7,6,6,2,0,0
"15873",5,10,7,3,1,0,8,0,8
"15874",10,5,5,4,10,10,5,5,0
"15875",3,10,0,4,2,2,3,2,0
"15876",7,5,0,9,8,6,6,6,2
"15877",3,9,7,0,1,1,3,0,2
"15878",5,4,1,5,8,5,4,5,0
"15879",7,9,7,5,1,2,7,2,1
"15880",8,2,1,7,8,6,5,6,1
"15881",10,10,10,0,10,0,10,0,10
"15882",8,5,8,4,5,4,5,4,4
"15884",7,4,3,7,5,3,4,7,0
"15885",8,2,1,4,8,6,2,5,0
"15887",6,3,0,9,9,8,4,6,0
"15888",4,6,3,7,2,1,8,1,2
"15889",1,1,1,1,1,1,1,1,1
"15890",9,7,0,9,7,5,3,3,0
"15891",9,0,0,9,0,5,5,0,0
"15892",8,5,5,2,6,2,5,1,5
"15893",10,0,0,7,9,9,2,6,0
"15894",3,1,1,2,7,10,2,7,0
"15895",9,9,10,0,9,2,8,0,9
"15896",7,5,7,2,4,0,4,0,3
"15897",6,8,5,5,2,1,8,1,3
"15898",3,9,1,3,0,0,3,0,0
"15901",6,2,0,6,8,8,1,7,0
"15902",0,8,5,6,6,6,8,2,4
"15903",9,4,0,7,7,5,5,4,0
"15904",3,6,1,2,1,0,3,0,0
"15906",6,2,1,9,6,3,5,3,0
"15907",10,7,4,8,5,0,3,9,0
"15908",5,10,10,0,0,0,10,0,0
"15910",5,6,0,7,3,1,3,0,0
"15913",5,8,10,0,3,0,0,0,0
"15914",7,9,4,3,2,1,8,0,1
"15915",6,0,1,7,7,10,1,5,0
"15917",8,4,1,8,8,4,8,6,0
"15918",10,5,5,7,8,8,4,0,0
"15919",5,4,2,6,7,6,4,4,2
"15920",7,5,3,4,9,1,2,0,2
"15921",5,3,0,5,10,10,2,10,0
"15922",8,4,7,1,5,5,7,1,5
"15923",1,3,0,0,0,0,9,0,0
"15924",9,6,1,1,6,6,6,6,0
"15925",5,3,0,5,10,10,3,10,0
"15926",7,5,2,9,6,5,8,4,0
"15927",4,7,3,4,3,0,8,0,0
"15928",5,1,1,5,8,8,3,8,0
"15929",4,10,4,4,4,0,9,0,0
"15931",3,10,6,0,0,0,7,0,2
"15932",7,3,0,10,8,8,6,9,0
"15933",6,9,4,5,2,1,7,7,2
"15934",4,0,0,4,10,10,4,4,1
"15935",6,10,4,8,4,1,7,0,0
"15936",6,6,2,9,2,3,3,6,0
"15937",7,6,5,6,4,4,3,5,1
"15938",5,2,5,7,5,10,5,9,0
"15939",5,3,0,5,2,0,3,1,0
"15940",6,2,0,6,10,10,2,10,0
"15941",5,10,1,3,1,0,9,0,3
"15943",4,7,7,4,0,1,4,0,2
"15945",5,7,2,5,0,0,10,0,0
"15946",8,5,2,7,9,6,6,3,0
"15948",7,7,1,9,8,6,5,2,1
"15949",7,6,4,6,6,6,7,6,0
"15950",5,8,6,2,2,1,7,0,5
"15952",5,10,0,0,0,0,10,0,0
"15953",7,5,1,7,9,9,4,5,0
"15954",7,4,0,6,7,6,3,3,0
"15955",8,6,3,4,6,5,6,0,0
"15956",0,0,0,0,0,10,0,0,0
"15957",5,1,0,3,7,8,1,4,0
"15959",8,5,0,8,6,1,4,0,0
"15960",8,3,4,4,4,5,4,1,0
"15962",5,3,0,7,4,1,5,4,0
"15964",8,6,5,2,5,3,5,0,3
"15967",8,5,1,1,4,6,3,1,0
"15969",7,5,6,2,7,3,4,4,2
"15970",6,8,5,5,5,2,7,1,4
"15971",7,2,0,6,8,6,2,5,3
"15972",5,10,4,4,0,0,8,2,0
"15973",6,8,6,2,1,1,6,0,1
"15974",10,7,3,5,5,2,5,2,0
"15975",8,0,1,6,7,6,0,1,2
"15976",5,1,0,7,7,10,4,9,0
"15977",8,4,6,5,6,5,2,3,4
"15978",6,4,2,4,8,8,4,6,0
"15979",8,6,5,8,7,6,7,4,2
"15980",6,3,0,8,8,5,2,0,0
"15981",3,2,0,5,7,8,4,1,0
"15982",7,10,8,5,3,2,8,1,8
"15983",5,10,4,5,3,2,10,2,4
"15984",10,7,0,7,10,9,7,2,0
"15986",6,1,0,0,4,5,0,4,0
"15987",5,6,9,0,4,0,6,0,9
"15989",2,10,9,0,0,0,9,0,9
"15990",5,4,0,10,6,5,4,2,0
"15991",10,2,2,9,9,5,5,1,1
"15992",1,10,0,0,0,0,10,0,0
"15994",7,4,0,8,8,6,4,6,0
"15995",8,3,2,3,8,4,3,0,0
"15996",10,6,8,8,8,8,8,6,0
"15997",6,5,2,6,7,7,3,7,1
"15998",0,10,7,0,0,0,8,0,7
"15999",7,2,0,5,5,1,5,1,3
"16000",7,6,1,8,9,7,7,1,0
"16001",6,8,3,7,3,3,8,7,1
"16002",8,9,3,5,4,0,8,4,1
"16005",8,8,0,8,8,5,8,2,0
"16006",6,4,0,10,4,4,6,5,0
"16007",10,0,0,6,7,7,1,0,0
"16008",5,3,2,7,5,2,5,1,1
"16009",7,3,3,2,9,8,1,2,0
"16010",9,2,0,7,9,7,3,0,0
"16011",7,7,2,6,5,5,6,3,1
"16012",4,3,6,0,3,0,5,0,10
"16015",10,6,1,8,8,6,4,2,0
"16016",7,6,2,9,6,5,5,7,2
"16017",4,9,0,3,1,1,7,0,0
"16018",7,1,0,2,8,8,2,3,0
"16019",9,6,0,6,7,6,6,3,0
"16020",6,1,0,8,10,10,3,10,0
"16021",8,7,5,7,7,6,7,0,3
"16022",7,4,9,0,3,0,3,0,7
"16023",1,0,0,1,5,10,1,8,0
"16024",7,7,3,7,5,0,7,0,5
"16025",9,6,0,9,7,7,6,10,0
"16027",4,6,7,2,2,0,7,0,0
"16028",7,5,3,7,5,5,5,5,3
"16030",7,9,7,6,3,2,6,2,2
"16032",5,1,1,1,1,10,1,8,1
"16033",7,8,2,2,3,1,7,6,3
"16037",8,5,1,6,10,10,5,7,0
"16038",6,0,0,9,9,9,1,7,0
"16039",4,1,3,4,4,2,1,1,0
"16041",7,6,1,10,7,6,5,7,0
"16042",6,9,2,6,6,5,8,1,2
"16044",5,7,1,7,5,4,9,4,0
"16045",8,5,1,2,8,6,7,2,1
"16046",7,8,4,3,5,2,6,2,2
"16047",7,2,1,7,8,9,3,7,0
"16049",10,2,1,7,3,2,6,1,2
"16050",8,5,2,8,5,6,4,0,0
"16051",8,6,2,6,7,7,6,7,0
"16052",6,6,0,10,8,8,5,7,0
"16053",9,0,1,1,8,5,0,0,0
"16054",9,1,0,9,10,8,7,5,0
"16055",5,5,2,9,4,2,6,8,0
"16056",10,6,0,9,9,7,6,6,0
"16059",7,5,3,7,6,3,6,1,1
"16061",2,1,0,5,7,9,1,10,0
"16062",10,1,0,1,6,0,1,0,0
"16063",7,7,6,0,2,0,7,0,2
"16064",6,10,5,6,3,3,8,3,2
"16065",10,1,0,5,6,7,3,1,0
"16066",7,7,4,9,6,3,7,2,1
"16067",8,1,0,5,8,8,3,8,0
"16068",5,6,0,10,8,8,8,3,0
"16069",8,4,6,6,7,7,6,6,3
"16070",3,6,0,2,0,0,4,0,0
"16071",6,5,3,7,9,7,3,7,0
"16072",7,9,6,4,4,1,8,1,5
"16073",7,8,5,4,2,1,10,0,0
"16074",9,5,2,8,8,7,5,3,0
"16075",1,10,4,1,0,0,8,0,0
"16076",6,8,5,7,5,4,9,4,5
"16079",5,7,6,0,0,0,10,0,5
"16080",4,10,5,3,2,0,9,0,9
"16081",1,10,3,0,0,0,7,0,1
"16083",3,6,0,5,5,2,8,2,0
"16085",9,10,10,0,0,0,9,0,10
"16086",7,5,0,10,6,5,6,8,0
"16087",4,2,0,9,7,8,2,8,0
"16089",7,3,0,4,7,10,2,4,0
"16090",8,9,0,8,2,2,5,2,5
"16093",8,2,3,5,5,3,3,3,1
"16094",7,4,3,5,7,5,6,4,1
"16095",8,5,5,0,7,5,6,1,1
"16097",0,10,2,4,0,0,9,0,0
"16099",4,5,8,0,0,0,5,0,0
"16100",7,9,3,5,3,1,5,0,1
"16101",10,5,6,3,3,3,3,2,0
"16102",6,5,3,7,4,3,3,2,2
"16103",4,7,1,8,3,3,7,4,1
"16104",7,3,0,5,9,7,3,7,0
"16106",7,5,1,2,6,1,4,0,4
"16107",6,8,3,3,3,2,7,1,1
"16108",6,3,0,7,6,6,4,3,0
"16110",6,4,1,9,7,5,5,6,1
"16112",5,9,8,0,0,0,6,0,1
"16114",8,0,1,2,8,1,1,0,5
"16115",9,0,10,0,10,6,10,0,0
"16116",4,6,0,1,0,0,3,0,5
"16117",5,3,2,2,5,7,2,2,1
"16118",10,2,1,8,9,2,8,1,0
"16119",10,0,3,1,8,0,3,0,0
"16120",5,5,3,7,7,7,5,7,0
"16121",10,2,1,6,8,8,6,8,0
"16122",7,8,8,3,8,4,9,4,0
"16124",5,2,0,7,9,10,2,7,0
"16125",6,5,1,6,6,1,6,7,1
"16126",6,8,3,4,3,2,8,2,3
"16127",7,9,4,5,3,3,10,3,0
"16129",5,6,2,4,1,2,4,1,1
"16130",9,5,3,7,10,9,5,8,2
"16131",3,4,1,3,2,0,10,1,0
"16133",7,10,7,5,4,2,5,2,0
"16134",4,7,0,3,0,0,10,0,0
"16135",5,10,1,0,0,0,9,0,0
"16136",0,1,4,0,0,0,0,0,5
"16137",6,7,1,7,6,0,9,0,1
"16138",3,4,0,0,0,0,0,0,0
"16139",7,0,0,4,6,10,1,0,1
"16140",7,5,9,1,2,2,1,0,6
"16142",8,3,0,6,7,4,2,5,0
"16143",6,2,1,5,9,8,3,8,0
"16144",4,0,8,2,4,2,0,2,7
"16145",9,4,2,9,7,7,6,7,0
"16147",9,5,2,5,6,5,5,5,0
"16148",6,7,4,3,2,2,10,2,6
"16149",3,8,8,0,1,1,7,3,8
"16150",3,6,10,0,0,0,5,0,5
"16151",8,4,3,7,10,7,5,7,0
"16152",5,1,0,9,6,7,4,10,1
"16155",8,4,3,3,7,5,7,1,2
"16156",2,9,9,0,0,0,6,0,0
"16158",9,7,0,8,8,8,7,6,0
"16159",8,4,1,6,10,7,3,5,0
"16160",10,5,0,10,10,8,5,10,0
"16161",8,3,2,7,9,8,4,5,4
"16162",5,7,5,2,2,0,7,0,2
"16163",3,3,0,10,10,10,4,10,0
"16165",5,2,2,5,0,0,0,0,0
"16166",6,8,3,3,2,0,7,2,3
"16167",6,0,5,0,5,0,0,0,0
"16168",10,10,10,5,9,8,6,2,7
"16170",4,7,8,1,2,3,4,1,8
"16171",4,4,0,0,1,0,2,0,0
"16172",4,7,7,3,5,2,3,2,2
"16173",10,2,0,5,9,4,5,3,0
"16174",6,3,0,9,7,5,5,5,0
"16176",5,10,5,3,2,2,8,1,0
"16178",7,8,7,2,6,0,9,0,1
"16179",7,7,0,0,1,3,9,0,3
"16180",10,1,10,0,1,0,1,0,0
"16182",4,9,2,6,6,2,4,2,3
"16183",7,3,0,3,3,9,1,9,0
"16184",2,8,9,0,1,0,8,0,10
"16185",7,3,1,4,5,3,2,4,1
"16186",4,2,0,5,7,9,2,7,0
"16187",4,8,8,3,2,0,5,0,5
"16188",7,4,0,8,7,10,6,10,0
"16190",5,0,0,5,10,10,3,5,0
"16192",7,7,1,10,5,5,7,5,1
"16194",1,6,8,0,1,1,6,0,10
"16195",3,6,0,5,0,0,7,0,10
"16196",5,2,0,5,7,7,4,7,0
"16197",7,6,0,6,6,10,6,6,0
"16198",3,2,0,7,5,5,2,6,0
"16199",9,6,2,9,9,8,9,8,1
"16200",8,6,5,3,10,6,3,8,0
"16201",6,0,0,7,8,7,2,0,0
"16203",5,8,5,1,1,0,5,0,4
"16204",5,10,9,5,0,0,7,2,0
"16205",7,2,0,5,10,10,1,6,0
"16207",8,10,3,0,0,0,5,0,5
"16208",6,6,2,0,1,0,7,7,10
"16210",7,2,1,7,5,1,5,1,1
"16211",5,8,3,4,1,0,6,0,1
"16212",4,3,0,6,8,9,2,7,0
"16213",7,8,0,8,1,0,9,0,6
"16214",6,7,8,0,5,0,8,0,10
"16216",9,1,0,8,8,9,1,9,0
"16217",5,8,4,2,2,1,9,2,5
"16218",3,2,0,4,6,7,3,7,0
"16219",7,9,8,5,4,0,8,1,3
"16220",3,10,0,3,1,0,8,0,0
"16221",8,5,1,7,9,8,5,2,0
"16222",10,3,0,8,10,8,3,6,0
"16223",9,0,2,5,7,3,2,0,0
"16224",3,4,1,8,4,4,3,4,0
"16225",6,10,7,2,0,0,8,0,2
"16226",7,9,5,5,4,6,7,3,2
"16227",4,0,0,4,10,7,0,0,0
"16228",5,10,8,2,3,3,7,3,0
"16229",9,5,3,8,9,7,8,7,2
"16230",8,2,0,7,7,5,7,2,0
"16231",6,4,0,8,6,5,3,6,0
"16232",6,0,0,8,10,10,3,10,0
"16233",7,10,5,2,1,0,10,0,4
"16234",3,8,7,0,0,0,5,0,5
"16235",4,8,2,5,4,2,8,2,0
"16236",6,5,1,6,10,10,5,10,0
"16237",7,10,1,9,2,0,10,0,2
"16238",8,4,4,2,5,3,3,2,1
"16239",5,8,3,6,3,2,6,0,0
"16241",5,1,0,5,7,9,4,10,0
"16242",9,4,6,1,7,3,4,1,4
"16244",2,5,10,0,2,1,3,0,5
"16245",5,5,0,5,7,7,0,2,0
"16247",5,3,0,7,8,7,5,3,0
"16249",5,10,7,5,5,0,8,0,5
"16250",8,10,6,3,2,0,8,1,4
"16251",6,8,6,3,0,0,8,0,6
"16252",8,2,2,6,10,9,4,8,0
"16253",2,3,4,0,2,0,3,0,0
"16254",3,4,1,5,3,1,6,1,4
"16256",8,7,1,7,3,1,7,1,1
"16257",5,8,6,6,5,3,8,2,3
"16259",5,4,3,8,7,2,7,1,1
"16260",6,2,0,8,8,9,4,8,0
"16261",8,5,3,5,7,7,5,5,2
"16262",7,2,0,6,10,10,2,10,0
"16263",8,9,3,5,3,1,9,3,0
"16264",10,0,1,5,10,10,1,5,1
"16265",5,1,0,2,6,10,1,8,0
"16266",6,7,0,6,6,5,5,0,3
"16267",5,8,4,8,5,3,9,5,2
"16268",5,5,0,5,4,6,2,2,0
"16269",10,10,0,5,5,2,5,2,0
"16270",6,4,1,8,6,6,5,6,0
"16271",10,4,4,4,8,6,5,6,0
"16272",6,4,1,6,8,5,3,5,2
"16273",5,7,3,3,3,3,8,0,0
"16275",4,9,5,4,3,1,7,0,2
"16276",8,2,2,5,5,5,2,5,0
"16277",7,4,4,8,7,4,6,3,0
"16279",10,0,4,8,3,1,5,0,2
"16280",6,9,3,4,3,2,8,2,3
"16281",3,2,0,8,9,10,2,8,0
"16282",7,5,1,8,7,4,5,6,1
"16283",7,8,5,5,2,0,10,0,0
"16284",7,4,0,10,8,8,5,6,0
"16286",2,8,0,8,0,0,10,2,0
"16287",1,6,6,2,4,4,3,6,4
"16288",8,4,3,3,6,6,5,0,2
"16290",7,5,2,9,6,5,6,4,0
"16291",4,1,0,7,8,10,0,7,0
"16292",7,6,6,0,6,2,1,2,1
"16293",8,6,6,7,10,7,4,4,5
"16294",6,3,1,7,10,9,4,9,1
"16295",6,4,1,8,8,8,4,8,0
"16296",8,3,4,7,10,9,6,4,1
"16297",4,8,7,2,1,0,5,0,2
"16298",8,4,4,7,9,8,6,6,0
"16299",9,5,0,7,8,7,6,3,0
"16300",10,4,2,6,9,3,5,3,5
"16301",7,10,7,5,3,3,8,3,5
"16302",7,8,7,3,2,1,10,0,4
"16303",7,5,2,9,6,5,5,6,1
"16304",8,2,5,7,1,6,3,0,2
"16305",7,10,2,2,5,4,5,1,0
"16306",7,2,0,2,9,10,2,10,2
"16307",5,5,5,4,4,1,5,1,4
"16308",6,3,4,6,8,6,3,4,1
"16309",9,1,0,4,2,4,4,1,1
"16310",0,10,9,0,0,0,7,0,8
"16312",10,4,5,5,8,5,7,2,1
"16313",8,4,0,0,6,4,1,0,0
"16314",6,5,2,8,6,5,3,6,0
"16315",8,9,0,4,0,0,5,0,0
"16316",5,9,2,2,0,2,10,2,2
"16317",9,6,3,7,8,5,6,2,2
"16318",5,10,10,0,0,0,6,0,8
"16319",6,10,5,2,2,1,8,0,1
"16320",7,9,7,1,4,4,5,4,3
"16321",8,2,2,9,8,7,5,8,0
"16322",2,10,8,5,2,0,9,0,4
"16323",5,7,1,7,4,4,7,0,0
"16325",3,5,6,0,0,0,0,0,4
"16326",7,5,3,5,1,4,7,4,4
"16327",6,8,5,1,0,1,9,0,0
"16328",2,6,9,0,0,0,0,0,0
"16329",5,9,7,1,2,0,7,0,0
"16330",7,4,5,5,5,5,4,5,4
"16332",7,5,2,9,8,8,6,7,0
"16333",5,5,1,8,7,6,4,8,0
"16334",5,9,7,3,3,0,7,0,0
"16335",8,3,0,8,8,6,3,4,0
"16336",5,5,4,5,5,1,5,0,0
"16337",4,7,3,2,6,6,9,2,2
"16338",8,0,0,3,5,5,3,5,0
"16339",3,0,8,0,3,3,5,0,10
"16343",7,2,0,5,5,10,2,10,0
"16344",7,4,5,4,8,7,4,1,2
"16345",6,7,3,2,1,1,7,0,2
"16346",8,2,2,4,7,2,4,1,1
"16347",10,4,5,1,3,3,4,0,0
"16348",7,10,4,6,4,3,7,0,0
"16349",3,10,8,2,2,2,7,5,2
"16350",5,5,4,5,2,2,5,0,1
"16351",5,9,0,9,4,6,8,6,0
"16352",6,4,1,7,9,7,3,7,1
"16353",6,1,2,7,6,4,2,1,1
"16354",7,1,3,2,3,2,2,2,0
"16355",10,5,3,8,9,9,6,3,0
"16358",5,10,6,5,0,0,7,0,2
"16359",5,8,2,6,2,2,6,2,2
"16360",3,6,0,4,0,0,10,0,5
"16361",4,8,4,5,2,2,8,3,2
"16362",6,6,2,5,1,1,7,1,1
"16363",8,5,2,5,7,5,6,7,0
"16364",7,7,2,4,4,4,4,2,0
"16365",7,7,0,7,7,7,2,4,0
"16366",1,10,2,1,0,0,10,0,5
"16367",5,10,4,5,0,0,9,1,0
"16368",5,5,5,5,5,5,5,5,5
"16370",4,6,1,6,3,0,7,0,0
"16371",6,7,0,8,4,0,4,0,0
"16373",9,2,0,5,9,9,4,4,0
"16374",7,6,6,3,5,4,5,0,5
"16375",8,3,1,7,6,4,5,3,0
"16376",5,0,8,0,0,0,0,0,0
"16377",4,7,3,7,4,4,10,4,1
"16378",7,4,2,7,9,5,3,8,2
"16380",6,8,3,6,1,1,10,2,1
"16381",6,3,0,9,5,5,2,3,0
"16382",4,4,1,9,5,5,5,7,1
"16383",2,7,10,0,3,0,4,2,4
"16384",8,5,1,4,5,3,3,4,0
"16385",7,5,0,7,8,10,5,7,0
"16386",7,4,2,8,8,5,3,9,0
"16387",6,2,0,5,8,10,3,4,0
"16388",5,6,3,5,3,1,8,0,3
"16389",5,10,1,2,2,1,4,0,0
"16390",7,1,0,5,4,10,2,9,0
"16391",9,7,6,5,6,4,5,1,6
"16392",5,8,6,2,0,0,8,0,6
"16393",7,0,0,1,5,5,1,2,0
"16394",3,10,4,1,1,1,8,1,2
"16395",8,9,0,6,4,5,8,4,1
"16396",5,2,2,5,9,10,3,7,0
"16397",5,6,5,5,5,10,10,0,0
"16398",8,8,0,7,3,5,5,4,0
"16399",5,5,1,6,7,7,3,8,0
"16400",6,9,7,5,4,4,7,4,4
"16401",2,2,1,6,5,7,3,9,0
"16402",10,0,0,0,10,0,10,0,0
"16403",6,10,2,7,1,0,4,0,1
"16404",5,3,1,8,8,5,3,3,0
"16405",10,5,0,10,10,5,10,0,0
"16406",3,0,3,0,2,0,3,3,10
"16407",5,2,0,8,8,8,5,7,0
"16408",5,10,3,5,2,2,4,0,0
"16409",8,8,3,6,10,10,6,3,1
"16410",5,3,0,9,7,4,1,5,0
"16411",8,6,1,10,7,6,7,6,0
"16412",1,8,5,3,0,0,8,0,6
"16413",4,10,10,2,2,1,2,1,2
"16414",6,6,0,9,7,5,3,5,0
"16415",5,9,5,2,1,0,8,0,2
"16416",8,5,0,10,5,6,5,5,0
"16418",4,9,7,0,0,0,5,0,0
"16419",10,4,4,8,9,9,4,6,0
"16420",8,6,3,6,8,8,6,8,3
"16421",6,2,1,8,8,7,5,5,0
"16422",3,6,5,4,0,0,8,1,6
"16423",8,4,2,5,7,4,4,2,2
"16424",7,5,2,8,7,5,7,5,2
"16426",6,7,8,3,1,2,3,1,1
"16427",4,2,1,8,9,7,5,7,0
"16429",5,10,8,0,4,1,8,0,8
"16430",7,7,10,0,1,0,2,0,2
"16431",10,7,3,5,7,6,3,5,0
"16432",7,8,1,2,2,0,5,0,2
"16433",7,2,2,4,4,2,4,2,4
"16434",8,5,0,8,9,6,5,6,0
"16435",7,4,0,9,7,6,4,4,0
"16436",6,5,1,7,5,5,5,5,0
"16437",0,9,0,5,1,1,10,4,0
"16438",3,8,6,5,1,0,5,0,5
"16441",7,0,0,7,8,7,6,5,0
"16444",10,4,0,9,10,6,3,5,0
"16446",8,10,10,0,4,4,8,0,0
"16447",2,8,3,7,1,0,6,0,4
"16448",5,2,1,1,9,10,0,2,0
"16450",7,9,2,2,3,0,7,2,4
"16451",10,4,6,0,5,5,5,6,5
"16453",6,9,6,4,3,2,8,2,5
"16454",5,4,0,10,8,7,5,9,0
"16455",4,7,3,3,2,0,8,0,4
"16456",10,5,1,5,8,5,5,3,2
"16457",6,8,5,1,3,3,6,1,1
"16458",5,9,2,3,0,0,8,0,1
"16459",7,1,0,6,10,9,3,9,0
"16460",9,5,4,7,8,8,5,6,1
"16461",6,1,0,5,10,8,2,8,0
"16462",8,5,1,8,5,4,6,3,2
"16463",5,5,1,9,7,5,7,5,0
"16464",9,2,2,5,9,7,5,1,1
"16465",5,0,0,3,8,10,0,6,0
"16466",5,1,0,5,9,10,1,4,0
"16467",7,6,7,4,5,4,8,4,3
"16470",6,7,3,8,4,3,7,2,4
"16472",4,2,0,7,6,4,4,6,0
"16473",10,2,5,4,10,9,4,0,2
"16474",3,8,7,3,3,2,10,0,5
"16475",7,6,0,8,8,7,2,2,0
"16476",10,4,1,7,4,2,7,0,0
"16477",7,1,0,5,10,8,2,5,0
"16478",6,1,1,6,8,8,4,9,0
"16479",7,7,2,5,3,0,7,0,1
"16480",6,10,1,4,1,0,10,0,0
"16481",9,5,0,4,4,5,1,3,0
"16483",6,6,6,4,5,5,6,4,3
"16484",7,4,4,4,4,7,4,0,0
"16485",6,0,0,0,5,5,3,0,0
"16486",5,9,4,3,2,0,2,0,2
"16487",5,7,6,0,6,3,6,3,2
"16492",6,2,0,7,8,5,4,6,0
"16493",5,8,5,5,5,5,7,5,5
"16494",5,1,0,5,9,9,1,10,0
"16495",8,7,3,9,8,7,5,5,1
"16496",4,7,0,3,1,0,7,0,0
"16497",4,9,8,0,7,0,8,2,7
"16500",7,8,4,4,2,1,8,1,8
"16501",8,9,4,8,5,4,4,4,4
"16502",0,9,2,0,1,0,6,0,4
"16503",7,8,2,6,5,4,6,2,3
"16504",3,3,0,9,4,2,3,7,0
"16505",3,10,8,1,1,3,7,0,1
"16506",9,6,4,9,7,4,7,3,0
"16507",10,2,2,5,8,7,5,6,0
"16508",10,4,1,5,8,6,5,2,0
"16511",7,5,2,3,5,1,5,1,2
"16512",4,0,0,1,4,4,1,4,0
"16513",6,7,7,4,6,1,5,0,0
"16514",1,2,0,4,2,6,1,0,0
"16515",9,3,4,2,2,2,6,2,2
"16516",3,3,0,8,7,10,1,10,0
"16517",5,5,5,0,8,8,3,0,5
"16518",0,0,0,0,1,3,0,0,0
"16520",4,5,3,2,3,5,5,1,3
"16521",7,5,0,7,8,6,5,4,0
"16522",6,8,1,7,5,2,7,3,0
"16523",5,7,9,1,1,1,5,0,5
