,A,B,C,D,E,F,G
v1,1.0,0.0,1.0,0.0,0.0,0.0,0.0
v2,0.0,1.0,0.0,0.0,0.8,0.9,0.0
v3,0.5,0.1,0.5,0.0,0.0,0.3,0.1
v4,0.2,0.4,0.3,0.2,0.6,0.1,0.1
v5,0.9,0.1,0.9,0.0,1.0,0.1,0.7
v6,0.5,0.2,0.7,0.1,0.4,0.2,0.3
v7,0.2,0.6,0.8,0.7,0.7,0.2,0.0
v8,0.0,0.8,0.2,0.1,1.0,0.6,0.0
v9,0.3,0.6,0.3,0.9,0.7,0.6,0.1
v10,0.7,0.0,0.8,0.0,0.1,0.3,0.5
v11,1.0,0.0,1.0,0.0,0.0,0.0,0.0
v12,0.0,1.0,0.0,0.2,0.5,0.9,0.0
v13,0.2,0.2,0.2,0.2,0.2,0.2,0.2
v14,0.8,0.1,0.8,0.0,0.0,0.4,0.7
v15,0.0,0.9,0.1,0.3,0.4,0.5,0.0
v16,0.0,0.2,0.6,0.0,0.3,0.5,0.1
v17,0.9,0.1,0.9,0.0,0.7,0.2,0.2
v18,0.0,0.4,0.3,0.9,0.5,0.6,0.6
v19,0.8,0.0,0.6,0.0,0.6,0.2,1.0
v20,0.0,,0.0,0.1,0.1,0.0,0.0
v21,0.0,0.6,0.0,0.4,0.8,1.0,0.1
v22,0.7,0.6,0.8,0.8,0.6,0.7,0.7
v23,0.7,0.1,0.7,0.0,0.0,0.7,0.0
v24,0.2,0.8,0.2,1.0,0.7,0.7,0.2
v25,0.5,0.1,0.7,0.0,0.5,0.3,0.3
v26,0.5,0.0,0.6,0.0,0.4,0.2,0.1
v27,0.0,0.0,0.0,0.0,0.0,0.0,0.0
v28,1.0,0.0,1.0,0.0,0.0,0.0,0.8
v29,0.0,0.0,0.5,0.0,0.1,0.3,0.0
v30,0.8,,0.8,0.0,0.3,0.2,0.4
v31,0.0,0.4,0.0,0.2,1.0,0.3,0.0
v32,0.4,0.5,0.5,0.0,0.4,0.5,0.4
v33,1.0,0.8,0.3,0.3,0.3,0.0,0.0
v34,0.0,0.8,0.2,0.3,0.4,1.0,0.1
v35,0.8,0.0,0.9,0.0,0.0,0.0,0.5
v36,0.8,0.0,1.0,0.0,0.2,0.0,0.4
v37,0.0,1.0,0.0,1.0,0.0,0.0,0.0
v38,0.3,0.0,0.1,0.8,1.0,0.5,0.5
v39,0.7,0.0,0.5,0.0,0.6,0.7,0.4
v40,1.0,0.0,1.0,0.0,0.1,0.0,0.4
v41,1.0,0.0,0.7,0.0,0.0,0.0,0.5
v42,0.6,0.3,0.3,0.7,1.0,0.4,0.7
v43,0.0,1.0,0.2,0.6,0.7,0.8,0.2
v44,0.3,0.6,0.4,0.8,1.0,0.7,0.5
v45,0.0,0.5,0.2,0.1,0.4,0.4,0.0
v46,0.2,0.6,0.1,0.3,0.4,0.3,0.4
v47,0.3,0.3,0.4,0.7,0.5,0.4,0.2
v48,0.3,0.8,0.3,0.5,0.4,0.5,0.4
v49,0.2,0.1,0.3,0.0,0.2,0.1,0.2
v50,0.0,1.0,0.3,0.5,0.6,0.8,0.3
v51,0.6,0.0,0.8,0.0,0.1,0.0,0.4
v52,0.5,0.9,0.7,0.0,0.3,0.5,0.1
v53,0.0,0.4,0.2,0.7,0.5,0.4,0.6
v54,0.5,0.5,0.5,0.5,0.5,0.5,0.5
v55,0.9,0.0,0.6,0.0,0.1,0.0,0.5
v56,,,,,0.5,,1.0
v57,0.5,0.4,0.5,0.6,0.6,1.0,0.0
v58,0.4,0.7,0.5,0.5,0.0,0.5,0.2
v59,0.0,0.5,0.1,0.2,0.4,0.4,0.0
v60,0.6,0.4,0.7,0.1,0.5,0.1,0.5
v61,0.5,0.0,1.0,0.0,0.5,0.1,0.3
v62,0.1,0.4,0.4,0.3,0.6,0.9,0.0
v63,0.2,0.4,0.3,0.1,0.9,0.1,0.3
v64,0.7,0.0,1.0,0.0,0.5,0.0,0.5
v65,0.0,0.0,0.0,0.0,0.0,0.0,0.0
v66,0.2,0.0,0.7,0.1,0.3,0.1,0.6
v67,0.6,0.6,0.5,0.4,0.7,0.5,0.5
v68,1.0,0.0,1.0,0.0,0.5,0.0,0.0
v69,0.7,0.4,0.9,0.5,0.0,0.6,0.4
v70,0.7,0.0,0.7,0.0,0.3,0.0,0.6
v71,0.8,,0.5,0.0,0.5,0.5,0.3
v72,0.9,0.0,0.6,0.0,0.0,0.0,0.5
v73,0.0,0.5,0.5,0.5,0.5,0.2,0.2
v74,0.5,0.0,0.6,0.0,0.2,0.2,0.1
v75,0.4,0.4,0.4,0.2,0.3,0.4,0.2
v76,1.0,0.0,0.9,0.5,0.5,0.2,0.9
v77,0.0,0.3,0.4,0.2,0.3,0.7,0.2
v78,0.2,0.1,0.2,0.1,0.3,0.0,0.0
v79,1.0,0.0,1.0,0.0,0.0,0.0,1.0
v80,0.5,0.6,0.3,0.7,0.3,0.5,0.5
v81,0.1,0.0,0.2,0.0,0.0,0.1,0.2
v82,0.5,0.1,0.5,0.5,1.0,0.5,0.5
v83,0.4,0.5,0.4,0.6,0.2,0.7,0.6
v84,0.7,0.0,0.7,0.0,0.3,0.1,0.5
v85,0.4,0.0,0.5,0.0,0.4,0.4,0.5
v86,1.0,0.0,0.9,0.0,0.5,0.0,0.1
v87,0.0,0.5,0.5,0.4,0.7,0.3,0.0
v88,0.7,0.0,0.8,0.1,0.2,0.1,0.3
v89,0.6,0.2,0.4,0.3,0.2,0.0,
v90,0.8,0.0,1.0,0.0,0.5,0.5,0.5
v91,0.8,0.0,0.8,0.0,0.0,0.0,0.9
v92,,,,0.0,,0.0,
v93,0.0,0.7,0.0,0.5,0.5,0.2,0.0
v94,1.0,0.0,1.0,0.0,0.8,0.0,0.9
v95,1.0,0.1,0.5,0.0,0.2,0.5,0.6
v96,0.6,0.0,0.8,0.0,0.3,0.2,0.3
v97,0.0,0.7,0.0,0.2,0.3,0.1,0.1
v98,0.9,0.3,1.0,0.3,0.5,0.4,0.7
v99,0.2,0.3,0.3,0.2,0.7,0.4,0.2
v100,1.0,0.0,1.0,0.0,0.4,0.1,0.4
v101,0.5,0.0,0.8,0.0,0.2,0.0,0.0
v102,0.8,0.0,0.8,0.0,0.0,0.0,1.0
v103,0.0,0.9,0.0,0.4,0.5,0.7,0.3
v104,1.0,0.0,1.0,0.0,0.0,0.0,1.0
v105,0.4,0.9,0.4,1.0,1.0,1.0,0.4
v106,0.3,0.0,0.7,0.5,0.0,0.0,0.5
v107,1.0,0.0,0.9,0.4,0.4,0.2,0.7
v108,1.0,0.0,0.8,0.0,0.0,0.1,0.5
v109,0.5,0.7,0.4,0.5,0.1,0.5,0.5
v110,0.3,0.1,0.4,0.0,0.1,0.7,0.2
v111,0.9,0.0,0.8,0.0,0.0,0.0,0.3
v112,0.0,0.6,0.0,0.7,1.0,0.5,0.0
v113,0.1,0.7,0.1,0.2,0.5,0.5,0.1
v114,0.1,0.9,0.2,0.0,0.5,0.6,0.4
v115,1.0,0.0,0.9,0.0,0.2,0.0,0.9
v116,0.1,0.0,0.2,0.0,0.5,0.2,0.4
v117,0.9,0.0,0.9,0.0,0.0,0.0,0.8
v118,1.0,0.0,1.0,0.0,0.7,0.3,0.5
v119,0.0,,0.0,0.0,0.0,0.0,0.0
v120,0.9,0.3,1.0,0.0,0.0,0.2,0.1
v121,0.5,0.0,1.0,0.1,0.3,0.4,0.2
v122,0.9,0.5,0.9,0.2,0.6,0.6,0.7
v123,1.0,0.0,0.5,0.3,0.0,0.0,0.5
v124,0.0,0.0,0.0,0.0,0.4,0.3,0.0
v125,1.0,0.0,0.7,0.0,0.0,0.0,0.8
v126,0.0,0.0,0.0,0.1,0.0,0.0,0.1
v127,1.0,0.0,0.8,0.0,0.7,0.1,0.8
v128,0.2,0.4,0.6,0.2,0.5,0.5,0.4
v129,0.0,1.0,0.0,0.0,0.5,1.0,0.0
v130,0.5,0.0,0.3,0.0,0.0,0.0,0.3
v131,1.0,0.0,0.7,0.0,0.5,0.0,0.5
v132,0.4,0.0,0.5,0.0,0.5,0.4,0.6
v133,0.6,0.1,0.8,0.2,0.7,0.1,0.6
v134,1.0,0.0,0.8,0.1,0.2,0.0,0.4
v135,0.5,0.5,0.3,0.0,0.0,0.5,0.1
v136,0.8,0.0,0.6,0.0,0.4,0.2,0.4
v137,0.5,0.0,0.7,0.0,0.2,0.4,0.6
v138,0.8,0.2,0.8,0.0,0.2,0.3,0.5
v139,0.6,0.0,0.9,0.0,0.2,0.0,0.5
v140,0.2,0.4,0.2,0.5,0.3,0.2,0.2
v141,1.0,0.0,0.8,0.0,0.4,0.2,0.5
v142,0.0,1.0,0.0,0.5,0.4,0.9,0.0
v143,0.0,0.1,0.1,0.0,0.0,0.0,0.1
v144,0.2,0.3,0.3,0.4,0.1,0.3,0.3
v145,1.0,0.0,1.0,0.0,0.0,0.0,0.1
v146,0.5,0.8,0.5,0.4,0.5,0.4,0.4
v147,1.0,0.0,1.0,0.0,0.3,0.1,0.4
v148,0.2,0.7,0.4,0.4,0.4,0.7,0.2
v149,1.0,0.0,1.0,0.0,0.0,0.0,0.5
v150,0.6,0.1,0.8,0.0,0.6,0.2,0.5
v151,0.7,,0.7,0.3,0.7,,
v152,0.5,0.7,0.6,0.4,0.8,0.8,0.0
v153,0.4,0.4,0.3,0.5,0.5,0.5,0.4
v154,0.0,0.5,0.0,0.0,0.0,0.2,0.0
v155,0.0,0.0,0.4,0.0,0.9,0.3,0.0
v156,0.1,0.3,0.5,0.1,0.7,0.3,0.5
v157,0.1,0.1,0.3,0.2,0.2,0.3,0.3
v158,0.2,0.3,0.3,0.2,0.6,0.5,0.2
v159,0.3,0.3,0.1,0.3,0.3,0.3,0.3
v160,,,,1.0,1.0,,
v161,0.3,0.0,0.3,0.0,0.0,0.0,0.3
v162,0.0,0.0,0.0,0.0,0.0,0.0,0.0
v163,0.0,0.0,0.0,0.1,0.5,0.0,0.0
v164,0.4,0.4,0.4,1.0,0.7,0.7,0.7
v165,0.2,0.0,1.0,0.0,0.3,0.0,0.0
v166,0.6,0.2,1.0,0.2,0.5,0.4,0.8
v167,0.0,0.7,0.1,0.6,0.7,0.6,0.0
v168,0.4,0.2,0.4,0.0,0.3,0.2,0.3
v169,0.0,0.0,0.5,0.5,1.0,0.0,0.3
v170,0.5,,0.5,0.5,0.5,,0.5
v171,0.0,0.0,0.0,0.0,0.3,0.3,0.0
v172,0.7,0.0,0.8,0.0,0.3,0.3,0.0
v173,0.8,,0.9,0.3,0.6,0.3,0.5
v174,0.8,0.7,0.5,0.0,0.0,0.0,0.2
v175,0.2,0.0,0.2,0.0,0.0,0.0,1.0
v176,0.2,0.7,0.5,0.0,0.3,0.0,0.3
v177,0.7,0.3,0.7,0.0,0.5,0.0,0.9
v178,0.3,0.5,0.4,0.1,0.5,0.5,0.2
v179,1.0,0.0,0.6,0.0,0.5,0.4,0.5
v180,1.0,0.0,0.6,0.0,0.1,0.0,0.5
v181,1.0,0.0,0.6,0.0,0.5,0.0,0.0
v182,1.0,0.0,1.0,0.0,0.1,0.0,0.4
v183,0.8,0.1,1.0,0.0,0.7,0.2,0.5
v184,0.0,0.3,0.3,0.4,0.4,0.1,0.0
v185,0.1,0.2,0.4,0.0,0.5,0.2,0.1
v186,0.5,0.0,0.5,0.0,0.0,0.5,0.5
v187,0.1,0.5,0.7,0.3,0.4,0.4,0.3
v188,0.8,0.7,0.6,0.6,0.8,,0.8
v189,0.0,0.5,0.5,0.5,0.4,0.3,0.0
v190,0.5,0.0,0.7,0.0,0.0,0.1,0.3
v191,0.0,1.0,0.3,0.5,0.1,0.7,0.0
v192,0.8,0.0,0.6,0.2,0.3,0.0,0.4
v193,0.0,0.3,0.3,0.0,0.3,0.8,0.3
v194,0.1,0.5,0.5,0.2,0.5,0.6,0.2
v195,1.0,0.0,0.9,0.1,0.4,0.1,0.6
v196,0.5,0.0,0.5,0.2,0.2,0.0,0.3
v197,0.2,0.3,0.4,0.0,0.3,0.4,0.1
v198,0.7,0.3,1.0,0.4,0.3,0.2,0.5
v199,1.0,0.0,0.9,0.0,0.4,0.0,0.6
v200,0.3,0.3,0.3,0.8,0.0,0.3,0.3
v201,1.0,0.0,0.9,0.5,0.2,0.0,0.9
v202,0.0,0.8,0.0,0.9,0.2,0.7,0.0
v203,1.0,0.0,1.0,0.5,0.5,0.3,0.7
v204,0.3,0.3,0.9,0.0,0.2,0.6,0.4
v205,0.0,0.0,0.0,0.0,0.0,0.0,0.0
v206,0.0,0.0,0.0,0.8,0.2,0.0,0.0
v207,1.0,0.0,0.8,0.0,0.0,0.0,1.0
v208,0.0,1.0,0.1,0.3,0.5,0.5,0.2
v209,0.4,1.0,0.7,0.1,0.7,0.3,0.1
v210,0.7,0.1,1.0,0.0,0.4,0.1,0.4
v211,0.1,1.0,0.5,0.3,0.8,0.3,0.1
v212,0.1,1.0,0.3,0.3,0.5,0.4,0.2
v213,0.0,0.2,0.3,0.3,0.5,0.3,0.2
v214,0.2,0.4,0.2,0.4,0.9,0.6,0.6
v215,1.0,0.0,0.8,0.0,0.2,0.0,0.1
v216,0.3,0.0,0.4,0.1,0.0,0.3,0.1
v217,0.7,0.0,0.7,0.0,0.3,0.0,1.0
v218,0.0,1.0,0.0,0.2,0.0,0.7,0.1
v219,0.8,0.1,0.5,0.0,0.2,0.0,0.2
v220,1.0,0.0,0.9,0.0,0.0,0.0,0.7
v221,1.0,0.0,1.0,0.5,0.5,0.0,0.5
v222,0.6,0.0,0.2,0.0,0.4,0.6,0.6
v223,1.0,0.0,1.0,0.0,1.0,0.0,1.0
v224,0.4,0.5,0.3,0.3,0.4,0.4,0.5
v225,0.5,0.6,0.4,0.1,0.6,0.4,0.1
v226,0.6,0.0,0.0,0.0,0.0,0.0,0.0
v227,0.7,0.0,0.7,0.0,0.2,0.2,0.4
v228,0.6,0.0,0.7,0.1,0.1,0.0,0.1
v229,1.0,0.0,0.7,0.1,0.1,0.0,0.7
v230,0.0,0.0,0.0,0.0,0.5,0.5,0.0
v231,0.0,0.5,0.0,0.5,1.0,0.5,0.0
v232,0.2,0.2,0.8,0.2,0.5,0.2,0.5
v233,0.3,0.4,0.6,0.4,0.5,0.4,0.5
v234,0.9,0.2,0.8,0.1,0.4,0.3,0.6
v235,0.1,1.0,0.2,0.9,0.6,0.8,0.1
v236,1.0,0.0,0.8,0.1,0.3,0.0,0.5
v237,0.3,0.0,0.4,0.0,0.3,0.0,0.2
v238,1.0,0.0,0.8,0.0,0.2,0.0,1.0
v239,1.0,0.0,0.0,0.0,0.5,0.0,1.0
v240,1.0,0.2,1.0,0.1,0.0,0.3,0.3
v241,0.5,0.1,0.7,0.2,0.3,0.5,0.4
v242,0.2,0.0,0.1,0.0,0.0,0.0,0.0
v243,0.0,0.0,0.0,0.0,0.0,0.0,0.0
v244,0.0,0.7,0.1,0.0,0.0,0.2,0.2
v245,0.0,0.5,0.4,0.5,1.0,0.7,0.4
v246,0.0,0.6,0.3,0.7,0.8,0.9,0.1
v247,0.0,0.6,0.5,0.0,0.9,1.0,0.1
v248,0.6,0.3,0.6,0.3,0.3,0.3,0.4
v249,0.1,0.1,0.2,0.8,0.6,0.5,0.1
v250,0.3,1.0,0.7,0.0,0.5,0.1,0.0
v251,0.1,0.0,0.2,0.2,1.0,0.5,0.0
v252,0.0,1.0,0.0,0.0,0.3,0.9,0.0
v253,1.0,0.0,1.0,0.0,0.0,0.0,1.0
v254,1.0,0.0,0.9,0.0,0.2,0.0,1.0
v255,1.0,0.0,1.0,0.0,0.2,0.0,0.8
v256,0.5,0.5,0.7,0.4,0.6,0.4,0.4
v257,0.3,0.1,0.5,0.0,0.0,0.0,0.3
v258,0.6,0.3,0.4,0.6,0.5,0.4,0.4
v259,0.1,0.1,0.1,0.2,0.2,0.3,0.2
v260,0.0,0.0,0.0,0.0,0.0,0.0,0.0
v261,0.0,0.4,0.0,0.4,0.7,1.0,0.4
v262,1.0,0.0,0.7,0.0,0.2,0.2,0.5
v263,0.2,0.9,0.3,0.4,0.5,0.6,0.2
v264,1.0,0.0,0.6,0.0,0.2,0.3,0.5
v265,0.2,0.8,0.3,0.4,0.3,0.5,0.2
v266,0.6,0.0,0.4,0.1,0.5,0.4,0.4
v267,0.5,0.2,0.6,0.2,0.5,0.4,0.3
v268,1.0,0.0,0.7,0.0,0.0,0.0,0.0
v269,0.8,0.1,0.6,0.3,0.5,0.4,0.2
v270,0.5,0.0,0.6,0.3,0.4,0.4,0.6
v271,0.9,0.0,0.7,0.0,0.3,0.0,0.3
v272,0.7,0.0,0.8,0.0,0.3,0.4,0.4
v273,0.1,0.9,0.4,1.0,0.4,0.4,0.3
v274,0.0,0.5,0.0,1.0,0.7,0.5,0.0
v275,0.5,0.3,1.0,0.5,0.4,0.6,0.5
v276,0.6,0.6,0.6,0.4,0.3,0.3,0.0
v277,0.8,0.0,0.8,0.0,0.2,0.0,0.8
v278,0.7,0.0,0.7,0.0,0.0,0.0,0.3
v279,0.2,0.0,0.3,0.0,0.0,0.0,0.1
v280,0.0,0.6,0.1,0.9,0.8,0.6,0.0
v281,0.0,0.0,0.0,0.0,0.0,0.0,0.0
v282,0.8,0.2,0.7,0.1,0.1,0.3,0.5
v283,0.0,0.0,0.2,0.0,0.4,0.2,0.4
v284,0.5,1.0,0.3,1.0,0.5,0.0,0.3
v285,0.8,0.0,0.3,0.0,0.0,0.0,0.9
v286,0.0,1.0,0.0,0.4,0.2,0.9,0.0
v287,0.0,0.0,0.0,0.0,0.0,0.0,0.0
v288,0.0,0.0,0.0,0.9,0.7,0.1,0.0
v289,0.6,0.6,0.8,0.5,0.7,0.7,0.6
v290,0.9,0.0,0.9,0.0,0.0,0.0,0.4
v291,0.0,0.8,0.0,0.8,0.6,0.7,0.0
v292,0.0,1.0,0.0,1.0,0.5,0.2,0.0
v293,0.0,0.7,0.0,0.7,0.5,0.2,0.0
v294,0.8,0.0,0.9,0.0,0.1,0.1,0.6
v295,0.0,0.3,0.1,0.2,0.5,0.3,0.1
v296,1.0,0.0,1.0,0.1,0.5,0.5,0.7
v297,0.9,0.1,0.9,0.0,0.0,0.0,0.7
v298,0.8,0.0,0.9,0.0,0.0,0.0,0.8
v299,0.9,0.1,0.9,0.0,0.3,0.1,0.6
v300,0.0,0.3,0.7,0.0,0.3,0.9,0.0
v301,0.0,0.5,0.1,0.9,0.7,0.2,0.0
v302,0.5,0.0,0.0,0.0,0.3,0.6,0.6
v303,0.7,0.0,0.5,0.3,0.4,0.4,0.3
v304,1.0,0.0,1.0,0.0,0.2,0.2,0.2
v305,0.0,0.5,0.0,0.7,1.0,0.8,0.0
v306,0.0,0.8,0.4,0.0,0.6,0.7,0.3
v307,0.0,0.9,0.2,0.3,0.4,0.6,0.0
v308,0.8,0.3,1.0,0.5,0.7,0.5,0.7
v309,0.6,0.3,0.7,0.4,0.6,0.3,0.0
v310,0.2,0.5,0.3,0.6,1.0,0.6,0.4
v311,0.0,0.9,0.0,0.6,0.4,0.7,0.5
v312,0.5,0.3,0.6,0.2,0.8,0.3,0.4
v313,0.0,0.9,0.0,0.1,0.2,0.2,0.0
v314,0.0,1.0,0.0,0.2,0.4,0.9,0.0
v315,0.9,0.0,0.0,0.0,0.5,0.1,0.8
v316,0.0,0.7,0.2,0.9,0.4,0.2,0.3
v317,1.0,0.0,0.6,0.0,0.3,0.0,0.5
v318,0.2,0.0,0.4,0.4,0.6,0.0,0.6
v319,0.8,0.0,0.5,0.0,0.0,0.0,1.0
v320,0.7,0.5,0.7,0.5,0.7,0.8,0.5
v321,0.8,0.3,0.7,0.0,0.5,0.6,0.6
v322,0.7,0.3,0.7,0.1,0.4,0.3,0.0
v323,0.1,0.0,0.1,0.0,0.0,0.0,0.2
v324,0.0,0.0,0.3,0.0,0.0,0.0,0.0
v325,0.9,0.0,1.0,0.0,1.0,0.0,0.9
v326,0.9,0.1,0.8,0.3,0.0,0.1,0.8
v327,0.3,0.0,1.0,0.5,0.1,0.2,0.2
v328,1.0,0.0,1.0,0.0,0.0,0.0,0.3
v329,1.0,0.5,0.4,0.6,0.4,0.3,0.5
v330,0.6,0.6,0.5,0.6,0.4,0.5,0.6
v331,0.3,0.4,0.4,0.2,0.3,0.7,0.3
v332,0.0,1.0,0.2,0.3,0.4,0.3,0.1
v333,0.3,0.3,0.3,0.3,0.5,0.3,0.3
v334,0.0,0.9,0.1,0.3,0.4,0.6,0.0
v335,0.5,0.5,0.5,0.5,0.5,0.5,0.5
v336,0.0,0.4,0.3,0.1,1.0,0.5,0.0
v337,0.0,0.5,0.2,0.7,0.5,0.3,0.0
v338,1.0,0.0,1.0,0.0,0.0,0.0,0.2
v339,0.3,0.0,0.4,0.3,0.0,0.0,0.1
v340,0.7,0.0,0.6,0.1,0.1,0.1,0.3
v341,1.0,0.0,1.0,0.0,0.3,0.0,0.6
v342,0.3,0.5,0.3,0.2,0.8,0.4,0.1
v343,0.0,1.0,0.0,0.0,0.0,1.0,0.0
v344,1.0,0.4,1.0,0.0,0.9,0.3,0.5
v345,0.9,0.0,0.8,0.0,0.0,0.0,0.7
v346,0.5,0.0,0.6,0.0,0.5,0.3,0.3
v347,1.0,0.0,0.0,0.0,0.0,0.0,0.0
v348,0.4,0.2,0.4,0.6,0.4,0.3,0.2
v349,0.2,0.1,0.6,0.1,0.1,0.1,0.1
v350,0.2,1.0,0.3,0.6,0.0,0.1,0.0
v351,0.2,0.7,0.2,1.0,0.7,0.5,0.0
v352,0.8,,0.8,0.2,0.6,0.4,0.6
v353,0.6,0.0,0.8,0.0,0.2,0.3,0.4
v354,0.1,1.0,0.3,0.2,0.4,0.3,0.2
v355,1.0,0.0,0.8,0.0,0.0,0.0,0.2
v356,,0.0,1.0,0.0,0.2,0.0,0.4
v357,0.6,0.0,0.6,0.0,0.3,0.4,0.5
v358,0.4,0.4,0.9,0.5,0.6,0.1,0.1
v359,0.5,,0.7,0.3,0.5,0.5,0.5
v360,0.6,0.2,0.9,0.0,0.3,0.1,0.5
v361,0.5,0.5,0.5,0.0,0.3,1.0,0.2
v362,0.0,1.0,0.1,0.5,0.5,1.0,0.0
v363,0.5,0.2,0.4,0.0,0.3,0.1,0.1
v364,0.3,0.3,0.3,0.3,1.0,0.3,0.3
v365,0.0,1.0,0.0,0.7,0.4,1.0,0.0
v366,0.0,0.9,0.5,0.0,0.2,0.8,0.0
v367,0.3,0.3,0.7,0.6,0.6,0.4,0.7
v368,1.0,0.0,0.5,0.0,0.1,0.0,0.3
v369,1.0,0.0,0.0,0.0,0.0,0.0,0.0
v370,0.2,0.5,0.3,0.3,0.5,1.0,0.3
v371,,0.4,1.0,0.0,0.3,0.1,1.0
v372,0.4,0.3,0.4,0.2,1.0,0.6,0.2
v373,0.5,0.5,0.5,0.5,0.5,0.5,0.5
v374,0.4,0.0,1.0,0.0,0.4,0.1,0.4
v375,0.0,0.0,0.0,0.0,0.4,0.0,0.0
v376,0.7,0.0,0.6,0.0,0.8,0.4,0.8
v377,1.0,0.0,0.9,0.0,0.8,0.0,0.7
v378,0.0,0.5,0.4,0.3,0.3,0.2,0.1
v379,1.0,0.1,1.0,0.1,0.5,0.3,0.7
v380,0.7,0.2,0.7,0.2,0.2,0.2,0.7
v381,0.3,0.3,0.3,0.5,0.3,0.2,0.2
v382,0.3,0.3,0.3,0.3,0.3,0.3,0.3
v383,0.0,0.2,0.2,0.4,0.3,,0.3
v384,0.0,0.0,0.0,0.5,1.0,0.9,0.0
v385,1.0,0.0,1.0,0.0,0.5,0.0,1.0
v386,0.1,0.1,0.6,0.0,0.0,0.1,0.1
v387,,0.2,0.5,0.0,0.4,0.0,0.4
v388,0.3,0.5,0.3,0.0,0.6,0.5,0.4
v389,0.2,0.4,0.5,0.0,0.2,0.7,0.2
v390,0.7,0.0,0.3,0.0,0.3,0.0,
v391,0.0,0.5,0.3,0.6,0.3,0.3,0.1
v392,0.4,0.0,0.4,0.2,0.9,0.2,0.2
v393,0.0,0.0,0.0,0.0,0.0,0.0,0.0
v394,0.7,0.5,0.7,0.6,0.7,0.5,0.7
v395,0.0,0.0,0.7,0.0,0.0,0.0,0.0
v396,1.0,0.0,1.0,0.0,0.9,0.0,0.9
v397,0.4,0.0,0.0,0.0,0.4,0.0,0.4
v398,0.1,0.0,0.4,0.0,0.2,0.1,0.3
v399,0.7,0.0,0.6,0.4,0.5,0.7,0.5
v400,0.4,0.4,0.4,0.4,1.0,0.4,0.4
v401,0.8,0.3,0.5,0.4,0.5,0.5,0.5
v402,0.0,0.5,0.0,0.7,1.0,0.5,0.0
v403,0.2,0.3,0.4,0.0,0.5,0.3,0.2
v404,0.7,0.2,0.4,0.4,0.5,0.5,0.4
v405,0.7,0.2,0.6,0.0,0.5,0.4,0.4
v406,0.5,0.5,0.5,0.0,0.0,0.2,0.2
v407,0.0,1.0,0.0,0.0,0.3,1.0,0.0
v408,0.3,0.3,0.3,1.0,0.6,0.3,0.3
v409,1.0,0.2,0.7,0.0,0.5,0.5,0.6
v410,1.0,0.0,1.0,0.0,0.5,0.0,0.5
v411,0.2,0.3,0.2,0.2,0.7,0.3,0.3
v412,0.3,0.0,0.3,0.1,0.5,0.1,0.6
v413,0.3,0.0,0.7,0.6,1.0,0.3,0.7
v414,0.5,0.0,0.4,0.2,0.6,0.2,0.5
v415,0.4,0.3,0.4,0.2,0.2,0.4,0.3
v416,0.7,0.0,0.3,0.0,0.2,0.2,1.0
v417,0.9,0.5,0.8,0.7,0.8,0.8,0.9
v418,0.1,0.1,0.1,0.2,0.1,0.1,0.1
v419,0.0,0.2,0.0,0.0,1.0,0.0,0.0
v420,1.0,0.0,1.0,0.0,0.0,0.0,1.0
v421,0.0,0.0,0.0,0.9,0.0,0.0,0.0
v422,1.0,0.0,0.0,0.0,0.0,0.0,0.0
v423,0.8,0.7,0.6,0.7,1.0,0.9,0.8
v424,0.4,,0.5,0.3,0.1,0.6,0.5
v425,0.4,0.0,0.8,0.0,0.7,0.6,0.0
v426,0.6,0.0,0.8,0.0,0.4,0.2,0.5
v427,1.0,0.7,0.8,0.5,,0.5,0.5
v428,0.4,0.4,0.3,0.3,0.4,0.3,0.4
v429,0.0,0.4,0.0,0.4,0.2,0.4,0.2
v430,0.0,0.8,0.0,0.0,0.0,0.0,0.0
v431,,,,,,,0.7
v432,1.0,0.0,0.3,0.0,0.0,0.0,0.8
v433,0.7,0.0,1.0,0.0,0.2,0.3,0.5
v434,0.8,0.0,0.9,0.0,0.3,0.4,0.5
v435,0.3,0.3,0.7,0.5,0.4,0.5,0.3
v436,0.4,0.2,0.4,0.0,0.1,0.0,0.4
v437,1.0,0.0,0.5,0.0,0.4,0.8,0.3
v438,0.3,0.0,0.5,0.5,0.5,0.4,0.2
v439,0.2,0.0,0.3,0.0,0.4,0.1,0.5
v440,1.0,0.0,1.0,0.0,0.2,0.0,0.7
v441,1.0,0.0,1.0,0.0,0.0,0.0,0.9
v442,1.0,0.0,0.9,0.0,0.5,0.4,0.3
v443,0.2,0.2,0.3,0.5,0.4,0.4,0.5
v444,0.7,0.3,0.9,0.1,0.4,0.5,0.4
v445,0.0,1.0,0.0,0.0,0.5,0.4,0.0
v446,0.0,0.5,0.0,1.0,0.4,0.0,0.2
v447,0.0,0.5,0.2,0.7,0.7,0.6,0.0
v448,0.0,0.9,0.0,0.0,0.0,0.0,0.0
v449,0.3,0.0,0.3,0.0,0.5,0.6,0.4
v450,0.3,0.5,0.4,0.4,0.7,0.7,0.6
v451,0.2,0.8,0.2,0.9,0.5,0.8,0.0
v452,0.4,0.0,1.0,0.2,0.3,0.0,0.1
v453,0.9,0.1,0.9,0.0,0.3,0.5,0.4
v454,0.0,1.0,0.0,0.5,0.6,0.6,0.0
v455,0.2,0.7,0.3,0.7,0.7,0.5,0.3
v456,0.0,0.4,0.0,1.0,0.5,0.5,0.2
v457,0.7,0.0,0.7,0.0,0.4,0.1,0.9
v458,0.4,0.0,0.5,0.0,0.3,0.0,
v459,1.0,0.7,1.0,0.3,1.0,0.6,0.8
v460,0.0,0.0,0.0,0.0,1.0,0.0,0.2
v461,1.0,0.0,1.0,0.0,0.0,0.0,0.8
v462,0.3,0.3,0.3,0.5,0.5,0.3,0.1
v463,0.2,0.7,0.2,0.2,0.7,0.2,0.2
v464,0.5,0.5,0.6,0.6,0.4,0.6,0.6
v465,0.9,0.1,0.8,0.0,0.9,0.0,1.0
v466,0.7,0.2,0.8,0.2,0.2,0.2,0.2
v467,0.7,0.4,0.4,0.3,0.6,0.5,0.7
v468,0.0,1.0,0.0,0.8,0.5,0.0,0.0
v469,0.0,0.0,0.0,0.0,0.0,0.0,0.0
v470,0.0,1.0,0.6,0.6,0.0,0.0,0.0
v471,0.8,0.0,0.7,0.0,0.5,0.3,0.6
v472,0.6,0.3,0.7,0.3,0.6,0.5,0.5
v473,1.0,0.0,0.7,0.0,0.7,0.0,0.7
v474,0.0,0.2,0.3,1.0,0.5,0.0,0.3
v475,0.4,0.0,0.7,0.0,0.2,0.2,0.4
v476,0.0,0.0,0.0,0.0,0.0,0.0,0.0
v477,1.0,0.0,0.9,0.0,0.5,0.3,0.4
v478,0.0,0.0,0.0,0.0,0.0,0.0,0.0
v479,0.5,0.1,0.8,0.1,0.3,0.0,0.0
v480,0.0,0.4,0.0,0.0,0.0,0.0,0.0
v481,0.2,0.7,0.4,0.3,0.4,0.5,0.4
v482,0.0,0.9,0.6,0.5,0.2,0.4,0.4
v483,0.8,0.2,0.6,0.0,0.4,0.3,0.4
v484,0.0,1.0,0.3,0.5,0.0,0.7,0.7
v485,0.2,0.7,0.2,0.9,0.5,0.7,0.4
v486,0.0,0.7,0.0,0.4,1.0,0.4,0.0
v487,0.8,0.0,0.7,0.0,0.2,0.2,0.4
v488,0.6,0.4,1.0,0.6,0.3,0.6,0.9
v489,1.0,0.3,1.0,0.6,0.5,0.4,0.7
v490,1.0,0.3,0.8,0.2,0.3,0.5,0.7
v491,0.8,0.5,0.9,0.6,0.7,0.8,0.9
v492,1.0,0.5,1.0,0.4,0.4,0.3,0.7
v493,0.0,0.0,0.0,0.0,0.0,0.0,0.0
v494,0.0,0.0,0.3,0.3,0.3,0.3,0.3
v495,0.8,0.3,0.7,0.7,0.8,0.5,0.4
v496,0.0,0.0,0.0,0.0,0.0,0.0,0.0
v497,0.5,0.6,0.5,0.7,0.3,0.8,0.7
v498,,,,,0.5,,
v499,0.9,0.0,1.0,0.0,0.8,0.0,0.7
v500,0.0,1.0,0.4,0.1,0.5,0.8,0.0
v501,0.0,0.3,0.3,0.5,0.5,0.2,0.4
v502,0.6,0.1,0.6,0.1,0.1,0.1,0.4
v503,0.0,0.0,0.0,1.0,0.8,0.7,0.0
v504,,0.2,0.5,0.0,0.2,0.0,0.2
v505,0.2,0.4,1.0,0.3,0.2,0.5,0.3
v506,0.0,0.2,0.3,0.4,0.5,0.3,0.4
v507,0.2,0.2,0.3,0.1,0.1,0.3,0.1
v508,0.8,0.1,1.0,0.3,0.3,0.3,0.2
v509,0.2,0.8,0.3,0.1,0.2,0.5,0.4
v510,0.0,1.0,0.0,0.0,0.8,0.9,0.0
v511,0.8,0.0,0.9,0.0,0.0,0.0,0.8
v512,0.5,0.0,0.7,0.0,0.3,0.5,0.6
v513,0.5,0.0,0.8,0.0,0.5,0.5,0.0
v514,0.3,0.4,0.3,0.4,0.5,0.6,0.5
v515,0.3,0.7,0.4,0.5,0.4,0.5,0.0
v516,0.1,0.7,0.4,0.1,0.5,0.5,0.2
v517,0.8,0.0,0.9,0.0,0.2,0.0,0.7
v518,1.0,0.0,1.0,0.0,0.5,0.0,0.6
v519,0.3,0.0,0.4,0.1,0.9,0.2,0.2
v520,0.1,0.4,0.2,0.4,0.3,0.1,0.5
v521,0.0,0.4,0.1,0.0,1.0,0.9,0.0
v522,0.4,0.7,0.4,1.0,0.5,0.4,0.2
v523,0.8,0.0,0.7,0.0,0.4,0.2,0.1
v524,1.0,0.0,1.0,0.0,0.0,0.0,0.8
v525,1.0,0.0,1.0,0.0,0.0,0.0,0.6
v526,0.0,0.5,0.1,1.0,0.5,0.6,0.0
v527,0.7,0.0,0.5,0.2,0.4,0.5,0.3
v528,0.9,0.4,1.0,0.4,0.8,0.5,0.5
v529,0.9,0.0,1.0,0.0,0.2,0.0,0.9
v530,0.5,0.0,0.3,0.0,0.2,0.0,0.2
v531,0.0,0.3,0.0,1.0,1.0,0.7,0.3
v532,1.0,0.0,1.0,0.0,0.0,0.0,1.0
v533,0.2,0.4,0.2,0.5,0.6,1.0,0.0
v534,0.5,0.3,0.2,1.0,0.7,0.2,0.2
v535,0.0,0.0,0.0,0.8,0.1,0.2,0.0
v536,0.1,0.1,0.1,0.1,1.0,0.1,0.1
v537,0.0,0.4,0.1,0.0,1.0,0.4,0.0
v538,1.0,0.0,0.7,0.0,0.0,0.0,0.0
v539,1.0,0.5,0.7,0.4,0.5,0.5,0.5
v540,0.5,0.3,0.7,0.2,0.5,0.4,0.4
v541,0.4,0.2,0.8,0.3,0.5,0.2,0.6
v542,0.3,0.3,0.3,0.3,0.5,1.0,0.0
v543,0.6,0.0,0.5,0.0,0.4,0.0,1.0
v544,0.8,0.0,0.8,0.0,0.0,0.0,0.4
v545,0.5,0.5,0.5,0.5,0.4,0.5,0.5
v546,0.0,1.0,1.0,0.0,0.7,0.5,0.5
v547,0.3,0.6,0.4,0.3,0.5,0.4,0.5
v548,0.4,0.2,0.7,0.0,0.5,0.2,0.8
v549,0.0,0.9,0.2,0.3,0.0,0.5,0.0
v550,0.3,0.6,0.3,0.7,0.5,0.3,0.5
v551,0.5,0.0,0.3,0.0,0.8,0.0,0.2
v552,0.6,0.3,0.6,0.2,0.7,0.0,0.2
v553,0.0,0.6,0.2,0.7,0.4,0.6,0.3
v554,0.4,0.5,0.5,0.6,0.6,0.5,0.6
v555,0.7,0.0,0.5,0.0,0.1,0.4,0.5
v556,0.9,0.1,0.8,0.0,0.5,0.2,0.4
v557,0.2,0.0,0.4,0.0,0.2,0.0,0.0
v558,0.3,0.0,0.4,0.1,0.6,0.1,0.6
v559,0.5,0.3,0.8,0.0,0.6,0.0,0.5
v560,1.0,0.0,1.0,0.0,0.0,0.5,0.1
v561,0.6,0.0,0.6,0.3,0.3,0.0,0.3
v562,0.0,0.3,0.5,0.3,0.6,0.1,0.0
v563,0.3,0.4,0.4,0.4,0.4,0.4,0.3
v564,0.0,0.0,0.0,0.0,0.0,0.0,0.0
v565,0.2,0.0,0.3,0.4,0.4,0.3,0.3
v566,0.2,0.7,0.5,0.1,0.5,0.2,0.4
v567,0.0,0.0,0.0,0.0,0.0,0.0,0.0
v568,0.0,0.5,0.1,0.6,0.5,0.2,0.0
v569,1.0,0.3,1.0,0.3,0.4,0.3,0.6
v570,0.0,0.5,0.0,0.5,1.0,0.7,0.0
v571,0.1,0.1,0.6,0.1,0.1,0.1,0.1
v572,1.0,0.6,0.3,1.0,0.9,0.9,0.8
v573,1.0,0.0,1.0,0.0,0.0,0.0,0.8
v574,0.3,0.3,0.3,0.3,0.6,0.5,0.3
v575,0.0,0.0,0.0,0.0,0.0,0.0,0.0
v576,0.4,0.0,0.4,0.0,0.2,0.4,0.4
v577,0.0,0.4,0.1,0.3,0.7,0.3,0.2
v578,0.1,0.3,0.3,0.0,0.0,0.9,0.1
v579,0.8,0.8,0.5,0.2,0.0,0.0,0.0
v580,0.5,0.2,0.9,0.0,0.3,0.2,0.3
v581,0.5,0.2,0.5,0.2,0.4,0.1,0.1
v582,0.4,0.2,0.7,0.1,0.4,0.2,0.4
v583,0.5,0.0,0.5,0.0,0.5,0.0,0.3
v584,0.0,0.0,0.2,0.0,0.3,0.3,0.4
v585,0.8,0.1,0.8,0.1,0.5,0.1,0.5
v586,0.6,0.8,0.3,0.2,0.5,0.2,0.2
v587,0.0,0.5,0.0,0.0,0.5,1.0,0.0
v588,0.2,0.9,0.3,0.4,0.6,0.3,0.3
v589,0.0,0.9,0.5,0.5,0.7,0.5,0.0
v590,0.2,0.5,0.7,0.0,0.2,0.3,0.0
v591,0.5,,0.5,0.5,,0.5,
v592,0.0,0.5,0.1,0.2,0.3,0.4,0.0
v593,0.8,0.0,0.8,0.0,0.0,0.0,0.0
v594,0.9,0.2,0.9,0.0,0.0,0.1,0.9
v595,1.0,0.0,1.0,0.0,0.0,0.0,0.9
v596,0.1,0.5,0.2,0.6,0.2,0.1,0.4
v597,1.0,0.0,0.7,0.0,0.3,0.2,0.1
v598,0.3,0.3,0.3,0.9,0.9,0.9,0.6
v599,0.2,0.5,0.3,0.4,0.6,0.8,1.0
v600,0.0,0.5,0.1,0.2,0.5,1.0,0.2
v601,0.9,0.1,0.9,0.1,0.5,0.2,0.5
v602,0.3,0.3,0.3,0.3,0.3,0.3,0.3
v603,0.1,0.4,0.6,0.0,0.4,0.7,0.1
v604,0.8,0.2,0.7,0.6,0.7,0.9,0.9
v605,1.0,0.0,0.9,0.0,0.4,0.0,0.8
v606,0.9,0.0,1.0,0.0,0.5,0.0,0.6
v607,0.0,0.4,0.0,1.0,0.7,0.0,0.0
v608,0.0,0.5,0.0,0.3,1.0,0.4,0.0
v609,0.6,0.2,0.7,0.7,1.0,0.4,0.3
v610,0.0,0.0,0.0,0.0,1.0,0.0,0.0
v611,0.0,0.1,0.3,0.7,1.0,0.5,0.4
v612,0.1,0.0,0.1,0.0,0.1,0.0,0.1
v613,1.0,0.0,0.9,0.0,0.8,0.6,0.8
v614,0.7,0.0,0.7,0.0,0.3,0.4,0.4
v615,0.2,0.1,0.7,0.0,0.2,0.1,0.2
v616,0.3,0.0,0.5,0.0,0.2,0.2,0.2
v617,0.7,0.2,0.6,0.2,0.2,0.4,0.4
v618,0.8,0.6,0.8,0.0,0.5,0.3,0.5
v619,0.3,0.2,0.5,0.2,0.2,0.3,0.6
v620,0.0,0.0,0.0,0.0,0.3,0.0,0.5
v621,1.0,0.0,1.0,0.0,0.5,0.0,1.0
v622,0.0,0.0,0.0,0.0,0.0,0.0,0.0
v623,0.7,0.4,0.8,0.3,0.4,0.4,0.4
v624,0.1,0.8,0.3,0.9,0.8,0.8,0.3
v625,0.0,0.0,0.0,0.0,0.0,0.0,0.0
v626,0.5,0.5,0.5,0.5,0.6,0.5,0.4
v627,0.2,0.4,0.3,0.1,0.2,0.5,0.1
v628,0.2,0.0,0.3,0.5,0.5,0.5,0.2
v629,0.0,0.9,0.0,1.0,1.0,1.0,0.5
v630,0.0,0.4,0.0,0.2,0.2,0.1,0.2
v631,0.5,0.0,0.2,0.0,0.0,0.0,0.8
v632,0.2,0.7,0.3,0.3,0.5,0.2,0.2
v633,0.2,0.2,0.3,0.3,0.4,0.3,0.3
v634,0.2,0.5,0.5,0.2,0.3,0.5,0.1
v635,0.6,0.3,0.4,0.0,0.2,0.3,0.4
v636,0.0,1.0,0.2,0.6,0.3,0.6,0.2
v637,1.0,0.0,0.8,0.0,0.0,0.0,0.3
v638,1.0,0.0,0.9,0.0,0.1,0.0,0.9
v639,1.0,0.0,0.8,0.0,0.5,0.0,0.5
v640,0.5,0.3,0.8,0.1,0.4,0.2,0.3
v641,0.0,0.0,0.0,0.0,0.0,0.0,0.0
v642,1.0,0.0,1.0,0.0,0.0,0.0,0.3
v643,0.3,0.0,0.3,0.3,0.0,0.0,0.0
v644,1.0,0.0,0.4,0.0,0.0,0.0,0.4
v645,1.0,0.0,1.0,0.0,0.0,0.0,1.0
v646,0.4,0.7,0.4,0.3,0.4,0.5,0.4
v647,0.5,0.4,0.7,0.5,0.7,0.6,0.6
v648,1.0,0.0,0.7,0.0,0.5,0.4,0.5
v649,1.0,0.3,1.0,0.3,0.5,0.4,0.8
v650,1.0,0.0,0.6,0.0,0.4,0.1,0.7
v651,0.5,0.2,0.9,0.0,0.5,0.2,0.7
v652,1.0,0.0,0.9,0.0,0.7,0.0,0.8
v653,0.8,0.0,0.6,0.0,0.5,0.4,0.3
v654,0.0,0.0,0.0,0.0,0.0,0.0,0.0
v655,0.5,0.3,0.8,0.0,0.3,0.6,0.5
v656,0.5,0.0,0.5,0.7,1.0,0.6,0.2
v657,0.2,0.0,0.2,0.0,0.5,0.0,0.6
v658,1.0,0.0,1.0,0.0,0.0,0.0,0.5
v659,0.7,0.2,0.9,0.1,0.5,,0.5
v660,0.0,0.0,0.2,0.1,0.8,0.2,0.1
v661,0.9,0.7,1.0,0.3,1.0,0.5,0.4
v662,1.0,0.0,0.6,0.0,0.0,0.0,0.5
v663,0.7,0.0,1.0,0.0,0.4,0.2,0.5
v664,0.2,,0.2,0.2,0.5,0.5,0.3
v665,0.1,0.5,0.5,0.4,0.3,0.5,0.2
v666,0.2,0.4,0.2,0.6,0.3,0.6,0.8
v667,0.5,0.2,1.0,0.0,0.4,0.2,0.2
v668,0.3,0.8,0.8,0.2,0.2,0.2,0.3
v669,0.8,0.4,1.0,0.0,0.4,0.3,0.6
v670,0.5,0.0,0.4,0.1,0.9,0.0,0.9
v671,0.8,0.0,0.9,0.2,0.0,0.0,0.4
v672,0.7,0.0,0.7,0.2,0.2,0.1,1.0
v673,0.5,0.6,0.2,0.3,0.6,0.8,0.4
v674,0.0,0.6,0.0,0.0,0.3,0.7,0.0
v675,0.0,0.0,0.0,0.0,0.0,0.0,0.0
v676,1.0,0.1,1.0,0.3,0.4,0.3,0.9
v677,0.9,0.0,0.8,0.0,0.0,0.0,0.3
v678,0.7,0.0,0.5,0.0,0.5,0.0,0.5
v679,0.2,1.0,0.3,0.3,0.3,0.3,0.3
v680,0.7,0.2,0.6,0.0,0.2,0.3,0.5
v681,1.0,0.0,0.9,0.0,0.0,0.0,0.6
v682,0.0,0.0,0.0,1.0,1.0,1.0,0.5
v683,0.6,0.9,0.5,0.5,0.4,0.6,0.5
v684,0.5,0.2,0.7,0.0,0.5,0.5,0.3
v685,0.2,0.2,0.4,0.0,0.4,0.2,0.5
v686,0.5,0.5,0.5,0.5,0.5,0.5,0.5
v687,1.0,0.0,1.0,0.0,0.0,0.0,0.5
v688,0.4,0.5,0.7,0.8,0.9,0.4,0.5
v689,0.0,0.5,0.0,0.5,0.8,0.8,0.0
v690,0.2,0.0,0.2,0.0,0.1,0.0,0.0
v691,0.8,0.2,0.9,0.1,0.5,0.5,0.5
v692,0.6,0.6,0.7,0.0,0.1,0.1,0.2
v693,0.5,0.0,0.5,0.2,0.1,0.0,0.2
v694,0.8,0.0,0.8,0.0,0.2,0.0,0.2
v695,0.4,0.1,0.6,0.1,0.2,0.1,0.3
v696,0.6,0.2,0.7,0.5,0.5,0.3,0.6
v697,0.3,0.5,0.4,0.7,0.5,0.4,0.3
v698,0.9,0.0,0.9,0.0,0.0,0.0,0.8
v699,0.2,0.5,0.7,0.2,0.5,0.5,0.3
v700,0.0,0.0,0.0,0.0,0.0,0.0,0.0
v701,0.4,0.3,0.2,0.2,0.2,0.2,0.5
v702,0.2,0.3,0.4,0.3,0.3,0.2,0.3
v703,0.5,,,,,,0.5
v704,0.8,0.5,0.8,0.5,0.7,0.6,0.8
v705,0.5,0.0,0.5,0.0,0.2,0.0,0.0
v706,0.0,0.5,0.4,0.0,0.5,1.0,0.0
v707,1.0,0.3,1.0,0.3,0.8,0.3,0.6
v708,0.0,0.4,0.0,0.4,0.4,0.4,0.0
v709,0.3,1.0,0.3,0.6,0.7,0.9,0.2
v710,0.1,0.8,0.2,0.3,0.5,0.4,0.2
v711,0.5,0.0,0.5,0.0,0.0,0.0,0.2
v712,0.0,0.0,0.0,0.6,0.0,0.0,0.0
v713,0.7,0.0,0.6,0.0,0.4,0.5,0.6
v714,1.0,0.0,1.0,0.0,0.8,0.0,0.9
v715,0.5,0.0,1.0,0.0,0.2,0.0,0.0
v716,0.5,0.8,0.6,0.7,0.0,0.7,0.3
v717,0.0,0.0,0.0,0.0,0.0,0.0,0.0
v718,1.0,0.0,1.0,0.0,0.5,0.0,0.0
v719,0.1,0.1,0.1,0.1,0.1,0.1,0.1
v720,0.3,0.1,0.5,0.1,0.4,0.3,0.1
v721,0.8,0.1,0.9,0.1,0.1,0.1,0.9
v722,0.0,0.6,0.0,0.3,0.3,0.8,0.0
v723,0.0,1.0,0.0,0.5,1.0,0.8,0.0
v724,0.3,0.3,0.5,0.3,0.4,0.4,0.1
v725,0.4,0.0,0.5,0.0,0.4,0.0,0.2
v726,0.6,0.0,0.5,0.0,0.2,0.2,0.3
v727,0.0,0.4,0.0,0.4,0.2,0.4,0.1
v728,0.2,0.0,0.4,0.5,1.0,0.3,0.5
v729,0.0,0.3,0.3,0.2,0.4,0.0,0.1
v730,0.8,0.0,0.7,0.0,0.5,0.0,0.0
v731,0.0,0.5,0.0,0.7,1.0,0.8,0.0
v732,0.2,0.1,0.2,0.0,0.1,0.0,0.4
v733,0.3,0.2,0.3,0.9,0.6,0.5,0.4
v734,0.9,0.0,0.7,0.1,0.1,0.0,0.5
v735,0.3,0.5,0.5,0.3,0.5,0.5,0.3
v736,0.0,1.0,0.7,0.7,0.0,0.7,0.7
v737,0.2,0.0,0.4,0.1,0.5,0.4,0.7
v738,0.0,0.0,0.0,0.0,0.0,0.0,0.0
v739,0.8,0.0,1.0,0.0,0.6,0.5,0.5
v740,0.7,0.5,0.8,0.9,0.1,0.3,0.7
v741,0.2,0.6,0.4,0.3,0.5,0.5,0.4
v742,0.5,0.5,0.5,0.5,0.5,0.5,0.5
v743,0.2,0.0,0.2,0.8,1.0,0.2,0.3
v744,0.8,0.0,0.7,0.0,0.5,0.6,0.6
v745,0.0,0.4,0.4,0.2,0.5,0.5,0.3
v746,0.0,0.0,0.0,0.3,0.4,0.2,0.4
v747,0.6,0.5,0.2,0.2,0.2,0.2,0.0
v748,0.6,0.0,0.7,0.0,0.8,0.2,0.5
v749,0.7,0.0,0.9,0.0,0.4,0.0,0.0
v750,0.5,0.0,0.0,0.0,0.1,0.1,0.4
v751,0.3,0.2,0.1,0.4,0.4,0.2,0.1
v752,0.3,,0.3,0.4,0.7,0.6,0.5
v753,0.4,0.2,0.5,0.5,0.5,0.2,0.4
v754,0.0,0.0,0.0,0.8,1.0,0.8,0.0
v755,0.5,0.2,0.6,0.3,0.5,0.6,0.5
v756,0.5,0.1,0.7,0.0,1.0,0.4,0.3
v757,0.5,0.6,0.5,0.6,0.6,0.7,0.5
v758,0.3,0.0,0.3,0.5,1.0,0.3,0.3
v759,1.0,0.0,0.9,0.0,0.0,0.0,0.0
v760,0.3,0.7,0.2,0.2,0.6,0.2,0.4
v761,0.0,0.9,0.0,0.1,0.1,0.8,0.0
v762,0.0,0.5,0.0,0.0,0.0,0.0,0.0
v763,0.0,0.0,0.0,0.0,0.0,0.0,0.0
v764,0.3,0.4,0.5,0.5,0.5,0.5,0.4
v765,0.9,0.0,1.0,0.0,0.0,0.0,0.0
v766,0.0,0.8,0.0,1.0,0.8,0.0,0.0
v767,0.0,0.0,0.0,0.9,0.6,0.6,0.6
v768,0.5,0.0,0.9,0.0,0.6,0.0,0.5
v769,0.5,0.1,0.8,0.0,0.5,0.2,0.6
v770,0.2,0.0,0.8,0.1,0.4,0.0,0.0
v771,0.1,0.4,0.1,0.4,1.0,0.5,0.1
v772,0.6,0.0,1.0,0.0,0.4,0.4,0.4
v773,0.8,0.3,0.8,0.0,0.4,0.6,0.7
v774,0.8,0.0,0.7,0.0,0.4,0.1,0.4
v775,0.0,0.0,0.0,0.0,0.0,0.0,0.0
v776,1.0,0.0,0.0,0.0,0.0,0.0,0.0
v777,0.0,0.5,0.3,0.0,0.5,0.9,0.2
v778,0.0,0.0,0.0,0.0,0.0,0.0,0.0
v779,0.5,0.0,0.9,0.0,0.1,0.0,0.2
v780,0.0,1.0,0.6,0.8,0.7,0.6,0.0
v781,0.0,0.0,0.0,0.0,0.7,0.0,0.1
v782,0.3,0.3,0.5,0.0,0.3,0.2,0.3
v783,0.8,0.0,0.7,0.0,0.3,0.3,0.5
v784,0.6,0.0,0.6,0.3,0.3,0.0,0.1
v785,0.0,0.8,0.0,0.2,0.2,0.3,0.2
v786,0.3,0.1,0.7,0.0,0.3,0.0,0.0
v787,0.9,0.0,0.6,0.0,0.0,0.0,0.5
v788,,0.0,1.0,,,,
v789,0.2,0.3,0.4,0.3,0.3,0.6,0.5
v790,0.5,0.5,0.6,0.2,0.2,0.2,0.2
v791,0.0,0.5,0.2,0.3,0.9,0.6,0.2
v792,0.0,0.0,0.0,0.0,0.1,0.1,0.1
v793,0.7,0.3,0.9,0.0,0.0,0.2,0.4
v794,0.2,0.0,0.4,0.0,0.7,0.0,0.3
v795,0.0,0.0,0.0,0.5,1.0,0.0,0.0
v796,1.0,0.6,0.2,0.0,0.0,0.0,0.0
v797,0.8,0.0,0.8,0.0,0.5,0.0,0.4
v798,0.0,1.0,0.2,0.3,0.8,0.9,0.0
v799,0.9,0.0,0.6,0.0,0.3,0.3,0.2
v800,0.2,0.0,0.2,0.0,0.4,0.0,0.2
v801,0.7,0.1,0.6,0.1,0.7,0.1,0.2
v802,0.0,0.5,0.0,0.2,0.3,1.0,0.0
v803,0.7,0.0,0.8,0.0,1.0,0.6,0.0
v804,0.5,0.2,0.3,0.2,0.2,0.2,0.7
v805,0.1,0.9,0.1,0.3,0.6,0.2,0.3
v806,0.0,0.2,0.3,0.4,0.4,0.1,0.1
v807,0.8,0.0,0.5,0.0,0.5,0.3,0.3
v808,0.0,0.9,0.2,0.0,0.6,0.8,0.0
v809,0.6,0.1,0.7,0.3,0.5,0.1,0.4
v810,0.0,0.5,0.0,0.5,0.0,0.0,0.0
v811,0.7,0.0,0.6,0.0,0.1,0.1,0.3
v812,0.7,0.0,0.9,0.0,0.1,0.0,0.5
v813,0.8,0.0,0.7,0.0,0.0,0.2,0.4
v814,0.8,0.2,1.0,0.0,0.3,0.0,0.5
v815,0.5,0.5,0.5,0.5,0.5,0.5,0.5
v816,0.0,0.0,0.0,0.0,0.0,0.0,0.0
v817,0.2,0.7,0.3,0.3,0.6,0.6,0.1
v818,1.0,0.0,1.0,0.0,0.0,0.0,1.0
v819,0.5,0.1,0.9,0.2,0.4,0.2,0.3
v820,0.4,0.7,0.6,0.7,0.0,0.5,0.4
v821,0.7,0.0,0.6,0.0,0.0,0.0,0.4
v822,1.0,0.0,1.0,0.4,0.5,0.3,0.4
v823,0.0,0.4,0.1,0.7,0.1,0.0,0.0
v824,1.0,0.0,0.8,0.0,0.3,0.1,0.7
v825,0.6,0.1,0.8,0.0,0.1,0.3,0.5
v826,1.0,0.0,0.6,0.0,0.3,0.0,0.5
v827,0.6,0.0,0.7,0.6,0.6,0.3,0.5
v828,0.5,0.5,0.5,0.5,0.5,0.5,0.5
v829,0.1,,0.5,0.4,,0.5,0.1
v830,0.2,0.1,0.6,0.0,0.5,0.0,0.2
v831,0.8,0.6,1.0,0.3,0.7,0.7,0.7
v832,0.7,0.0,0.7,0.3,,0.0,0.3
v833,0.3,0.0,0.5,0.0,0.3,0.2,0.2
v834,0.4,0.6,0.5,0.0,0.3,0.2,0.4
v835,0.6,0.0,0.8,0.0,0.4,0.5,0.4
v836,0.0,1.0,0.0,0.0,0.7,0.9,0.0
v837,0.8,0.0,0.8,0.0,0.1,0.0,0.7
v838,0.8,0.0,0.8,0.0,0.0,0.0,0.7
v839,1.0,0.0,0.7,0.4,0.4,0.0,0.4
v840,0.0,0.0,0.1,0.1,0.0,0.0,0.0
v841,0.0,0.3,0.2,0.1,0.0,0.2,0.0
v842,1.0,0.0,1.0,0.0,0.0,0.0,1.0
v843,0.5,0.2,0.7,0.3,0.5,0.5,0.5
v844,0.3,0.6,0.2,0.5,0.5,0.1,0.3
v845,0.8,0.0,0.9,0.0,0.2,0.0,0.6
v846,0.8,0.0,1.0,0.0,0.5,0.0,0.5
v847,1.0,0.0,1.0,0.0,0.0,0.0,0.1
v848,1.0,0.0,1.0,0.0,0.5,0.2,0.8
v849,0.8,0.0,0.9,0.0,0.0,0.0,0.8
v850,0.0,0.3,0.0,0.5,0.8,0.5,0.1
v851,0.6,0.0,1.0,0.0,0.3,0.3,0.5
v852,0.0,0.0,0.0,0.0,0.5,0.5,0.0
v853,0.3,0.3,0.3,0.0,0.1,0.3,0.3
v854,0.7,0.0,0.8,0.0,0.2,0.1,1.0
v855,0.0,0.0,0.0,0.1,0.9,0.1,0.0
v856,0.1,0.7,0.3,0.5,0.4,0.5,0.4
v857,0.6,0.7,0.9,0.5,0.5,0.6,0.2
v858,0.1,0.4,0.4,0.6,0.6,0.1,0.7
v859,0.0,0.3,0.3,1.0,0.5,0.0,0.3
v860,0.5,0.6,0.5,0.3,0.4,0.3,0.8
v861,0.0,0.1,0.0,0.0,0.0,0.0,0.0
v862,0.9,0.0,0.7,0.1,0.1,0.0,0.3
v863,0.7,0.2,1.0,0.0,0.2,0.2,0.4
v864,0.5,0.5,0.5,0.5,0.5,0.5,0.5
v865,1.0,0.5,1.0,0.7,0.8,0.6,0.7
v866,0.9,0.0,0.9,0.0,0.5,0.0,0.7
v867,0.2,1.0,0.5,0.0,0.6,0.2,0.1
v868,0.9,0.0,0.9,0.0,0.5,0.0,0.4
v869,0.7,0.0,0.7,0.0,0.0,0.0,0.9
v870,0.5,0.1,0.6,0.0,0.3,0.0,0.4
v871,0.0,1.0,0.0,0.0,0.0,0.0,0.0
v872,0.6,0.5,0.5,0.7,0.9,,0.6
v873,0.0,1.0,0.0,0.5,0.5,0.5,0.0
v874,0.2,1.0,0.2,0.0,0.0,0.2,0.2
v875,1.0,0.0,1.0,0.0,0.0,0.0,1.0
v876,0.7,0.1,0.8,0.1,0.1,0.1,0.3
v877,0.4,0.0,0.0,0.0,1.0,0.6,0.6
v878,1.0,0.5,0.5,0.3,0.3,0.5,1.0
v879,0.9,0.2,0.7,0.1,0.2,0.3,0.8
v880,1.0,0.0,1.0,0.0,0.5,0.0,0.5
v881,0.0,0.5,0.0,1.0,0.7,0.5,0.0
v882,0.0,0.8,0.0,0.2,0.2,0.3,0.0
v883,1.0,0.0,0.5,0.0,0.0,0.0,0.4
v884,0.0,0.8,0.8,0.0,0.2,0.3,0.3
v885,0.0,0.0,0.0,0.0,0.0,0.0,0.0
v886,0.7,0.0,0.5,0.0,0.0,0.0,0.5
v887,0.7,0.0,1.0,0.0,0.7,0.0,0.6
v888,0.0,0.0,0.0,0.0,0.0,0.0,0.0
v889,,0.0,,0.0,,0.0,
v890,0.0,,0.0,0.0,0.4,0.1,0.1
v891,1.0,0.0,1.0,0.0,0.0,0.0,1.0
v892,0.4,0.7,0.3,0.2,0.5,0.4,0.5
v893,0.6,0.0,0.5,0.0,0.0,0.0,0.7
v894,0.1,1.0,0.1,0.2,0.7,0.9,0.2
v895,0.0,0.0,0.0,0.0,0.0,0.5,0.2
v896,0.0,0.0,0.0,0.0,0.0,0.0,0.0
v897,1.0,0.0,0.8,0.0,0.5,0.0,0.4
v898,0.5,0.5,0.7,0.3,0.5,0.5,0.4
v899,0.6,0.0,0.4,0.0,0.0,0.0,0.2
v900,0.2,0.2,0.3,0.2,0.5,0.3,0.4
v901,0.0,1.0,0.2,0.1,0.4,0.3,0.5
v902,0.0,0.5,0.1,0.9,0.6,0.1,0.0
v903,0.3,0.5,0.4,0.5,0.2,0.4,0.1
v904,0.5,0.3,0.3,0.5,0.5,0.5,0.5
v905,0.2,0.9,0.2,0.0,0.2,0.2,0.2
v906,1.0,0.0,0.8,0.0,0.0,0.0,0.2
v907,0.2,0.0,0.0,0.8,0.7,0.1,0.1
v908,0.0,0.3,0.0,0.0,0.0,0.1,0.0
v909,0.8,0.0,0.7,0.0,0.9,0.0,1.0
v910,0.6,0.0,0.4,0.0,0.5,0.0,0.0
v911,0.7,0.0,0.7,0.3,0.5,0.2,0.5
v912,0.5,0.2,0.5,0.2,0.5,0.2,0.2
v913,0.5,0.5,0.0,0.4,0.4,0.4,0.0
v914,0.9,0.0,1.0,0.0,0.1,0.0,0.4
v915,0.5,0.5,0.5,0.5,0.5,0.5,0.5
v916,0.6,0.2,0.7,0.2,0.8,0.3,0.1
v917,0.0,1.0,0.0,0.0,0.0,0.0,0.0
v918,0.0,0.3,0.0,1.0,0.0,0.0,0.0
v919,0.0,0.5,0.0,0.5,0.9,1.0,0.0
v920,0.7,0.4,0.9,0.1,0.5,0.6,0.5
v921,1.0,0.0,0.9,0.0,0.7,0.0,0.5
v922,0.2,0.5,0.3,0.1,0.3,0.3,0.2
v923,0.7,0.1,1.0,0.0,0.4,0.3,0.5
v924,1.0,0.5,1.0,0.4,0.8,0.5,0.8
v925,0.0,0.7,0.5,1.0,0.7,0.2,0.1
v926,0.0,0.7,0.0,0.0,0.0,0.9,0.0
v927,0.4,0.1,1.0,0.0,0.1,0.0,0.4
v928,0.0,1.0,0.0,0.0,0.5,0.4,0.0
v929,0.9,0.1,1.0,0.0,0.3,0.2,0.2
v930,0.9,0.1,1.0,0.0,0.3,0.5,0.8
v931,1.0,0.0,1.0,0.0,0.9,0.0,0.8
v932,0.3,0.3,0.3,0.3,0.3,0.3,0.3
v933,1.0,0.0,1.0,0.0,0.3,0.0,0.2
v934,0.8,0.2,0.8,0.3,0.1,0.5,1.0
v935,0.5,0.3,0.5,0.2,0.6,0.6,0.5
v936,1.0,0.1,0.9,0.1,0.8,0.1,0.7
v937,0.6,0.2,0.7,0.2,0.1,0.4,0.5
v938,0.0,1.0,0.0,0.5,0.5,0.5,0.0
v939,0.2,0.2,0.2,1.0,0.7,0.7,0.5
v940,0.5,,0.5,0.2,0.6,0.5,0.3
v941,0.8,0.0,0.8,0.0,0.0,0.0,0.8
v942,0.9,0.7,1.0,0.6,0.7,0.7,0.9
v943,0.9,0.1,0.8,0.1,0.1,0.1,0.7
v944,0.0,0.8,0.2,0.0,0.4,0.4,0.0
v945,0.5,0.5,0.5,0.5,0.2,0.5,0.7
v946,0.2,0.9,0.3,0.4,0.5,0.4,0.1
v947,0.6,0.6,,0.7,0.7,0.6,0.6
v948,0.7,0.2,0.5,0.2,0.3,0.2,0.5
v949,1.0,,1.0,0.0,0.8,0.4,0.9
v950,0.8,0.4,1.0,0.0,0.1,0.1,0.5
v951,0.5,0.5,0.5,0.5,0.5,0.5,0.5
v952,0.9,0.0,1.0,0.3,0.3,0.1,0.9
v953,0.0,0.8,0.1,0.2,0.3,0.6,0.0
v954,0.5,0.5,0.5,0.5,0.5,0.5,0.5
v955,0.2,0.3,0.2,0.2,0.3,0.7,0.1
v956,0.8,0.0,0.8,0.0,0.4,0.0,0.5
v957,0.9,0.2,1.0,0.2,0.3,0.3,0.8
v958,0.2,,0.4,0.5,0.5,0.5,0.5
v959,0.0,0.0,0.4,0.0,0.3,0.5,0.4
v960,1.0,0.6,0.7,0.4,0.6,0.6,0.9
v961,0.8,0.0,0.7,0.1,0.2,0.0,0.5
v962,0.2,0.2,0.2,0.2,0.1,0.4,0.4
v963,0.6,0.0,0.7,0.1,0.1,0.0,0.3
v964,0.1,0.5,0.3,0.4,0.4,0.6,0.2
v965,0.0,0.0,0.0,0.3,0.0,1.0,0.1
v966,0.2,0.3,0.3,0.8,0.2,0.3,0.3
v967,0.8,0.0,0.7,0.0,0.4,0.4,0.6
v968,0.0,1.0,0.0,0.1,0.4,0.8,0.0
v969,0.9,0.1,0.8,0.4,0.1,0.1,0.4
v970,1.0,0.2,0.7,0.8,1.0,0.5,1.0
v971,0.7,0.3,0.3,0.3,1.0,0.9,1.0
v972,1.0,0.0,1.0,0.0,0.0,0.0,0.7
v973,0.0,0.5,0.0,0.0,0.5,0.3,0.0
v974,1.0,0.0,1.0,0.0,0.0,0.0,1.0
v975,0.0,0.0,0.0,0.0,0.0,0.0,0.0
v976,0.0,0.7,0.1,0.3,0.5,0.9,0.0
v977,0.3,0.6,0.2,0.5,0.5,0.5,0.3
v978,1.0,0.0,0.9,0.0,0.3,0.1,0.7
v979,0.0,0.9,0.0,0.0,0.4,0.0,0.0
v980,1.0,0.1,0.9,0.0,0.3,0.2,0.3
v981,1.0,0.0,0.8,0.0,0.0,0.0,0.0
v982,0.2,0.5,0.5,0.1,0.7,0.3,0.3
v983,0.3,0.8,0.6,0.4,0.7,0.5,0.3
v984,0.3,0.3,0.4,0.5,0.2,0.3,0.4
v985,0.7,0.0,0.0,0.0,0.0,0.0,0.7
v986,0.8,0.0,0.8,0.2,0.2,0.2,0.5
v987,0.1,0.9,0.2,0.9,0.4,0.8,0.1
v988,0.0,0.3,0.2,0.9,0.6,0.2,0.1
v989,0.3,0.8,0.3,0.5,0.6,1.0,0.3
v990,0.0,1.0,0.1,1.0,0.3,0.3,0.3
v991,0.9,0.0,0.9,0.0,0.3,0.0,0.4
v992,0.0,1.0,0.0,0.2,0.1,0.4,0.0
v993,0.2,0.5,0.4,0.4,0.3,0.8,0.3
v994,0.0,0.6,0.0,0.7,0.5,0.2,0.0
v995,0.2,0.2,0.2,1.0,1.0,1.0,0.2
v996,1.0,0.0,0.7,0.0,0.0,0.0,0.0
v997,0.2,0.2,0.5,0.0,0.1,0.4,0.2
v998,0.5,0.2,0.7,0.2,0.9,0.5,0.3
v999,0.0,0.6,0.0,1.0,0.5,0.0,0.0
v1000,0.0,0.1,0.1,0.0,0.1,0.1,0.0
v1001,0.0,0.5,0.0,0.7,1.0,0.8,0.0
v1002,0.3,0.1,0.2,0.1,0.3,0.1,0.2
v1003,0.2,0.2,0.2,0.2,0.2,0.2,0.2
v1004,0.9,0.1,0.5,0.5,0.6,0.5,0.9
v1005,1.0,0.0,0.9,0.0,0.5,0.3,0.5
v1006,0.4,0.6,0.4,0.3,0.4,0.5,0.4
v1007,0.6,0.3,0.5,0.3,0.7,0.5,0.5
v1008,0.4,0.1,0.4,0.0,0.2,0.3,0.4
