,A,B,F,G,H,I
v1,0.2,1.0,0.5,0.6,0.2,0.1
v2,0.1,0.3,0.1,0.2,0.3,0.1
v3,0.1,0.8,0.1,0.2,0.1,0.1
v4,0.0,0.3,0.0,0.0,1.0,0.0
v5,0.3,0.2,0.7,0.4,0.0,0.1
v6,0.1,0.8,0.2,0.4,0.5,0.1
v7,0.5,0.5,0.3,0.4,0.1,0.5
v8,0.0,0.8,0.0,0.3,0.2,0.0
v9,0.3,0.0,0.0,0.0,0.9,0.2
v10,0.8,0.5,0.4,0.2,0.2,0.7
v11,0.8,0.2,0.6,0.5,0.2,0.2
v12,0.0,0.4,0.0,0.4,0.0,0.0
v13,0.8,0.4,0.6,0.2,,
v14,0.4,0.2,0.4,0.2,0.0,0.0
v15,0.1,0.1,0.1,0.1,0.1,1.0
v16,0.1,,0.1,0.1,0.1,0.1
v17,0.1,0.8,0.2,0.3,0.4,0.1
v18,0.9,0.1,0.2,0.3,0.3,0.7
v19,0.9,0.1,0.1,0.1,0.1,0.1
v20,0.1,0.1,0.0,0.0,1.0,0.0
v21,0.9,0.1,0.3,0.4,0.1,0.5
v22,0.5,0.6,0.2,0.5,,
v23,0.7,0.4,0.3,0.4,0.4,0.1
v24,1.0,0.0,1.0,0.0,0.0,0.0
v25,1.0,0.0,1.0,0.0,0.0,0.0
v26,0.4,0.0,0.0,0.0,0.0,
v27,0.0,0.0,0.0,0.0,0.0,0.0
v28,0.0,0.3,0.0,0.0,0.4,0.0
v29,0.7,0.0,0.6,0.0,0.0,0.0
v30,0.0,1.0,0.0,0.4,0.0,0.0
v31,0.8,0.6,0.5,0.4,0.2,0.7
v32,1.0,0.0,0.0,0.0,0.0,0.0
v33,0.4,0.1,0.1,0.2,0.2,0.1
v34,0.0,0.8,0.0,0.3,0.5,0.0
v35,0.8,0.2,0.5,0.5,0.2,0.4
v36,1.0,0.0,1.0,0.0,0.0,0.7
v37,1.0,0.2,0.6,0.3,0.0,0.8
v38,0.5,0.0,0.5,0.0,0.0,0.0
v39,0.0,0.9,0.0,0.0,1.0,0.0
v40,1.0,0.6,0.0,0.0,0.0,0.0
v41,0.0,0.0,0.0,0.0,0.0,0.0
v42,0.0,0.0,0.0,0.0,0.0,0.0
v43,0.4,0.3,,,,
v44,0.0,0.3,0.0,0.2,0.1,0.0
v45,0.8,0.2,0.7,0.5,0.0,0.7
v46,0.0,1.0,0.0,0.5,0.5,0.0
v47,1.0,0.2,0.8,0.5,0.0,0.8
v48,0.5,0.2,0.3,0.1,0.1,0.1
v49,0.0,1.0,0.0,1.0,0.0,0.0
v50,0.9,0.7,0.4,0.4,0.0,0.2
v51,0.0,0.7,0.0,0.2,0.0,0.0
v52,0.9,0.1,0.1,0.1,0.1,0.1
v53,0.1,0.1,0.1,0.1,0.1,0.1
v54,0.1,0.8,0.1,0.1,0.1,0.1
v55,0.0,0.8,0.0,0.3,0.0,0.0
v56,0.3,0.3,0.0,0.0,0.0,0.0
v57,1.0,0.0,0.3,0.5,0.0,0.7
v58,0.9,0.1,0.1,0.2,0.1,0.1
v59,0.0,0.0,0.0,0.0,0.0,0.0
v60,0.5,0.4,0.4,0.5,0.3,0.2
v61,0.1,0.1,0.1,0.1,0.1,0.1
v62,0.0,0.7,0.0,0.0,0.0,0.0
v63,0.1,0.1,0.1,0.1,0.1,0.1
v64,0.1,0.6,0.1,0.4,0.9,0.1
v65,0.1,0.7,0.1,0.3,0.6,0.1
v66,0.1,0.3,0.1,0.1,0.0,0.1
v67,0.0,0.3,0.0,0.0,0.7,0.0
v68,0.0,0.8,0.1,0.6,0.1,0.1
v69,1.0,0.2,0.5,0.4,0.5,0.8
v70,0.0,0.7,0.0,0.0,0.0,0.0
v71,0.7,0.1,0.1,0.1,0.1,0.1
v72,1.0,0.1,0.3,0.2,0.2,0.1
v73,0.3,0.5,0.6,0.5,0.0,
v74,0.0,0.8,0.0,0.0,0.0,0.0
v75,0.0,1.0,0.0,0.5,0.0,0.0
v76,0.6,0.1,0.5,0.4,0.0,0.3
v77,0.0,0.7,0.0,0.4,0.0,0.0
v78,0.3,0.7,0.2,0.4,0.3,
v79,0.0,0.8,0.0,0.0,1.0,0.0
v80,0.1,0.8,0.1,0.4,0.3,0.1
v81,,0.0,,0.0,0.0,0.0
v82,0.5,0.5,0.5,0.5,0.5,0.5
v83,0.1,0.1,0.1,0.1,0.1,0.1
v84,0.8,0.1,0.7,0.1,0.2,0.8
v85,1.0,0.1,0.7,0.2,0.4,0.7
v86,0.0,1.0,0.0,0.0,0.0,0.0
v87,0.7,0.2,0.0,0.4,0.0,0.1
v88,0.5,0.6,0.0,0.2,0.5,0.0
v89,0.0,0.8,0.0,0.7,0.0,0.5
v90,0.0,0.8,0.0,0.7,0.2,0.0
v91,0.3,0.7,0.1,0.4,0.6,0.1
v92,0.1,0.8,0.1,0.3,0.1,0.1
v93,0.0,0.0,0.0,0.0,0.0,0.0
v94,0.6,0.2,0.3,0.0,0.0,0.0
v95,1.0,0.0,1.0,0.0,0.0,0.0
v96,0.0,0.0,0.0,0.0,0.0,0.0
v97,0.6,0.1,0.0,0.1,0.0,0.0
v98,1.0,0.0,0.6,0.0,0.0,0.0
v99,0.5,1.0,0.5,0.5,0.3,0.3
v100,0.3,0.8,0.5,0.5,,
v101,0.1,0.3,0.1,0.7,0.1,0.1
v102,0.1,0.8,0.1,0.5,0.5,0.1
v103,0.1,0.8,0.1,0.1,0.1,0.1
v104,0.1,0.5,0.0,0.2,0.0,0.0
v105,0.0,0.4,0.2,0.6,0.1,0.0
v106,0.5,0.2,0.2,0.2,0.0,0.2
v107,0.6,0.1,0.3,0.1,0.0,0.5
v108,0.0,0.0,0.0,0.0,0.0,0.0
v109,0.1,0.9,0.1,0.4,0.5,0.2
v110,0.0,0.0,0.0,0.0,0.0,0.0
v111,0.5,0.5,0.5,0.3,0.3,0.2
v112,0.8,0.1,0.1,0.1,0.1,0.1
v113,0.0,0.7,0.0,0.0,0.4,0.0
v114,0.0,0.0,0.0,0.0,0.0,0.0
v115,1.0,0.1,0.6,0.1,0.2,0.1
v116,0.0,0.7,0.0,0.0,0.0,0.0
v117,0.7,0.1,0.1,0.1,0.1,0.1
v118,0.0,0.0,0.0,0.1,1.0,0.0
v119,1.0,0.1,0.8,0.1,0.1,0.5
v120,0.5,0.8,0.0,0.0,0.0,0.0
v121,1.0,0.0,1.0,0.0,0.0,0.0
v122,0.1,0.1,0.1,0.1,0.1,0.1
v123,0.0,1.0,0.0,1.0,0.0,0.0
v124,0.4,0.2,0.2,0.0,0.4,0.0
v125,1.0,0.4,0.3,0.3,0.3,0.3
v126,0.5,0.5,,,,
v127,0.1,0.1,0.1,0.1,0.1,0.1
v128,0.8,0.1,0.4,0.6,0.3,0.7
v129,0.0,0.0,0.0,0.5,0.0,0.0
v130,1.0,0.1,0.2,0.1,0.1,0.1
v131,0.0,0.0,0.0,0.0,0.0,0.0
v132,0.7,0.1,0.1,0.1,0.1,0.1
v133,0.0,0.8,0.1,0.4,,
v134,0.0,0.5,0.0,0.0,0.0,0.0
v135,0.1,0.1,0.1,0.1,0.1,0.2
v136,0.0,0.6,0.0,0.6,0.1,0.0
v137,0.2,0.4,0.2,0.1,0.2,0.2
v138,0.0,0.7,0.0,0.0,0.0,0.0
v139,0.5,0.5,0.5,0.5,0.5,0.5
v140,0.0,0.8,0.0,0.0,0.0,0.0
v141,0.2,1.0,0.0,0.0,0.0,0.0
v142,0.5,0.3,0.4,0.4,0.0,0.3
v143,0.0,0.5,0.0,0.3,0.4,0.1
v144,1.0,0.0,0.9,0.0,0.0,0.2
v145,0.1,0.5,0.0,0.8,0.1,0.0
v146,0.6,0.2,0.5,0.3,0.2,0.5
v147,0.0,1.0,0.0,0.0,0.0,0.0
v148,0.0,0.2,0.0,0.3,0.1,0.0
v149,0.7,0.0,0.6,0.0,0.0,0.6
v150,0.0,0.8,0.0,0.0,0.0,0.0
v151,0.5,0.2,0.1,0.1,0.1,0.1
v152,0.0,1.0,0.0,1.0,0.2,0.0
v153,1.0,0.2,1.0,0.2,0.1,0.1
v154,0.1,0.8,0.1,0.1,0.1,0.1
v155,0.1,0.9,0.2,0.6,1.0,0.3
v156,0.0,0.0,0.0,0.0,0.0,0.0
v157,0.7,0.1,0.1,0.1,0.1,0.1
v158,0.6,0.2,0.5,0.4,0.2,0.6
v159,1.0,0.1,0.3,0.1,0.1,0.1
v160,0.0,1.0,0.5,0.8,0.0,0.3
v161,0.4,0.3,0.4,0.5,0.0,0.0
v162,0.1,1.0,0.1,0.5,0.5,0.5
v163,0.6,0.2,0.4,0.4,0.0,0.0
v164,0.8,0.0,0.5,0.0,0.0,0.0
v165,0.0,0.4,0.0,0.7,0.2,
v166,1.0,0.2,0.6,0.3,0.1,0.3
v167,0.5,0.8,0.1,0.4,0.2,0.5
v168,0.8,0.1,0.1,0.1,0.1,0.1
v169,1.0,0.2,0.7,0.3,0.1,0.6
v170,0.0,0.9,0.0,0.5,0.6,0.1
v171,1.0,0.0,0.5,0.0,0.0,0.0
v172,0.0,0.7,0.0,0.5,1.0,0.0
v173,0.0,1.0,0.0,0.5,0.0,0.0
v174,1.0,0.2,0.5,0.2,0.0,0.7
v175,0.0,0.0,0.0,0.0,0.0,0.0
v176,0.0,0.0,0.0,0.0,0.0,0.0
v177,0.9,0.0,0.7,0.0,0.0,0.4
v178,1.0,0.0,1.0,0.0,0.0,1.0
v179,0.0,0.9,0.0,0.6,0.5,0.0
v180,0.4,0.4,0.4,0.3,0.0,0.0
v181,0.1,0.3,0.1,0.1,0.3,0.1
v182,0.8,0.2,0.5,0.4,0.6,0.5
v183,0.2,0.2,0.1,0.1,0.1,0.1
v184,1.0,0.7,0.7,0.3,0.2,0.1
v185,0.8,0.1,0.1,0.1,0.1,0.1
v186,0.5,0.5,0.4,0.4,0.0,0.0
v187,0.5,0.3,0.4,0.3,0.0,0.3
v188,0.0,0.5,0.2,0.4,0.0,0.0
v189,0.5,0.3,0.2,0.4,0.2,0.6
v190,0.4,0.3,0.3,0.3,0.3,0.5
v191,0.3,0.2,0.0,0.0,1.0,0.0
v192,0.1,0.9,0.2,0.4,0.5,0.1
v193,1.0,0.0,1.0,0.0,0.0,0.0
v194,1.0,0.2,1.0,0.2,0.0,0.0
v195,0.1,0.8,0.1,0.1,0.1,0.1
v196,0.1,0.8,0.1,0.1,0.1,0.1
v197,0.2,0.0,0.0,0.0,0.0,0.0
v198,0.0,0.6,0.0,0.0,1.0,0.0
v199,0.4,0.4,0.0,0.2,0.0,0.0
v200,0.5,0.5,0.5,0.5,0.5,0.5
v201,0.0,0.8,0.0,0.4,0.2,0.0
v202,1.0,0.0,0.6,0.0,0.0,0.5
v203,0.9,0.1,0.3,0.2,0.2,0.3
v204,0.0,0.7,0.0,0.1,0.1,0.0
v205,1.0,0.2,0.7,0.3,0.0,0.4
v206,0.8,0.0,0.7,0.0,0.0,0.8
v207,0.5,0.5,0.0,0.0,0.5,0.0
v208,0.5,0.5,0.0,0.5,0.5,0.5
v209,0.6,0.0,0.0,0.0,0.0,0.0
v210,0.1,0.8,0.1,0.3,0.4,0.1
v211,0.9,0.1,0.8,0.4,0.0,0.6
v212,0.1,0.1,0.1,0.1,0.1,0.1
v213,0.4,0.8,0.0,0.0,0.0,0.0
v214,0.1,0.3,0.4,0.0,0.2,0.1
v215,0.0,0.5,0.0,0.0,0.0,0.0
v216,0.1,0.8,0.2,0.4,0.5,0.1
v217,1.0,0.1,0.8,0.1,0.1,0.1
v218,0.1,0.7,0.1,0.4,0.0,0.7
v219,1.0,0.0,0.5,0.0,0.0,0.0
v220,0.4,0.2,0.0,0.0,0.0,0.0
v221,0.9,0.2,0.7,0.5,0.0,0.8
v222,0.0,0.8,0.0,0.5,0.0,0.0
v223,1.0,0.1,0.5,0.1,0.1,0.8
v224,0.0,0.8,0.0,0.5,0.5,0.0
v225,1.0,0.0,0.0,0.0,0.0,0.0
v226,1.0,0.0,0.8,0.2,0.0,0.8
v227,0.2,0.8,0.1,0.2,,
v228,0.6,0.1,0.1,0.1,0.3,0.1
v229,1.0,0.0,0.5,0.0,0.0,0.0
v230,0.0,0.0,0.0,0.0,0.0,0.0
v231,1.0,0.1,0.8,0.6,0.1,0.8
v232,0.0,0.0,0.0,0.0,0.0,0.0
v233,0.9,0.2,0.2,0.4,0.2,0.3
v234,0.0,0.4,0.3,0.1,0.0,0.4
v235,0.5,0.0,0.3,0.0,0.0,0.0
v236,0.8,0.1,0.4,0.2,0.0,0.0
v237,0.0,0.7,0.1,0.2,0.5,0.1
v238,0.1,0.5,0.2,0.3,0.0,0.0
v239,1.0,0.0,1.0,0.2,0.6,0.9
v240,0.1,0.8,0.1,0.3,0.2,0.1
v241,0.4,0.0,0.6,0.0,0.0,0.0
v242,1.0,0.0,0.8,0.0,0.5,1.0
v243,0.0,0.5,0.0,0.0,0.0,0.0
v244,0.9,0.1,0.1,0.1,0.1,0.1
v245,0.5,0.8,0.5,0.4,0.0,0.4
v246,0.5,0.2,0.4,0.2,0.1,0.4
v247,0.1,0.2,0.1,0.1,0.3,0.1
v248,0.0,0.3,0.0,0.5,0.0,0.5
v249,0.8,0.2,0.9,0.2,0.1,0.3
v250,0.5,0.3,0.2,0.2,0.4,0.2
v251,1.0,0.1,1.0,0.1,0.1,1.0
v252,1.0,0.0,0.0,0.0,0.0,0.0
v253,1.0,0.0,0.7,0.0,0.0,0.4
v254,0.1,1.0,0.1,0.4,0.9,0.1
v255,0.7,0.0,0.6,0.2,0.0,0.6
v256,0.3,0.6,0.3,0.3,0.0,0.3
v257,0.6,0.1,0.8,0.2,0.1,0.1
v258,0.4,0.1,0.1,0.1,0.1,0.1
v259,0.8,0.3,0.2,0.2,0.2,0.0
v260,1.0,0.1,0.8,0.5,0.0,0.7
v261,0.2,0.2,0.2,0.1,0.0,0.2
v262,0.0,0.0,0.0,0.0,0.0,0.0
v263,0.2,0.5,0.6,0.3,0.1,0.8
v264,0.2,0.3,0.2,0.2,0.3,0.2
v265,1.0,0.0,0.9,0.0,0.0,1.0
v266,0.7,0.1,0.1,0.1,0.1,0.1
v267,0.0,0.0,0.0,1.0,0.0,0.0
v268,1.0,0.0,0.6,0.5,0.0,0.9
v269,1.0,0.0,0.7,0.0,0.2,0.6
v270,0.2,0.2,0.2,0.2,0.0,0.2
v271,0.1,0.8,0.1,0.1,0.1,0.1
v272,0.3,0.6,0.2,0.3,0.1,0.2
v273,0.0,0.0,0.0,0.0,0.0,0.0
v274,0.8,0.2,0.5,0.2,0.0,0.2
v275,0.5,0.5,0.5,0.4,0.2,0.5
v276,0.0,0.3,0.0,0.0,1.0,0.0
v277,0.8,0.3,0.5,0.4,0.3,0.4
v278,0.0,0.6,0.0,0.2,0.1,0.0
v279,0.0,0.5,0.0,0.4,0.0,0.0
v280,0.1,0.8,0.1,0.1,0.1,0.1
v281,0.0,0.8,0.0,0.0,0.0,0.0
v282,0.3,0.3,0.3,0.2,0.0,0.3
v283,1.0,0.0,0.0,0.0,0.0,0.0
v284,0.3,0.7,0.3,0.4,0.4,0.4
v285,0.0,0.5,0.4,0.3,0.1,0.1
v286,1.0,0.0,0.5,0.0,0.0,0.0
v287,0.8,0.0,0.7,0.1,0.0,0.8
v288,0.8,0.4,0.6,0.2,,
v289,0.1,0.1,0.1,0.1,0.1,0.1
v290,0.1,0.7,0.2,1.0,0.9,0.2
v291,0.8,0.6,0.4,0.2,0.2,0.2
v292,0.3,0.3,0.1,0.1,0.0,0.0
v293,0.0,0.8,0.0,0.0,0.0,0.0
v294,0.0,1.0,0.0,0.8,0.0,0.0
v295,0.7,0.4,0.6,0.0,0.0,0.6
v296,0.8,0.2,0.6,0.2,,
v297,0.0,0.6,0.0,0.0,0.0,0.0
v298,0.0,0.6,0.0,0.0,1.0,0.0
v299,0.0,1.0,0.0,0.3,0.0,0.0
v300,0.0,1.0,0.0,0.7,0.2,0.0
v301,0.0,0.0,0.0,0.0,0.0,0.0
v302,0.0,0.5,0.0,0.9,0.0,0.2
v303,1.0,0.0,0.5,0.0,0.0,0.0
v304,1.0,0.0,0.3,0.1,0.0,0.7
v305,0.1,0.5,0.1,0.8,0.2,0.3
v306,0.8,0.1,0.1,0.1,0.1,0.1
v307,0.2,0.5,0.9,0.5,0.1,0.1
v308,0.6,0.0,0.0,0.0,0.0,0.0
v309,1.0,0.1,0.1,0.1,0.1,0.1
v310,0.0,1.0,0.0,0.0,0.0,0.0
v311,1.0,0.0,0.7,0.0,0.0,0.5
v312,0.8,0.1,0.5,0.2,0.0,0.0
v313,0.0,0.8,0.0,0.0,0.0,0.0
v314,1.0,0.0,0.0,0.2,0.0,0.0
v315,0.1,1.0,0.1,0.3,0.1,0.1
v316,0.0,0.7,0.0,0.0,0.0,0.0
v317,0.0,0.0,0.0,0.0,0.0,0.0
v318,0.7,0.0,0.7,0.0,0.0,0.0
v319,0.0,0.0,0.0,0.0,0.0,0.0
v320,0.1,0.1,0.1,0.1,0.2,0.0
v321,1.0,0.3,0.2,0.2,0.3,0.3
v322,0.5,1.0,0.0,1.0,0.0,0.0
v323,0.8,0.0,0.0,0.0,0.0,0.0
v324,1.0,0.0,1.0,0.0,0.0,0.3
v325,0.8,0.1,0.1,0.1,0.1,0.1
v326,1.0,0.1,0.9,0.1,0.1,0.1
v327,0.0,0.8,0.2,0.6,0.2,0.2
v328,0.0,1.0,0.0,0.0,0.0,0.0
v329,0.4,0.2,0.4,0.5,0.2,0.2
v330,0.1,0.5,0.1,0.1,0.1,0.1
v331,0.1,0.3,0.2,0.9,0.1,0.2
v332,0.8,0.1,0.1,0.1,0.1,0.1
v333,0.8,0.2,0.7,0.1,0.1,0.8
v334,0.8,0.0,0.8,0.0,0.0,0.8
v335,0.2,0.6,0.2,0.3,0.5,0.2
v336,1.0,0.1,1.0,0.1,0.1,0.1
v337,0.0,1.0,0.0,0.0,0.0,0.0
v338,0.0,0.0,0.0,0.0,0.0,0.0
v339,0.0,0.0,0.0,0.0,0.0,0.0
v340,0.0,0.8,0.0,0.0,0.0,0.0
v341,1.0,0.0,0.8,0.2,0.0,0.9
v342,1.0,0.0,1.0,0.0,0.0,0.5
v343,0.0,1.0,0.0,0.7,0.7,0.0
v344,0.0,0.7,0.1,0.6,0.1,0.0
v345,0.9,0.1,0.1,0.1,0.1,0.1
v346,0.1,0.3,0.1,0.2,0.3,0.1
v347,0.0,0.9,0.0,0.3,0.0,0.0
v348,0.8,0.1,0.5,0.1,0.1,0.1
v349,0.0,0.0,0.0,0.0,0.0,0.0
v350,0.7,0.1,0.5,0.3,0.0,0.2
v351,0.1,0.8,0.1,0.1,0.1,0.1
v352,0.1,0.8,0.1,0.2,0.5,0.1
v353,0.8,0.2,0.8,0.5,0.0,0.7
v354,0.6,0.0,0.5,0.5,0.0,0.8
v355,0.1,0.2,0.1,0.1,0.1,0.1
v356,0.1,1.0,0.1,0.3,0.1,0.1
v357,0.0,0.8,1.0,0.0,0.0,0.0
v358,0.1,0.1,0.1,0.2,0.2,0.2
v359,0.9,0.1,0.1,0.1,0.1,0.1
v360,0.7,0.3,0.9,0.8,,
v361,0.0,0.0,0.0,0.0,0.0,0.0
v362,0.0,0.0,0.0,0.0,0.0,0.0
v363,0.3,0.7,0.0,0.0,0.0,0.0
v364,0.0,0.7,0.0,0.0,0.0,0.0
v365,0.4,0.4,0.0,0.0,0.0,0.0
v366,0.2,0.8,0.2,0.3,0.2,0.3
v367,0.0,0.5,0.0,0.0,0.7,0.0
v368,0.5,0.0,0.3,0.2,0.0,0.2
v369,1.0,0.0,0.8,0.0,0.0,0.0
v370,0.6,0.1,0.0,0.0,0.0,0.0
v371,0.8,0.1,0.4,0.1,0.0,0.0
v372,1.0,0.0,0.6,0.0,0.0,0.2
v373,0.8,1.0,0.2,0.8,,1.0
v374,1.0,0.1,0.3,0.1,0.1,0.1
v375,0.1,0.1,1.0,0.1,0.1,0.1
v376,1.0,0.0,0.8,0.0,0.0,0.7
v377,0.5,0.5,0.4,0.4,0.0,0.2
v378,1.0,0.0,0.8,0.0,0.0,0.6
v379,1.0,0.2,0.6,0.3,0.2,0.4
v380,0.0,0.0,0.0,0.0,0.0,0.0
v381,0.8,0.1,0.1,0.1,0.1,0.1
v382,1.0,0.0,1.0,0.0,0.0,0.8
v383,1.0,0.2,0.5,0.4,0.3,0.9
v384,0.9,0.3,0.7,0.5,0.2,0.4
v385,0.6,0.0,0.0,0.0,0.0,0.0
v386,0.1,0.0,0.0,0.0,0.0,0.0
v387,0.8,0.2,0.6,0.1,,
v388,0.7,0.2,0.3,0.1,0.1,0.5
v389,0.5,0.3,0.5,0.3,0.1,0.1
v390,0.1,1.0,0.1,0.1,0.5,0.1
v391,0.1,0.9,0.1,0.5,0.5,0.2
v392,0.9,0.1,0.2,0.1,0.1,0.2
v393,0.3,0.2,0.3,0.3,0.0,0.3
v394,0.0,0.6,0.0,0.9,0.0,0.0
v395,0.5,0.1,0.2,0.1,0.0,0.0
v396,0.9,0.0,0.9,0.4,0.0,0.8
v397,1.0,0.2,0.7,0.3,0.0,0.8
v398,0.3,0.0,0.0,0.0,0.0,0.0
v399,0.0,0.7,0.0,0.4,0.2,0.0
v400,0.9,0.0,1.0,0.0,0.0,0.7
v401,1.0,0.0,0.8,0.5,0.2,0.9
v402,0.1,0.1,0.1,0.1,0.0,0.1
v403,1.0,0.0,1.0,0.5,0.0,0.3
v404,0.0,0.8,0.0,0.3,0.4,0.1
v405,0.2,0.8,0.1,0.0,0.3,0.0
v406,0.9,0.2,0.3,0.4,0.1,0.5
v407,0.9,0.1,0.1,0.1,0.1,0.1
v408,0.0,0.7,0.0,0.3,0.6,0.0
v409,0.0,0.6,0.0,0.4,0.0,0.0
v410,0.0,1.0,0.0,0.5,0.5,0.0
v411,1.0,0.0,0.9,0.0,0.0,0.7
v412,0.0,0.4,0.0,0.3,0.0,0.0
v413,0.4,0.4,0.4,0.4,0.0,0.4
v414,0.6,0.1,0.0,0.0,0.2,0.0
v415,0.5,0.3,0.4,0.2,0.0,0.0
v416,0.0,0.0,0.0,0.0,0.0,0.0
v417,0.0,0.0,0.0,0.0,0.0,0.0
v418,1.0,0.0,0.9,0.0,0.0,1.0
v419,0.6,0.0,1.0,0.0,0.0,0.2
v420,0.3,0.4,0.7,0.0,0.0,0.0
v421,0.0,0.2,0.0,0.3,1.0,0.0
v422,1.0,0.0,0.0,0.1,0.0,0.0
v423,1.0,0.2,0.6,0.3,0.2,0.4
v424,0.8,0.5,0.4,0.3,0.2,0.1
v425,0.0,0.8,0.1,0.4,,
v426,0.0,0.6,0.0,0.3,0.2,0.0
v427,0.1,0.2,0.1,0.2,0.5,0.1
v428,0.8,0.1,0.8,0.9,0.0,0.5
v429,0.0,,0.0,0.0,0.0,0.0
v430,0.7,0.1,0.3,0.0,0.0,0.5
v431,0.0,0.0,0.0,0.0,0.0,0.0
v432,0.5,0.0,0.4,0.0,0.0,0.4
v433,0.3,1.0,0.0,1.0,0.0,0.0
v434,0.0,0.0,0.0,0.1,0.0,0.0
v435,1.0,0.0,0.5,0.0,0.0,0.5
v436,0.6,0.0,0.2,0.0,0.0,0.0
v437,0.1,1.0,0.1,0.7,0.8,0.4
v438,0.5,0.6,0.6,,0.5,0.2
v439,0.5,0.2,0.1,0.3,0.4,0.1
v440,0.8,0.5,0.7,0.5,0.4,0.7
v441,1.0,0.0,0.8,0.0,0.0,0.0
v442,0.8,0.1,0.5,0.1,0.0,0.3
v443,0.4,0.2,0.3,0.3,0.0,0.2
v444,0.8,0.1,0.1,0.1,0.1,0.1
v445,0.0,0.8,0.0,0.4,0.2,0.0
v446,0.7,0.2,0.1,0.1,0.1,0.1
v447,0.3,0.5,0.2,0.2,0.0,0.0
v448,0.1,0.8,0.1,0.4,0.5,0.1
v449,0.9,0.1,0.1,0.1,0.1,0.1
v450,0.0,0.8,0.0,0.6,0.0,0.0
v451,1.0,0.3,0.8,0.4,0.0,0.2
v452,0.1,0.0,0.0,0.0,0.0,0.0
v453,1.0,0.3,0.8,0.5,0.2,0.9
v454,0.0,0.9,0.0,0.7,0.0,0.0
v455,0.0,1.0,0.0,0.8,0.0,0.0
v456,0.5,0.5,0.5,0.5,0.0,0.5
v457,0.0,0.8,0.0,0.0,0.0,0.0
v458,0.5,0.4,0.3,0.3,0.4,0.2
v459,0.0,0.0,0.0,0.0,0.0,0.0
v460,0.5,0.0,0.0,0.0,0.0,0.0
v461,0.2,0.2,0.0,0.1,0.0,0.0
v462,0.5,0.0,0.5,0.2,0.6,0.5
v463,0.8,0.2,0.7,0.8,0.0,0.0
v464,0.0,0.0,0.0,0.0,0.0,0.0
v465,0.3,0.1,0.2,0.2,0.0,0.0
v466,1.0,0.0,1.0,0.0,0.0,0.0
v467,0.9,,,,,
v468,1.0,0.0,1.0,0.0,0.0,0.8
v469,1.0,0.0,0.7,0.0,0.0,1.0
v470,0.5,0.4,0.2,0.1,0.1,0.1
v471,0.0,0.5,0.0,0.0,0.0,0.0
v472,0.0,0.5,0.0,0.0,0.0,0.0
v473,0.0,0.8,0.0,0.0,0.5,0.0
v474,1.0,0.0,0.6,0.0,0.0,0.3
v475,0.1,1.0,0.1,0.1,0.1,0.1
v476,0.0,0.6,0.0,0.4,0.0,0.0
v477,0.1,0.7,0.1,0.7,0.0,0.0
v478,0.3,0.1,0.3,0.0,0.0,0.0
v479,0.7,0.0,0.5,0.0,0.0,0.0
v480,0.0,1.0,0.0,0.5,0.0,0.0
v481,0.1,0.8,0.0,0.2,0.1,0.1
v482,1.0,0.0,1.0,0.0,0.0,0.8
v483,0.4,0.0,0.4,0.0,0.0,0.0
v484,0.2,0.5,0.0,0.1,0.6,0.0
v485,0.0,0.5,0.0,0.5,0.4,0.0
v486,0.0,0.7,0.0,0.3,0.1,0.0
v487,1.0,0.1,0.8,0.4,0.1,0.5
v488,0.4,0.8,0.2,0.2,0.0,0.0
v489,0.7,0.2,0.6,0.2,0.0,0.1
v490,0.5,1.0,0.0,0.0,0.0,0.0
v491,0.8,0.6,0.5,0.4,0.2,0.7
v492,0.0,1.0,0.0,0.5,0.3,0.0
v493,0.5,0.0,0.5,0.0,0.0,0.5
v494,0.5,0.5,0.3,0.3,0.2,0.5
v495,1.0,0.0,0.6,0.0,0.0,0.0
v496,0.2,0.9,0.1,0.4,0.8,0.1
v497,1.0,0.0,0.0,0.0,0.0,0.0
v498,1.0,0.0,0.0,0.0,0.0,0.0
v499,1.0,0.0,0.8,0.0,0.0,0.0
v500,1.0,0.4,0.8,0.3,0.0,0.7
v501,0.8,0.2,0.5,0.5,0.0,0.0
v502,0.7,0.1,0.1,0.1,0.1,0.1
v503,0.0,0.2,0.0,0.3,1.0,0.0
v504,0.1,0.5,0.1,0.1,0.1,0.0
v505,0.0,0.0,0.0,0.3,1.0,0.0
v506,0.0,0.0,0.0,0.0,0.0,0.0
v507,0.8,0.0,0.8,0.0,0.0,0.7
v508,1.0,0.0,0.0,0.0,0.0,0.0
v509,0.8,0.1,0.7,0.2,0.1,0.1
v510,0.5,0.1,0.2,0.1,0.1,0.1
v511,0.3,0.3,0.1,0.4,0.0,0.0
v512,1.0,0.0,0.0,0.0,0.0,0.0
v513,0.0,1.0,0.0,0.0,0.0,0.0
v514,1.0,0.0,0.8,0.2,0.0,0.8
v515,1.0,0.2,0.8,0.1,0.0,0.9
v516,0.2,0.3,0.1,0.5,0.2,0.3
v517,0.1,0.7,0.1,0.2,0.5,0.1
v518,0.0,0.0,0.0,0.0,0.0,0.0
v519,0.9,0.1,0.3,0.2,0.0,0.0
v520,0.0,0.0,0.0,0.0,0.0,0.0
v521,0.4,0.1,0.2,0.2,0.0,0.1
v522,0.8,0.1,0.1,0.1,0.1,0.1
v523,0.0,1.0,0.0,1.0,0.0,0.0
v524,0.0,0.5,0.0,0.0,0.0,0.0
v525,0.0,0.4,0.0,0.0,0.7,0.0
v526,1.0,0.0,0.5,0.0,0.0,0.0
v527,0.1,0.4,0.1,0.7,0.3,0.1
v528,0.9,0.1,0.3,0.4,0.3,0.6
v529,0.2,0.5,0.3,1.0,0.2,0.2
v530,0.5,1.0,0.9,0.0,0.0,0.0
v531,0.8,0.0,0.7,0.5,0.0,0.9
v532,0.0,0.0,0.0,0.0,0.7,0.0
v533,1.0,0.0,0.0,0.0,0.0,0.0
v534,0.5,0.3,0.3,0.3,0.0,0.0
v535,0.0,0.5,0.0,0.3,0.3,0.0
v536,0.3,0.1,0.2,0.1,0.1,0.3
v537,0.1,0.8,0.1,0.1,0.1,0.1
v538,1.0,0.0,0.7,0.0,0.0,0.0
v539,0.2,0.3,0.1,0.4,0.0,0.0
v540,0.0,0.0,0.0,0.0,0.0,0.0
v541,0.0,0.1,0.0,0.2,1.0,0.0
v542,0.7,0.1,0.1,0.2,0.7,0.1
v543,0.0,0.3,0.0,0.0,0.0,0.0
v544,1.0,0.0,1.0,0.0,0.0,0.0
v545,0.8,0.2,0.7,0.5,0.2,0.7
v546,0.4,0.2,0.4,0.4,0.1,0.3
v547,0.8,0.2,0.4,0.0,0.0,0.0
v548,0.1,0.7,0.1,1.0,0.1,0.1
v549,0.9,0.2,0.4,0.4,0.3,0.5
v550,0.9,0.0,0.0,0.1,0.0,0.0
v551,0.4,0.1,0.1,0.1,0.1,0.1
v552,0.0,1.0,0.0,1.0,0.0,0.0
v553,1.0,0.0,0.8,0.1,0.0,0.9
v554,0.6,0.0,0.6,0.1,0.0,0.2
v555,0.0,0.0,0.0,0.0,1.0,0.0
v556,0.8,0.0,0.6,0.0,0.0,0.0
v557,0.1,0.9,0.1,0.1,0.1,0.1
v558,1.0,0.0,0.5,0.0,0.0,0.0
v559,0.1,0.9,0.1,0.5,0.0,0.3
v560,0.1,0.1,0.1,0.1,0.1,0.1
v561,0.1,0.8,0.0,0.4,0.3,0.1
v562,0.0,1.0,0.0,0.9,0.0,0.0
v563,0.0,1.0,0.0,0.6,0.0,0.0
v564,0.0,0.8,0.0,0.0,0.0,0.0
v565,0.1,0.8,0.1,0.1,,
v566,0.8,0.0,0.8,0.0,0.0,0.5
v567,0.1,0.5,0.1,1.0,0.1,0.1
v568,0.0,0.8,0.0,0.2,0.4,0.0
v569,0.0,0.4,0.2,0.4,0.9,0.2
v570,0.1,1.0,0.0,0.0,0.0,0.0
v571,0.5,0.1,1.0,0.4,0.0,0.7
v572,0.2,0.7,0.1,0.2,0.2,0.0
v573,0.2,0.6,0.0,0.4,0.0,0.0
v574,1.0,0.2,1.0,0.2,0.0,0.3
v575,0.9,0.1,0.8,0.2,0.0,0.3
v576,0.0,0.0,0.0,0.0,0.0,0.0
v577,0.0,0.0,0.0,0.0,0.0,0.0
v578,0.0,0.0,0.0,0.0,1.0,0.0
v579,1.0,0.2,0.8,0.2,0.2,0.8
v580,0.0,0.0,0.0,0.0,1.0,0.0
v581,0.0,0.0,0.0,0.0,0.0,0.0
v582,0.3,0.5,0.1,0.1,0.8,0.0
v583,0.0,0.4,0.0,0.0,0.0,0.0
v584,1.0,0.3,0.6,0.4,0.0,0.5
v585,0.0,0.7,0.2,0.1,1.0,0.0
v586,0.9,0.1,0.1,0.1,0.1,0.1
v587,0.1,0.0,0.1,0.0,0.0,0.2
v588,0.8,0.2,0.8,0.2,0.1,0.5
v589,0.6,0.1,1.0,0.1,0.0,0.6
v590,1.0,0.0,0.8,0.0,0.0,0.0
v591,0.0,1.0,0.0,1.0,0.0,
v592,0.6,0.2,0.6,0.4,0.1,0.0
v593,0.0,0.7,0.0,0.3,0.2,0.1
v594,1.0,0.0,0.6,0.0,0.0,0.0
v595,0.0,1.0,0.0,0.0,0.0,0.0
v596,0.2,0.2,0.1,0.1,1.0,0.0
v597,0.7,0.6,0.6,0.3,0.5,0.5
v598,1.0,0.0,1.0,0.0,0.0,0.0
v599,0.4,0.1,0.4,0.1,0.1,0.1
v600,1.0,0.0,0.0,0.0,0.0,0.0
v601,0.0,0.8,0.0,0.2,0.6,0.0
v602,0.4,0.5,0.4,0.5,0.4,0.4
v603,0.0,0.8,0.0,0.9,0.6,0.0
v604,0.5,0.0,0.0,0.0,0.0,0.0
v605,0.1,0.8,0.1,0.4,0.6,0.1
v606,0.6,0.2,0.5,0.0,0.0,0.0
v607,0.0,0.4,0.0,0.3,0.0,0.0
v608,0.0,0.3,0.0,0.0,0.0,0.0
v609,0.0,0.2,0.0,0.0,0.0,0.0
v610,0.0,1.0,0.0,0.4,,
v611,0.2,0.7,0.1,0.4,0.2,0.0
v612,1.0,0.0,0.9,0.0,0.0,0.5
v613,1.0,0.1,0.2,0.1,0.1,0.2
v614,0.1,1.0,0.1,0.1,0.8,0.1
v615,0.9,0.2,0.8,0.2,0.0,0.3
v616,0.1,1.0,0.1,0.1,0.4,0.1
v617,0.2,0.1,0.2,0.1,0.1,0.2
v618,0.7,0.3,0.3,0.2,0.2,0.3
v619,0.0,0.7,0.0,0.0,1.0,0.0
v620,0.0,0.0,0.0,0.0,0.0,0.0
v621,0.1,0.8,0.1,0.4,0.5,0.1
v622,0.1,0.1,0.0,0.0,0.0,0.0
v623,1.0,0.0,0.8,0.0,0.0,0.7
v624,0.1,0.1,0.1,0.1,0.1,0.1
v625,0.5,0.0,0.5,0.0,0.0,0.0
v626,0.5,0.1,0.3,0.0,0.0,0.1
v627,0.0,1.0,0.0,1.0,0.0,0.0
v628,0.4,0.2,0.2,0.3,0.0,0.2
v629,0.0,1.0,0.0,0.0,0.0,0.0
v630,0.5,0.0,0.8,0.0,0.0,0.8
v631,0.6,0.2,0.5,0.3,0.0,0.3
v632,0.4,0.2,0.2,0.2,0.1,0.1
v633,0.0,1.0,0.0,0.5,0.5,0.0
v634,0.5,0.5,0.5,0.5,0.5,0.5
v635,0.5,0.5,0.1,0.1,0.1,0.1
v636,0.5,0.5,0.5,0.5,0.5,0.3
v637,0.6,0.5,0.7,0.0,0.0,0.2
v638,0.1,0.8,0.2,0.3,0.4,0.1
v639,0.0,0.6,0.0,0.5,0.5,
v640,0.4,0.8,0.2,0.2,0.6,0.0
v641,0.1,0.8,0.1,0.1,0.1,0.1
v642,0.3,0.2,0.0,0.2,1.0,0.0
v643,0.8,0.1,0.8,0.5,0.0,0.5
v644,0.8,0.1,0.1,0.1,0.1,0.1
v645,0.5,1.0,0.0,0.0,0.0,0.0
v646,0.4,0.6,0.5,0.3,0.0,0.7
v647,0.0,0.8,0.0,0.0,0.0,0.0
v648,0.0,0.3,0.0,0.0,0.0,0.0
v649,0.8,0.1,0.1,0.1,0.1,0.1
v650,0.0,0.0,1.0,0.9,0.0,0.0
v651,0.5,0.1,0.5,0.1,0.1,0.1
v652,0.0,0.5,0.0,0.0,1.0,0.0
v653,0.5,0.0,0.0,0.0,0.0,0.0
v654,0.7,0.2,0.6,0.2,0.0,0.6
v655,0.8,0.1,0.4,0.1,0.0,0.0
v656,1.0,0.1,0.7,0.2,0.0,0.8
v657,1.0,0.0,1.0,0.0,0.0,0.0
v658,0.8,0.1,0.0,0.0,0.0,0.3
v659,0.6,0.2,0.8,0.1,0.1,0.1
v660,0.1,0.8,0.1,0.3,0.5,0.1
v661,0.1,0.3,0.1,0.7,,0.1
v662,0.3,0.4,0.1,0.2,0.1,0.1
v663,0.4,0.4,0.3,0.4,0.5,0.1
v664,0.0,0.8,0.0,0.0,0.0,0.0
v665,1.0,0.2,0.8,0.5,0.1,0.7
v666,0.0,0.5,0.0,0.4,0.2,0.0
v667,0.8,0.0,1.0,0.0,0.0,
v668,0.1,0.8,0.2,0.3,0.4,0.1
v669,0.1,0.8,0.1,0.1,0.1,0.1
v670,0.5,0.0,0.4,0.5,0.0,0.5
v671,0.3,0.5,0.3,0.1,0.0,0.0
v672,0.0,0.1,0.0,0.2,0.0,0.0
v673,0.0,0.7,0.0,0.0,0.0,0.0
v674,1.0,0.0,0.6,0.0,0.0,0.0
v675,0.2,0.0,0.0,0.0,0.0,0.0
v676,1.0,0.1,0.3,0.1,0.1,0.1
v677,0.0,0.0,0.0,0.0,0.0,0.0
v678,0.8,0.6,0.3,0.4,0.1,0.5
v679,0.0,0.0,0.0,0.0,1.0,0.0
v680,0.8,0.2,0.8,0.1,0.0,0.7
v681,1.0,0.0,0.5,0.0,0.0,0.5
v682,1.0,0.3,0.9,0.4,0.0,0.8
v683,0.0,0.3,0.0,0.0,0.7,0.0
v684,0.4,0.6,0.0,0.5,0.0,0.0
v685,0.8,0.4,0.3,0.3,0.2,0.2
v686,0.5,0.7,0.4,0.5,0.0,0.5
v687,0.5,0.0,0.5,0.0,0.0,0.0
v688,0.0,0.8,0.0,0.8,0.0,0.0
v689,0.9,0.4,0.4,0.4,0.0,0.1
v690,0.1,0.9,0.1,0.1,0.1,0.1
v691,0.1,0.5,0.7,1.0,0.1,0.1
v692,0.5,0.0,0.6,0.0,0.0,0.3
v693,0.5,0.0,0.5,0.0,0.0,0.0
v694,0.1,0.8,0.1,0.1,0.1,0.1
v695,0.1,0.8,0.1,0.1,,0.1
v696,0.0,0.0,0.0,0.0,0.0,0.0
v697,0.0,1.0,0.0,0.6,0.0,0.0
v698,0.9,0.0,0.8,0.0,0.0,0.5
v699,0.8,0.3,0.6,0.4,0.0,0.3
v700,0.0,0.8,0.0,0.0,0.0,0.0
v701,0.5,0.2,0.3,0.2,0.0,0.3
v702,0.0,0.0,0.1,0.0,0.0,0.5
v703,0.1,0.4,0.0,0.5,0.4,0.1
v704,0.4,0.7,0.2,0.8,0.5,0.2
v705,0.0,0.0,0.0,0.0,1.0,0.0
v706,0.1,0.8,0.1,0.3,0.5,0.1
v707,0.8,0.1,0.7,0.1,,
v708,0.0,1.0,0.0,0.8,0.0,0.0
v709,0.6,0.1,0.3,0.1,0.0,0.4
v710,0.8,0.1,0.1,0.4,0.0,0.0
v711,0.7,0.0,0.6,0.0,0.0,0.0
v712,0.2,0.0,0.2,0.2,0.0,0.0
v713,0.0,0.6,0.0,0.2,1.0,
v714,1.0,0.0,1.0,0.0,0.0,0.7
v715,0.0,0.5,0.0,0.8,0.0,0.0
v716,0.0,0.8,0.0,0.0,0.0,0.0
v717,0.0,0.5,0.1,0.8,0.0,0.0
v718,0.1,0.2,0.1,0.2,0.2,0.1
v719,0.2,0.1,0.2,0.1,0.0,0.0
v720,0.0,0.8,0.0,0.5,0.5,0.1
v721,0.5,0.3,0.4,0.4,0.0,0.5
v722,0.5,0.1,0.1,0.1,0.4,0.1
v723,0.0,0.5,0.0,0.6,0.0,0.0
v724,0.1,0.8,0.1,0.6,0.1,0.1
v725,1.0,0.0,0.8,0.0,0.0,0.0
v726,0.1,0.8,0.1,0.7,0.5,0.1
v727,0.0,0.2,0.0,0.0,0.0,0.0
v728,0.0,0.0,0.0,0.0,0.0,0.0
v729,1.0,0.0,0.0,0.0,0.0,0.0
v730,0.8,0.2,0.5,0.5,0.2,0.7
v731,0.9,0.1,0.1,0.1,0.1,0.1
v732,0.4,0.0,0.5,0.0,0.0,0.0
v733,0.6,0.2,0.2,0.0,0.0,0.5
v734,0.5,0.0,0.5,0.0,0.0,0.5
v735,1.0,0.0,0.9,0.0,0.0,0.3
v736,0.1,0.8,0.1,0.3,0.4,0.1
v737,0.1,1.0,0.1,0.6,0.6,0.2
v738,0.0,0.5,0.0,0.5,0.1,0.0
v739,0.2,0.4,0.2,0.2,0.0,0.2
v740,0.5,0.0,0.0,0.0,0.0,0.0
v741,0.8,0.1,0.7,0.2,,0.1
v742,0.0,0.9,0.0,0.0,0.0,0.0
v743,0.0,0.8,0.0,0.6,0.5,0.0
v744,0.0,0.9,0.0,0.0,0.4,0.0
v745,0.1,1.0,0.1,0.1,0.1,0.1
v746,0.0,1.0,0.0,0.9,0.0,0.0
v747,0.7,0.5,0.6,0.5,0.2,0.6
v748,0.7,0.0,0.4,0.0,0.0,0.6
v749,0.0,0.0,0.0,0.0,0.0,0.0
v750,0.0,0.8,0.1,0.3,0.5,0.1
v751,0.0,0.6,0.1,0.5,0.3,0.0
v752,0.1,0.8,0.1,0.1,0.1,0.1
v753,1.0,0.2,0.7,0.3,0.0,0.0
v754,0.0,0.0,0.0,0.3,0.0,0.0
v755,0.8,0.0,0.8,0.0,0.0,0.0
v756,0.8,0.4,0.6,0.2,,
v757,0.0,0.9,0.0,0.0,0.8,0.0
v758,0.0,1.0,0.0,1.0,0.0,0.0
v759,0.0,0.9,0.0,0.0,1.0,0.0
v760,0.7,0.1,0.4,0.1,0.1,0.5
v761,0.5,0.5,0.5,0.5,,
v762,0.2,0.7,0.5,0.7,0.0,0.0
v763,0.3,0.8,0.2,0.4,0.4,0.3
v764,0.1,0.5,0.1,0.1,0.1,0.1
v765,0.0,0.0,0.0,0.0,0.0,0.0
v766,0.2,0.0,0.2,0.1,0.1,0.2
v767,0.9,0.3,0.6,0.3,0.1,0.3
v768,0.8,0.1,0.6,0.1,0.1,0.1
v769,0.3,0.7,0.5,0.5,0.5,0.2
v770,0.0,0.5,0.0,0.0,0.0,0.0
v771,0.1,0.5,0.1,0.1,0.1,0.1
v772,0.1,0.1,0.1,0.1,0.1,0.1
v773,0.7,0.2,0.5,0.4,0.2,0.7
v774,0.8,0.1,0.5,0.1,0.1,0.1
v775,0.0,0.0,0.0,0.0,0.0,0.0
v776,0.1,1.0,0.1,0.4,0.4,0.0
v777,0.1,0.4,0.2,0.5,0.0,0.1
v778,0.2,0.2,0.2,0.2,0.0,0.2
v779,0.7,0.2,0.5,0.4,0.3,0.8
v780,0.1,0.3,0.1,0.2,0.1,0.1
v781,0.2,0.5,0.2,0.2,0.0,0.2
v782,0.5,0.1,1.0,0.3,0.0,0.5
v783,0.5,0.0,0.0,0.0,0.0,0.0
v784,0.5,0.0,0.1,0.0,0.0,
v785,0.5,0.5,0.5,0.5,0.5,0.5
v786,0.0,0.0,0.0,0.0,0.0,0.0
v787,0.0,0.0,0.0,0.0,0.0,0.0
v788,0.0,0.9,0.0,0.0,0.9,0.0
v789,0.1,0.8,0.1,0.1,0.1,0.1
v790,0.2,0.5,0.0,0.0,0.4,0.0
v791,0.3,0.3,0.3,0.3,0.0,0.3
v792,0.8,0.0,0.3,0.0,0.0,0.8
v793,0.7,0.1,0.1,0.1,0.1,0.1
v794,0.5,0.4,0.5,0.4,0.0,1.0
v795,0.1,1.0,0.0,0.0,0.0,0.0
v796,0.0,0.9,0.0,0.0,1.0,0.0
v797,0.0,0.9,0.0,0.5,0.5,0.2
v798,0.1,0.5,0.5,0.4,0.1,0.1
v799,0.4,0.7,0.4,0.4,0.1,0.1
v800,1.0,0.3,0.4,0.4,0.0,0.2
v801,0.0,0.7,0.0,0.0,1.0,0.0
v802,0.0,1.0,0.0,0.6,0.0,0.0
v803,1.0,0.0,0.8,0.0,0.0,0.6
v804,1.0,0.0,0.8,0.2,0.0,0.3
v805,0.5,0.3,0.4,0.3,0.2,0.4
v806,0.0,0.5,0.0,0.0,1.0,0.0
v807,0.5,0.5,0.5,0.5,0.0,0.4
v808,1.0,0.0,0.8,0.0,0.0,0.0
v809,0.5,0.6,0.3,0.7,0.1,0.0
v810,0.0,1.0,0.0,0.5,0.6,0.2
v811,0.1,0.3,0.0,0.3,0.3,0.3
v812,1.0,0.0,0.6,0.5,0.0,0.8
v813,0.1,0.8,0.1,0.2,0.8,0.3
v814,0.2,0.2,0.2,0.2,0.0,0.2
v815,0.2,0.4,0.2,0.1,,0.1
v816,0.0,0.7,0.0,0.0,0.0,0.0
v817,0.1,0.3,0.2,0.3,0.4,0.1
v818,0.8,0.1,0.3,0.3,0.6,0.2
v819,1.0,0.3,0.8,0.4,0.2,0.3
v820,0.0,0.0,0.0,0.0,1.0,0.0
v821,0.1,0.1,0.1,0.1,0.1,0.1
v822,0.0,1.0,0.0,0.2,0.0,0.0
v823,0.7,0.0,0.7,0.0,0.0,0.5
v824,0.1,0.3,0.2,0.5,0.0,0.0
v825,1.0,0.6,0.7,0.5,0.2,0.9
v826,0.8,0.3,0.4,0.2,0.2,0.4
v827,0.1,0.9,0.1,0.1,0.1,0.1
v828,0.0,0.0,0.0,0.0,0.0,0.0
v829,0.4,1.0,0.0,0.7,0.4,0.0
v830,1.0,0.0,0.8,0.0,0.0,1.0
v831,0.9,0.1,0.1,0.1,0.1,0.1
v832,0.5,0.3,0.1,0.1,0.1,0.1
v833,0.8,0.2,0.6,0.5,0.7,0.7
v834,0.7,0.0,0.7,0.2,0.1,0.3
v835,0.1,0.7,0.1,0.3,0.1,0.1
v836,1.0,0.5,1.0,0.0,0.0,0.0
v837,0.3,0.3,0.3,0.3,0.3,0.3
v838,0.8,0.2,0.3,0.8,0.2,0.3
v839,1.0,0.0,0.8,0.0,0.0,0.5
v840,,,,0.1,0.1,0.1
v841,0.2,1.0,0.1,0.1,0.1,0.1
v842,0.0,1.0,0.0,0.4,0.0,0.2
v843,0.5,0.6,0.2,0.6,0.3,0.6
v844,0.0,0.0,0.0,0.0,0.0,0.0
v845,0.1,0.6,0.1,0.2,,
v846,1.0,0.0,0.6,0.0,0.0,0.5
v847,0.0,0.1,0.0,0.1,0.0,0.0
v848,0.2,0.3,0.0,0.3,0.1,0.1
v849,1.0,0.8,0.2,0.1,0.1,1.0
v850,0.8,0.2,0.5,0.3,0.2,0.2
v851,0.9,0.4,0.8,0.2,0.3,0.7
v852,0.0,0.6,0.0,1.0,0.0,0.0
v853,1.0,0.0,0.8,0.0,0.0,0.6
v854,0.0,0.0,0.0,0.0,0.0,0.0
v855,0.5,1.0,0.5,0.5,0.5,0.5
v856,0.1,0.9,0.0,0.4,0.5,0.2
v857,0.0,1.0,0.0,1.0,0.0,0.0
v858,0.7,0.5,0.6,0.3,0.1,0.6
v859,0.6,0.5,0.4,0.3,0.2,0.6
v860,0.0,0.8,0.0,0.0,0.0,0.0
v861,0.0,0.2,0.0,0.2,0.0,0.0
v862,0.7,0.2,0.5,0.2,0.0,0.4
v863,0.9,0.1,0.7,0.4,0.0,0.8
v864,0.4,0.0,0.4,0.4,0.0,0.4
v865,1.0,0.0,0.7,0.0,0.1,0.6
v866,0.8,0.5,0.7,0.2,,
v867,0.6,0.4,0.4,0.2,0.0,0.0
v868,0.1,0.8,0.1,0.3,0.1,0.1
v869,0.3,0.2,0.3,0.4,0.0,0.0
v870,0.5,0.5,0.1,0.4,0.6,0.1
v871,0.9,0.0,0.0,0.3,0.0,0.0
v872,0.6,0.1,0.1,0.1,0.1,0.1
v873,1.0,0.2,0.5,0.4,0.0,1.0
v874,0.0,1.0,0.0,0.8,0.0,0.0
v875,0.0,0.1,0.0,0.1,0.0,0.0
v876,0.0,1.0,0.0,0.5,0.0,0.0
v877,0.8,1.0,0.5,0.5,,
v878,0.9,0.3,0.5,0.3,0.1,0.4
v879,1.0,0.8,0.7,0.5,0.2,0.6
v880,0.0,0.2,0.0,0.2,0.0,0.0
v881,0.0,0.6,0.0,0.0,1.0,0.0
v882,1.0,0.1,0.8,0.4,0.1,0.1
v883,0.0,0.0,0.0,0.0,0.0,0.0
v884,0.9,0.1,0.1,0.1,0.1,0.1
v885,0.0,0.1,0.0,0.0,0.7,0.0
v886,1.0,0.0,0.0,0.5,0.0,1.0
v887,0.0,1.0,0.0,0.0,0.5,0.0
v888,0.8,0.2,0.5,0.1,0.2,0.1
v889,0.7,0.9,0.0,0.5,0.9,0.0
v890,0.5,0.0,0.4,0.1,0.0,0.2
v891,0.0,0.0,0.0,0.0,1.0,0.0
v892,0.0,0.6,0.0,0.3,1.0,0.0
v893,0.3,0.4,0.2,0.3,0.4,0.2
v894,0.9,0.3,0.4,0.5,0.2,0.3
v895,0.0,0.5,0.0,0.2,0.0,0.0
v896,0.6,0.1,0.1,0.1,0.6,0.1
v897,1.0,0.0,1.0,0.0,0.0,0.0
v898,0.0,1.0,0.0,0.0,0.0,0.0
v899,0.5,0.0,0.0,0.5,0.0,0.0
v900,,0.7,0.1,0.2,0.1,0.1
v901,0.0,0.9,0.0,0.5,0.6,0.2
v902,0.0,0.8,0.0,0.0,1.0,0.0
v903,1.0,0.2,0.8,0.3,0.0,0.4
v904,1.0,0.0,1.0,0.0,0.0,0.3
v905,0.4,0.4,0.0,0.0,0.0,0.0
v906,0.3,0.6,0.1,0.2,0.7,0.2
v907,0.1,0.7,0.1,0.1,0.1,0.1
v908,0.4,0.1,0.1,0.1,0.1,0.1
v909,0.5,0.0,0.5,0.0,0.0,0.0
v910,0.0,0.0,0.0,0.0,0.0,0.0
v911,0.1,0.5,0.0,0.0,0.6,0.0
v912,0.3,0.8,0.1,0.4,0.3,0.2
v913,0.0,0.0,0.0,0.3,0.0,0.0
v914,0.1,0.9,0.1,0.1,0.1,0.1
v915,0.0,1.0,0.0,0.0,0.0,0.0
v916,1.0,0.1,0.8,0.1,0.1,0.1
v917,0.4,0.3,0.3,0.1,0.1,0.1
v918,0.5,0.2,0.5,0.4,0.2,0.7
v919,0.9,0.2,0.5,0.5,0.4,0.6
v920,0.1,1.0,0.1,0.5,0.1,0.1
v921,0.0,0.0,0.0,0.0,1.0,0.0
v922,0.6,0.3,0.0,1.0,0.0,0.0
v923,1.0,0.0,0.6,0.0,0.0,0.3
v924,0.1,0.8,0.1,0.1,0.1,0.1
v925,0.6,0.1,0.3,0.1,,0.6
v926,1.0,0.0,0.8,0.0,0.0,0.0
v927,0.0,0.3,0.0,0.0,0.0,0.0
v928,0.3,0.3,0.3,0.3,0.0,0.3
v929,1.0,0.0,0.8,0.0,0.0,0.0
v930,0.3,0.8,0.4,0.8,0.2,0.3
v931,0.8,0.3,0.7,0.2,,
v932,0.0,0.5,0.0,0.2,1.0,0.0
v933,1.0,0.0,1.0,0.0,0.0,0.8
v934,0.0,0.8,0.0,0.5,0.0,0.0
v935,0.1,0.7,0.1,0.5,0.1,0.1
v936,0.0,1.0,0.0,0.0,0.0,0.0
v937,1.0,0.1,0.7,0.2,0.0,
v938,0.2,0.4,0.1,0.1,0.1,0.1
v939,0.0,0.5,0.0,0.0,0.6,0.0
v940,0.1,1.0,0.1,0.5,0.5,0.0
v941,0.0,0.7,0.0,0.9,0.0,0.0
v942,0.2,0.8,0.1,0.3,0.4,0.2
v943,0.8,0.2,0.5,0.5,0.2,0.7
v944,0.1,0.4,0.9,0.2,0.1,0.1
v945,0.9,0.1,0.1,0.1,0.1,0.1
v946,0.8,0.1,0.1,0.1,0.1,0.1
v947,0.4,0.0,0.4,0.2,0.3,1.0
v948,1.0,0.0,1.0,0.0,0.0,0.0
v949,0.0,0.0,0.0,0.0,0.0,0.0
v950,0.8,0.2,0.5,0.4,0.0,0.6
v951,0.1,0.8,0.1,0.3,,0.1
v952,1.0,0.2,0.5,0.2,0.0,0.9
v953,0.8,0.3,0.4,0.2,0.2,0.2
v954,0.0,0.0,0.0,0.0,0.0,0.0
v955,0.1,0.4,0.2,0.1,0.0,0.0
v956,0.3,0.1,0.2,0.1,0.1,0.3
v957,0.0,1.0,0.0,0.5,0.0,0.0
v958,0.1,0.1,0.1,0.1,0.0,0.1
v959,0.0,0.0,0.0,0.1,0.8,0.2
v960,1.0,0.1,0.9,0.1,0.4,0.5
v961,0.0,0.5,0.0,0.0,0.0,0.0
v962,0.0,0.6,0.2,0.3,0.0,0.0
v963,0.8,0.1,1.0,0.1,0.0,0.5
v964,0.0,0.7,0.0,0.0,0.0,0.0
v965,1.0,0.0,0.5,0.6,0.2,0.7
v966,0.6,0.2,0.2,0.3,0.2,0.2
v967,0.1,0.2,0.2,0.3,0.1,0.2
v968,0.8,0.2,0.5,0.4,0.3,0.2
v969,0.8,0.1,0.1,0.1,0.1,0.1
v970,0.2,0.3,0.1,0.2,0.0,0.0
v971,0.8,0.2,0.5,0.4,0.0,0.0
v972,0.0,1.0,0.0,0.0,0.0,0.0
v973,0.5,0.4,0.5,0.5,0.0,0.4
v974,0.9,0.3,0.6,0.2,0.0,0.3
v975,0.0,0.7,0.0,0.0,0.0,0.0
v976,0.0,0.8,0.0,0.0,0.0,0.0
v977,0.1,0.6,0.2,1.0,0.4,0.3
v978,1.0,0.1,0.8,0.1,0.1,0.1
v979,,,,,0.0,
v980,0.0,0.8,0.0,0.0,0.0,0.0
v981,0.1,0.1,0.1,0.1,0.1,0.1
v982,0.9,0.1,0.6,0.3,0.2,0.4
v983,1.0,0.2,0.2,0.3,0.2,0.2
v984,0.5,,,0.5,0.5,0.0
v985,0.1,0.8,0.1,0.3,0.1,0.1
v986,0.0,0.9,0.0,0.7,0.0,0.0
v987,0.0,0.1,0.0,0.1,0.0,0.0
v988,0.3,0.3,0.3,0.3,0.0,0.3
v989,0.1,0.8,0.1,0.3,0.1,0.1
v990,0.8,0.0,0.6,0.2,,0.8
v991,0.0,0.3,0.0,0.3,0.2,0.1
v992,0.1,0.3,0.1,0.2,0.7,0.1
v993,1.0,0.1,0.3,0.2,0.1,0.5
v994,0.9,0.1,0.1,0.1,0.1,0.1
v995,1.0,0.0,0.4,0.0,0.0,0.0
v996,0.0,0.0,0.0,0.0,0.0,0.0
v997,0.1,0.8,0.1,0.1,0.1,0.1
v998,1.0,0.0,0.5,0.0,0.0,0.5
v999,0.1,0.1,0.1,0.1,0.1,0.1
v1000,0.4,0.2,0.0,0.2,0.0,0.0
v1001,0.7,0.1,0.1,0.1,0.1,0.1
v1002,0.0,1.0,0.0,1.0,0.0,0.0
v1003,0.8,0.2,0.7,0.1,0.1,0.4
v1004,0.3,0.2,0.5,0.4,0.1,0.3
v1005,0.0,0.4,0.0,0.5,0.3,0.0
v1006,0.0,1.0,0.0,0.8,0.0,0.0
v1007,0.5,0.0,0.0,0.0,0.0,0.0
v1008,0.0,0.0,0.0,0.0,0.0,0.0
v1009,0.1,1.0,0.1,0.5,0.5,0.5
v1010,1.0,0.3,0.4,0.4,,
v1011,0.0,1.0,0.2,0.8,0.3,0.0
v1012,0.0,0.2,0.0,0.0,0.0,0.0
v1013,0.4,0.2,0.1,0.1,0.1,0.1
v1014,0.8,0.2,0.4,0.2,0.2,0.3
v1015,0.0,1.0,0.0,0.0,1.0,0.0
v1016,0.1,1.0,0.1,0.4,0.1,0.1
v1017,0.7,0.0,0.3,0.0,0.0,0.2
v1018,0.1,0.1,0.1,0.1,0.1,0.1
v1019,0.7,0.1,0.1,0.3,0.1,0.2
v1020,0.2,0.2,0.2,0.2,0.2,0.2
v1021,1.0,0.0,0.8,0.0,0.0,0.0
v1022,0.1,0.8,0.1,0.5,0.1,0.1
v1023,0.9,0.0,0.5,0.0,0.0,0.0
v1024,0.2,0.4,0.1,0.4,0.1,0.1
v1025,0.5,0.4,0.4,0.4,0.3,0.3
v1026,0.5,0.2,0.1,0.2,0.4,0.1
v1027,0.9,0.0,0.3,0.0,0.4,1.0
v1028,1.0,0.0,0.0,0.0,0.0,0.0
v1029,0.1,0.8,0.2,0.4,0.2,0.1
v1030,0.1,0.9,0.1,0.1,0.1,0.1
v1031,0.1,0.8,0.1,0.4,0.5,0.1
v1032,1.0,0.0,0.6,0.2,0.0,0.8
v1033,0.3,0.8,0.2,0.3,0.4,0.2
v1034,0.8,0.5,0.8,0.1,0.0,0.5
v1035,0.1,0.0,0.0,0.0,1.0,0.0
v1036,0.5,0.5,0.0,0.0,0.0,0.0
v1037,0.4,0.4,0.7,0.2,0.1,0.2
v1038,0.0,1.0,0.0,0.8,0.4,0.0
v1039,0.0,1.0,0.0,0.8,0.0,0.0
v1040,0.5,0.5,0.5,0.5,0.5,0.5
v1041,0.0,0.8,0.0,0.0,0.0,0.0
v1042,0.0,0.3,0.0,0.0,0.0,0.0
v1043,0.9,0.1,0.1,0.1,0.1,0.1
v1044,0.0,0.2,0.0,0.2,0.0,0.0
v1045,0.1,0.2,0.1,0.0,0.1,0.0
v1046,0.5,0.0,0.0,0.0,0.0,0.9
v1047,0.1,0.8,0.1,0.1,0.1,0.1
v1048,0.0,,,,,
v1049,1.0,0.0,1.0,0.0,0.0,0.0
v1050,1.0,0.2,0.3,0.4,0.1,0.5
v1051,0.5,0.4,0.5,0.3,0.0,0.0
v1052,0.0,0.5,0.0,0.0,1.0,0.0
v1053,0.0,1.0,0.0,0.5,0.2,0.0
v1054,0.1,0.3,0.1,0.1,0.0,0.1
v1055,0.0,0.0,0.0,0.0,0.0,0.0
v1056,0.2,0.1,0.1,0.2,0.0,0.0
v1057,0.0,0.0,0.0,0.1,0.0,0.0
v1058,0.1,0.6,0.2,0.3,0.0,0.0
v1059,0.2,0.4,0.0,0.6,0.0,0.0
v1060,0.4,0.4,0.4,0.4,0.4,0.4
v1061,0.0,1.0,0.0,0.0,0.8,0.0
v1062,0.2,0.8,0.1,0.8,,
v1063,0.2,0.3,0.0,0.1,0.5,0.3
v1064,0.9,0.1,0.1,0.1,0.1,0.1
v1065,0.1,0.9,0.0,0.8,0.1,0.0
v1066,0.8,0.0,0.0,0.0,0.0,0.0
v1067,0.5,0.1,0.1,0.1,0.1,0.1
v1068,0.0,0.8,0.0,0.0,0.0,0.0
v1069,0.0,0.0,0.0,0.0,0.0,0.0
v1070,1.0,0.0,1.0,0.0,0.0,0.0
v1071,0.4,0.3,0.5,0.0,0.0,0.0
v1072,0.7,0.0,0.3,0.0,0.0,0.1
v1073,1.0,0.5,0.3,0.2,0.1,0.1
v1074,0.1,0.9,0.1,0.1,0.1,0.1
v1075,0.9,0.0,0.5,0.0,0.0,0.0
v1076,0.0,0.0,0.0,0.0,0.0,0.0
v1077,0.0,0.8,0.0,0.0,0.0,0.0
v1078,0.7,0.6,0.1,0.0,0.0,0.0
v1079,0.0,1.0,0.0,0.5,0.0,0.0
v1080,0.0,1.0,0.0,0.9,0.0,0.1
v1081,0.2,0.5,0.2,0.4,0.0,0.0
v1082,1.0,0.0,0.5,0.0,0.0,0.2
v1083,1.0,0.2,0.8,0.6,0.1,0.9
v1084,0.1,0.5,0.0,0.1,0.4,0.3
v1085,0.0,1.0,0.0,0.0,0.4,0.0
v1086,0.0,1.0,0.0,0.4,0.0,0.0
v1087,0.2,0.0,0.2,0.0,0.0,0.7
v1088,0.1,0.3,0.1,0.1,0.4,0.1
v1089,1.0,0.0,0.9,0.0,0.0,0.0
v1090,1.0,0.0,1.0,0.0,0.0,1.0
v1091,0.5,0.5,0.5,0.0,0.0,0.0
v1092,0.8,0.0,0.5,0.2,0.0,0.7
v1093,0.4,0.7,0.3,0.2,0.0,0.0
v1094,0.4,0.0,1.0,0.0,0.0,0.0
v1095,1.0,0.1,1.0,0.1,0.1,0.1
v1096,0.0,0.8,0.2,0.2,0.2,0.2
v1097,0.5,0.3,0.0,0.6,0.0,0.2
v1098,0.0,1.0,0.0,1.0,0.0,0.0
v1099,0.7,0.5,0.6,0.4,0.3,0.8
v1100,0.8,0.0,0.0,0.0,0.0,0.0
v1101,0.7,0.1,0.6,0.0,0.0,0.4
v1102,0.5,0.6,0.0,0.0,0.0,0.0
v1103,0.0,0.5,0.0,0.0,0.0,0.0
v1104,0.8,0.1,0.1,0.2,0.1,0.1
v1105,0.0,0.9,0.0,0.4,0.0,0.0
v1106,0.0,0.3,0.0,0.2,0.1,0.0
v1107,1.0,0.0,1.0,0.0,0.0,0.8
v1108,0.5,0.3,0.1,0.2,0.5,0.2
v1109,1.0,0.1,0.2,0.1,0.1,0.2
v1110,0.0,0.0,0.6,0.0,0.0,0.0
v1111,0.5,0.5,0.5,0.6,0.0,0.2
v1112,0.1,0.7,0.4,0.6,0.2,0.1
v1113,0.5,1.0,0.9,0.0,0.0,0.0
v1114,0.1,0.4,0.1,0.3,0.5,0.2
v1115,1.0,0.0,0.5,0.0,0.0,1.0
v1116,0.5,0.1,0.1,0.1,0.1,0.1
v1117,0.9,0.1,0.1,0.0,0.0,0.0
v1118,0.4,1.0,0.2,0.8,0.0,0.0
v1119,0.5,0.0,0.5,0.0,0.0,0.0
v1120,0.1,1.0,0.1,0.5,0.0,0.0
v1121,0.1,0.2,0.1,0.1,0.3,0.1
v1122,1.0,0.1,0.1,0.2,0.1,0.1
v1123,0.9,0.1,0.5,0.1,0.1,0.1
v1124,0.5,0.8,0.0,0.0,0.0,0.0
v1125,0.9,0.3,0.7,0.3,0.2,0.5
v1126,0.8,0.4,0.2,0.1,0.1,0.2
v1127,0.8,0.1,0.5,0.1,0.0,0.5
v1128,1.0,0.2,0.6,0.2,0.0,0.6
v1129,0.0,0.7,0.5,0.6,0.0,0.0
v1130,0.4,0.6,0.3,0.4,0.2,0.3
v1131,0.0,0.8,0.0,0.0,0.0,0.0
v1132,0.0,0.0,0.0,0.0,0.0,0.0
v1133,1.0,0.0,0.8,0.0,0.0,0.5
v1134,0.0,0.9,0.0,0.0,0.0,0.0
v1135,1.0,0.1,0.2,0.1,0.2,0.1
v1136,0.9,0.1,0.1,0.1,0.1,0.1
v1137,0.5,1.0,0.0,0.0,0.0,0.0
v1138,0.0,0.7,0.0,0.4,0.0,0.0
v1139,0.2,0.7,0.0,0.3,,
v1140,1.0,0.0,0.8,0.5,0.0,0.8
v1141,0.1,0.8,0.1,0.8,0.1,0.1
v1142,0.1,1.0,0.1,0.5,0.8,0.1
v1143,0.0,0.6,0.1,0.0,0.0,0.0
v1144,0.7,0.6,0.6,0.5,0.2,0.6
v1145,0.8,0.1,0.6,0.1,0.1,0.1
v1146,0.1,0.7,0.1,0.3,0.5,0.1
v1147,0.5,0.2,0.2,0.1,0.1,0.2
v1148,1.0,0.2,0.8,0.3,0.1,0.4
v1149,0.6,0.3,0.4,0.3,1.0,0.3
v1150,1.0,0.0,1.0,0.0,0.0,0.8
v1151,1.0,0.0,1.0,0.0,0.0,1.0
v1152,0.0,0.5,0.0,0.0,0.5,0.0
v1153,0.1,0.9,0.1,0.1,0.1,0.1
v1154,0.0,1.0,0.0,0.4,0.3,0.0
v1155,0.1,0.8,0.1,0.2,0.1,0.1
v1156,0.9,0.1,0.8,0.1,0.0,0.1
v1157,0.7,0.2,0.5,0.0,0.0,0.0
v1158,0.0,0.0,0.6,0.0,0.0,0.0
v1159,0.0,0.0,0.0,0.0,0.0,0.0
v1160,0.1,0.3,0.0,0.0,0.3,0.0
v1161,0.5,0.2,1.0,0.3,0.0,0.2
v1162,0.5,0.4,0.5,0.4,0.3,0.2
v1163,0.0,0.8,0.0,0.8,0.0,0.0
v1164,0.2,0.4,0.0,0.0,0.5,0.1
v1165,0.8,0.1,0.6,0.1,0.1,0.7
v1166,0.3,0.5,0.0,0.1,0.6,0.1
v1167,0.1,0.1,0.1,0.1,0.1,0.1
v1168,0.1,1.0,0.1,0.4,0.1,0.1
v1169,0.0,0.0,0.0,0.0,0.0,0.0
v1170,1.0,0.1,0.8,0.1,0.0,0.0
v1171,0.0,0.0,0.0,0.0,0.0,
v1172,0.2,0.8,0.1,0.4,0.6,0.2
v1173,0.4,0.6,0.1,0.3,0.5,0.1
v1174,0.9,0.3,0.3,0.3,0.3,0.4
v1175,1.0,0.0,1.0,0.0,0.0,0.0
v1176,0.5,0.5,0.1,0.1,0.1,0.1
v1177,0.1,0.9,0.1,0.1,0.1,0.1
v1178,0.8,0.2,0.5,0.3,0.3,0.6
v1179,0.1,0.8,0.1,0.1,0.1,0.1
v1180,0.2,0.8,0.5,0.9,0.3,0.0
v1181,0.1,1.0,0.2,0.5,0.4,0.2
v1182,0.0,0.0,0.0,0.0,0.0,0.0
v1183,0.4,0.6,0.0,0.4,0.4,0.4
v1184,0.7,0.2,0.7,0.2,0.0,0.3
v1185,0.3,0.3,0.3,0.3,0.0,0.0
v1186,0.9,0.1,0.1,0.1,0.1,0.1
v1187,0.0,0.0,0.0,0.5,0.0,0.0
v1188,1.0,0.0,0.0,0.0,0.0,0.0
v1189,0.0,0.2,0.0,0.5,0.0,0.0
v1190,0.0,0.7,0.0,0.7,0.4,
v1191,0.6,1.0,0.5,0.6,0.2,0.5
v1192,1.0,0.0,0.8,0.0,0.0,0.6
v1193,0.5,0.4,0.5,0.4,0.3,0.5
v1194,0.5,0.5,0.5,0.5,0.5,0.1
v1195,0.0,1.0,0.0,0.0,0.0,0.0
v1196,0.1,0.8,0.1,0.3,0.0,0.0
v1197,0.1,0.6,0.2,0.2,0.0,0.2
v1198,0.2,0.0,0.0,0.0,0.0,0.0
v1199,0.0,0.2,0.0,0.0,0.0,0.0
v1200,0.0,0.9,0.0,0.0,0.0,0.0
v1201,0.9,0.1,0.6,0.2,0.1,0.4
v1202,0.8,0.2,0.7,0.1,1.0,0.2
v1203,1.0,0.2,0.7,0.3,0.0,0.4
v1204,0.4,0.5,0.2,0.5,0.2,0.4
v1205,0.4,0.2,0.3,0.2,0.0,0.0
v1206,0.5,0.2,0.4,0.0,0.0,0.5
v1207,0.0,1.0,0.0,0.2,1.0,0.0
v1208,1.0,0.1,0.8,0.0,0.0,0.0
v1209,0.8,0.3,0.5,0.2,0.0,0.3
v1210,0.0,0.0,0.0,0.0,0.0,0.0
v1211,0.8,0.1,0.1,0.1,0.1,0.1
v1212,0.2,0.8,0.2,0.2,0.2,0.2
v1213,1.0,0.0,1.0,0.0,0.0,0.0
v1214,0.8,0.0,0.5,0.0,0.0,0.8
v1215,0.0,0.6,0.0,0.4,0.0,0.0
v1216,0.8,0.4,0.2,0.2,0.2,0.1
v1217,0.5,0.4,0.3,0.1,0.2,0.1
v1218,0.2,0.3,0.0,0.2,0.8,0.1
v1219,0.0,0.5,0.5,0.5,0.0,0.5
v1220,0.8,0.0,0.8,0.0,0.0,0.8
v1221,0.1,0.1,0.1,0.1,0.1,0.1
v1222,0.1,0.5,0.1,0.1,0.1,0.1
v1223,0.1,0.8,0.1,0.3,0.1,0.1
v1224,0.0,0.8,0.0,0.5,0.4,0.0
v1225,0.6,0.3,0.2,0.4,,
v1226,0.0,0.6,0.3,0.4,0.6,0.2
v1227,1.0,0.2,0.5,0.4,0.2,0.4
v1228,0.0,0.0,0.0,0.0,0.0,0.0
v1229,0.0,0.7,0.1,0.9,0.5,0.5
v1230,0.9,0.2,1.0,0.0,0.0,0.6
v1231,1.0,0.0,0.5,0.0,0.0,0.0
v1232,0.0,1.0,0.0,0.8,0.8,0.0
v1233,1.0,0.0,0.5,0.0,0.0,0.5
v1234,,0.7,0.2,0.3,0.8,
v1235,1.0,0.1,0.5,0.1,0.1,0.3
v1236,1.0,0.4,0.6,0.2,,
v1237,0.0,1.0,0.0,1.0,0.7,0.0
v1238,0.9,0.0,0.5,0.0,0.0,0.0
v1239,0.1,0.4,0.2,0.5,0.0,0.0
v1240,0.5,0.8,0.5,0.4,0.4,0.0
v1241,0.0,0.0,0.0,0.0,0.0,0.0
v1242,0.0,0.2,0.0,0.0,0.0,0.0
v1243,0.8,0.1,0.5,0.2,,
v1244,0.1,0.9,0.1,0.1,0.1,0.1
v1245,0.9,0.2,0.5,0.6,0.3,0.7
v1246,0.2,0.2,0.0,0.0,0.0,0.0
v1247,0.0,0.0,0.0,0.0,0.0,0.0
v1248,1.0,0.1,0.8,0.1,0.1,0.5
v1249,0.0,0.8,0.0,0.6,0.0,0.0
v1250,0.0,0.7,0.0,0.5,0.2,0.0
v1251,0.2,0.8,0.2,0.1,0.1,0.1
v1252,0.0,1.0,0.0,0.2,0.8,0.0
v1253,0.5,0.3,0.2,0.4,0.1,0.3
v1254,0.5,0.0,0.5,0.0,0.0,0.0
v1255,0.9,0.2,0.5,0.4,0.1,0.5
v1256,0.3,0.6,0.1,0.3,0.0,
v1257,0.0,1.0,0.0,1.0,0.0,0.0
v1258,0.8,0.1,0.8,0.1,0.1,0.6
v1259,,0.1,0.1,0.1,0.1,0.1
v1260,0.0,0.0,0.0,0.0,0.0,0.0
v1261,0.8,0.2,0.8,0.1,0.0,0.0
v1262,0.0,0.8,0.0,0.4,0.0,0.0
v1263,0.0,1.0,0.0,0.8,0.0,0.0
v1264,0.1,0.7,0.1,0.4,0.5,0.1
v1265,1.0,0.1,0.2,0.1,0.1,0.1
v1266,0.5,0.1,0.4,0.1,0.1,0.3
v1267,0.0,1.0,0.0,0.5,0.0,0.0
v1268,0.2,0.4,0.1,0.3,0.4,0.1
v1269,0.5,0.1,0.6,0.2,0.0,
v1270,0.7,0.5,0.5,0.4,0.2,0.3
v1271,0.5,0.0,0.0,0.0,0.0,0.0
v1272,0.0,0.7,0.0,0.4,0.0,0.0
v1273,0.0,0.3,0.0,0.2,0.2,0.0
v1274,1.0,0.3,0.8,0.5,0.4,0.9
v1275,0.7,0.0,1.0,0.1,0.0,0.3
v1276,0.0,0.4,0.2,0.1,0.1,0.1
v1277,0.0,0.8,0.0,0.7,0.0,0.0
v1278,0.8,0.1,0.4,0.0,0.0,0.2
v1279,1.0,0.0,1.0,0.0,0.0,0.0
v1280,0.8,0.5,0.5,0.4,0.3,0.6
v1281,1.0,0.3,0.3,0.3,0.0,0.4
v1282,1.0,0.1,0.7,0.3,0.0,0.5
v1283,0.2,0.2,0.2,0.2,0.0,0.2
v1284,0.1,1.0,0.1,0.5,0.5,0.5
v1285,0.9,0.0,0.7,0.4,0.0,0.5
v1286,0.0,1.0,0.0,0.5,0.0,0.0
v1287,0.0,0.1,0.0,0.0,0.2,0.0
v1288,0.6,0.0,0.6,0.0,0.0,0.0
v1289,1.0,0.3,0.8,0.5,0.8,0.5
v1290,0.2,0.8,0.1,0.3,0.8,0.2
v1291,0.0,0.0,0.0,0.0,0.0,0.0
v1292,0.2,0.1,0.3,0.2,0.1,0.1
v1293,0.4,0.2,0.4,0.0,0.0,0.2
v1294,0.0,0.7,0.0,0.7,0.5,0.0
v1295,0.5,0.6,0.1,0.3,0.3,0.2
v1296,0.5,0.0,0.0,0.0,0.0,0.3
v1297,1.0,0.0,0.5,0.0,0.0,0.5
v1298,0.7,0.0,0.5,0.0,0.0,0.0
v1299,0.9,0.2,0.8,0.3,0.1,0.8
v1300,1.0,0.0,0.6,0.0,0.0,0.4
v1301,0.1,0.2,0.0,0.1,0.2,0.0
v1302,0.2,0.8,0.1,0.3,,
v1303,0.1,0.7,0.1,0.1,0.1,0.1
v1304,0.0,0.9,0.2,0.4,0.0,0.0
v1305,0.6,0.0,0.7,0.6,0.0,0.0
v1306,0.6,0.1,0.3,0.1,0.1,0.1
v1307,0.1,0.7,0.1,0.3,0.4,0.2
v1308,0.1,0.3,0.1,0.4,0.3,0.1
v1309,0.0,1.0,0.0,1.0,0.5,0.0
v1310,0.1,0.9,0.1,0.1,0.1,0.1
v1311,0.1,0.4,0.0,0.2,0.0,0.0
v1312,0.0,1.0,0.0,0.8,0.0,0.0
v1313,0.6,0.1,0.2,0.3,0.2,0.4
v1314,0.5,0.5,0.0,0.5,0.7,0.0
v1315,0.0,0.6,0.0,0.0,0.0,0.0
v1316,0.8,0.9,0.8,0.7,0.6,0.5
v1317,0.7,0.0,0.3,0.0,0.0,0.3
v1318,0.6,0.0,0.0,0.0,0.0,0.0
v1319,0.5,0.3,0.5,0.2,0.0,0.7
v1320,0.1,0.8,0.1,0.1,0.4,0.1
v1321,1.0,0.1,0.5,0.1,0.1,0.0
v1322,0.7,0.3,0.6,0.2,0.0,0.8
v1323,1.0,0.0,1.0,0.0,0.0,0.5
v1324,0.1,0.1,0.1,0.1,0.1,0.1
v1325,0.1,0.8,0.2,0.5,0.1,0.2
v1326,0.0,0.6,0.0,0.0,0.0,0.0
v1327,0.9,0.1,0.2,0.1,0.1,0.2
v1328,0.2,0.8,0.0,0.5,0.0,0.0
v1329,1.0,0.0,0.0,0.0,0.0,0.0
v1330,1.0,0.4,0.4,0.4,0.3,0.2
v1331,0.2,0.8,0.0,0.4,0.6,0.0
v1332,0.1,0.5,0.1,0.1,0.8,0.1
v1333,0.7,0.5,0.0,0.0,0.0,0.0
v1334,0.0,0.8,0.0,0.2,0.0,0.0
v1335,1.0,0.0,0.9,0.0,0.0,0.0
v1336,0.0,0.6,0.0,0.2,0.9,0.2
v1337,0.2,0.5,0.2,0.4,0.3,0.2
v1338,0.4,0.3,0.2,0.1,0.0,0.0
v1339,1.0,0.0,0.8,0.4,0.0,0.9
v1340,1.0,0.0,1.0,0.0,0.0,0.5
v1341,1.0,0.1,0.3,0.1,0.1,0.1
v1342,0.0,0.3,0.0,0.1,0.1,0.0
v1343,0.8,0.1,0.6,0.1,0.1,0.1
v1344,0.0,0.0,0.0,0.0,0.0,0.0
v1345,0.2,0.7,0.1,0.6,0.0,0.0
v1346,0.7,0.5,0.6,0.5,0.2,0.5
v1347,1.0,0.4,0.7,0.3,0.0,0.4
v1348,0.3,0.0,0.0,0.2,0.0,0.7
v1349,0.7,0.0,0.8,0.0,0.0,0.0
v1350,0.2,0.5,0.1,0.3,0.2,0.0
v1351,0.0,1.0,0.0,0.0,0.0,0.0
v1352,0.1,0.8,0.1,0.4,0.4,0.1
v1353,0.5,0.5,0.5,0.5,0.5,0.5
v1354,0.3,0.8,0.2,0.1,0.2,0.0
v1355,0.0,0.2,0.0,0.0,0.9,0.0
v1356,0.5,0.2,0.5,0.5,0.2,0.3
v1357,0.5,0.4,0.0,0.0,0.0,0.0
v1358,1.0,0.1,0.2,0.1,0.2,0.1
v1359,0.1,0.6,0.1,0.1,0.0,0.3
v1360,0.1,0.7,0.1,0.5,0.1,0.1
v1361,1.0,0.0,0.8,0.0,0.0,0.0
v1362,1.0,0.0,0.7,0.5,0.0,0.8
v1363,1.0,0.0,0.8,0.0,0.0,1.0
v1364,0.7,0.2,0.7,0.2,0.0,0.2
v1365,0.1,1.0,0.0,0.4,0.4,0.0
v1366,0.0,0.5,0.0,0.0,0.8,0.0
v1367,0.8,0.2,0.2,0.1,0.1,0.1
v1368,0.4,,,,,
v1369,0.0,1.0,0.0,0.5,0.0,0.0
v1370,0.0,1.0,0.8,0.7,1.0,0.5
v1371,1.0,0.0,1.0,0.0,0.0,0.5
v1372,0.5,0.2,0.5,0.2,0.0,0.2
v1373,0.3,0.0,0.0,0.3,0.0,0.0
v1374,0.0,0.7,0.0,0.0,0.8,0.0
v1375,1.0,0.0,0.9,0.0,0.0,0.0
v1376,0.9,0.1,0.1,0.1,0.1,0.1
v1377,0.0,0.5,0.0,0.1,0.0,0.0
v1378,0.0,0.7,0.0,0.8,0.0,0.0
v1379,0.0,0.0,0.0,0.0,1.0,0.0
v1380,0.0,1.0,0.0,0.6,0.0,0.0
v1381,0.6,0.1,0.6,0.1,,
v1382,0.7,0.0,0.0,0.0,0.0,0.0
v1383,0.5,0.5,0.7,0.4,0.2,0.3
v1384,0.0,1.0,0.0,1.0,0.0,0.0
v1385,1.0,0.0,1.0,0.0,0.0,0.0
v1386,0.7,0.0,0.2,0.1,0.0,0.0
v1387,1.0,0.0,0.8,0.0,0.0,0.7
v1388,0.9,0.1,0.1,0.1,0.1,0.1
v1389,0.0,0.0,0.0,0.0,0.0,0.0
v1390,0.7,0.3,0.6,0.4,0.1,0.8
v1391,0.3,0.9,0.0,0.2,0.3,0.2
v1392,0.5,0.5,0.5,0.5,0.5,0.5
v1393,0.5,0.6,0.2,0.4,0.2,0.2
v1394,1.0,0.0,0.8,0.5,0.0,0.7
v1395,0.0,0.8,0.1,0.5,0.2,0.0
v1396,0.0,1.0,0.0,0.5,0.0,0.0
v1397,0.1,0.8,0.1,0.1,,0.1
v1398,0.4,0.3,0.3,0.5,0.2,0.5
v1399,0.1,0.8,0.1,0.1,0.1,0.1
v1400,1.0,0.2,0.6,0.4,0.0,0.6
v1401,0.1,0.8,0.1,0.1,0.1,0.1
v1402,1.0,0.0,0.8,0.0,0.0,0.0
v1403,0.1,0.1,0.1,0.1,0.1,0.1
v1404,1.0,0.1,0.5,0.0,0.0,0.0
v1405,0.5,0.5,0.5,0.5,0.0,0.5
v1406,1.0,0.2,0.8,0.3,0.1,0.5
v1407,0.1,0.7,0.1,0.1,0.1,0.1
v1408,1.0,0.0,0.0,0.0,0.0,0.0
v1409,0.0,0.8,0.0,0.3,0.0,0.0
v1410,1.0,0.0,0.6,0.0,0.0,0.3
v1411,0.8,0.2,0.4,0.4,0.3,0.2
v1412,0.0,1.0,0.0,0.0,0.0,0.0
v1413,0.0,0.8,0.2,0.8,0.0,0.0
v1414,0.5,0.5,0.2,0.2,0.5,0.1
v1415,0.4,0.6,0.1,0.3,0.4,0.2
v1416,0.3,0.9,0.0,0.0,0.1,0.1
v1417,0.0,0.9,0.0,0.5,0.2,0.0
v1418,1.0,0.0,1.0,0.0,0.0,1.0
v1419,0.0,0.0,0.0,0.2,0.0,0.0
v1420,1.0,0.2,0.9,0.5,0.0,0.7
v1421,0.0,0.0,0.0,0.0,0.0,0.0
v1422,0.4,0.0,0.0,0.0,0.0,0.5
v1423,0.9,0.1,0.6,0.4,0.1,0.4
v1424,1.0,0.3,0.6,0.5,0.3,0.6
v1425,0.6,0.6,0.6,0.6,0.6,0.6
v1426,0.6,0.5,0.5,0.4,0.0,0.5
v1427,0.5,0.1,0.3,0.0,0.0,0.0
v1428,1.0,0.0,0.8,0.2,0.0,0.6
v1429,0.7,0.3,0.3,0.3,,
v1430,0.0,0.2,0.0,0.0,0.2,0.0
v1431,0.7,0.3,0.6,0.4,0.1,0.7
v1432,0.9,0.2,0.5,0.5,0.1,0.7
v1433,0.1,0.7,0.0,0.8,0.3,0.2
v1434,0.0,1.0,0.0,0.0,0.8,0.0
v1435,0.7,0.2,0.3,0.1,0.1,0.1
v1436,0.0,0.8,0.0,0.5,0.4,0.0
v1437,0.1,0.7,0.1,0.2,0.2,0.1
v1438,0.8,0.1,0.1,0.1,0.1,0.1
v1439,0.8,0.1,0.8,0.0,0.0,0.2
v1440,1.0,0.0,0.5,0.0,0.0,0.9
v1441,0.0,0.4,0.0,0.4,0.1,0.0
v1442,0.1,0.5,0.1,0.8,0.1,0.1
