,A,B,C,F
v1,0.6,0.5,0.6,
v2,0.7,0.3,0.8,0.2
v3,0.2,0.8,0.0,0.8
v4,0.7,0.8,0.6,0.6
v5,0.7,0.0,0.8,0.2
v6,0.5,0.3,0.8,0.2
v7,0.8,0.2,0.8,0.0
v8,1.0,0.0,0.5,0.1
v9,0.2,0.9,0.2,0.6
v10,0.5,0.9,0.1,0.8
v11,0.7,0.0,1.0,0.0
v12,0.7,0.5,0.7,0.4
v13,0.8,0.4,0.8,0.5
v14,0.8,0.5,0.4,0.5
v15,0.3,1.0,0.0,0.8
v16,0.7,0.7,0.5,0.3
v17,0.7,1.0,0.0,1.0
v18,0.3,0.7,0.3,0.6
v19,0.5,0.8,0.2,0.8
v20,1.0,0.0,0.0,0.0
v21,0.7,0.3,0.5,0.3
v22,0.9,0.7,0.8,0.8
v23,0.1,0.5,0.0,0.2
v24,0.8,0.0,1.0,0.0
v25,0.6,0.8,0.3,
v26,0.0,0.8,0.0,0.7
v27,0.0,0.0,0.0,0.3
v28,0.0,0.8,0.0,0.9
v29,0.5,0.5,0.5,0.5
v30,0.4,0.8,0.6,0.8
v31,0.8,0.2,0.8,0.2
v32,0.3,1.0,0.3,0.7
v33,0.7,0.0,1.0,0.0
v34,0.9,0.5,0.8,0.5
v35,0.7,0.8,0.8,0.6
v36,0.9,0.0,0.4,0.0
v37,0.5,0.0,0.5,0.3
v38,1.0,0.0,0.9,0.2
v39,1.0,0.0,1.0,0.0
v40,0.6,0.0,0.7,0.0
v41,0.5,0.9,0.0,0.8
v42,0.6,0.6,0.2,0.5
v43,0.2,0.7,0.0,1.0
v44,0.2,0.8,0.4,0.9
v45,0.1,0.1,0.0,0.1
v46,0.8,0.6,0.3,0.4
v47,0.8,0.0,0.7,0.0
v48,0.9,0.1,0.5,0.0
v49,0.8,0.2,0.8,0.0
v50,0.8,0.4,0.0,0.0
v51,0.2,1.0,0.0,1.0
v52,1.0,0.5,0.9,0.5
v53,0.5,0.5,0.5,0.5
v54,0.8,0.2,0.2,0.2
v55,0.3,1.0,0.6,0.7
v56,0.9,0.1,0.6,0.1
v57,0.8,0.5,0.4,0.7
v58,0.5,0.7,0.1,0.7
v59,0.7,0.8,0.6,0.7
v60,0.7,0.6,0.6,0.4
v61,0.4,0.0,0.7,0.0
v62,0.0,0.9,0.2,0.9
v63,0.2,0.8,0.2,0.6
v64,0.6,0.8,0.3,0.8
v65,0.5,0.3,0.7,0.3
v66,0.0,0.8,0.3,0.6
v67,0.3,0.9,0.1,0.7
v68,0.3,0.7,0.5,0.6
v69,0.6,0.4,0.5,0.3
v70,0.7,0.0,0.7,0.4
v71,0.0,0.8,0.0,0.7
v72,0.7,0.3,0.8,0.4
v73,0.1,0.9,0.0,0.9
v74,0.3,0.2,0.7,0.1
v75,1.0,0.5,0.2,0.5
v76,0.2,0.2,0.4,0.2
v77,0.5,0.7,0.5,0.5
v78,0.5,0.4,0.7,0.0
v79,0.5,0.4,0.5,0.1
v80,0.0,1.0,0.0,0.5
v81,0.3,1.0,0.0,1.0
v82,0.9,0.7,0.8,0.7
v83,0.6,0.0,1.0,0.0
v84,0.9,0.3,0.6,0.3
v85,0.7,0.0,0.8,0.0
v86,0.5,0.8,0.5,0.8
v87,0.0,0.9,0.1,0.7
v88,0.8,0.3,0.9,0.2
v89,0.8,0.1,0.1,0.1
v90,0.7,0.4,0.7,0.4
v91,0.8,0.4,0.8,0.4
v92,0.9,0.5,0.8,0.5
v93,0.5,0.5,0.0,0.5
v94,0.5,0.5,0.0,0.0
v95,0.7,0.0,1.0,0.0
v96,0.5,0.7,0.7,0.4
v97,0.5,0.7,0.7,0.3
v98,0.2,0.8,0.0,0.8
v99,0.7,0.0,1.0,0.0
v100,0.7,0.9,0.1,0.9
v101,0.6,0.5,0.8,0.5
v102,0.5,0.5,0.4,0.0
v103,0.6,0.5,0.3,0.5
v104,0.9,0.7,0.7,0.2
v105,0.8,0.5,0.6,0.3
v106,0.3,0.7,0.1,0.5
v107,0.4,0.8,0.2,0.8
v108,0.5,0.5,0.5,0.5
v109,0.6,0.0,0.5,0.0
v110,0.0,0.4,0.0,0.8
v111,0.5,0.2,0.7,0.1
v112,0.7,0.0,0.4,0.2
v113,0.6,0.5,0.6,0.3
v114,0.5,0.6,0.8,0.6
v115,0.4,0.9,0.3,0.8
v116,0.0,0.4,0.0,1.0
v117,0.5,0.2,0.8,0.1
v118,0.7,0.3,0.7,0.2
v119,1.0,0.0,0.7,0.0
v120,0.3,0.8,0.0,0.8
v121,0.9,0.3,0.8,0.1
v122,0.9,0.4,0.7,0.4
v123,0.8,0.3,0.5,0.2
v124,0.6,0.3,0.3,0.3
v125,0.6,0.8,0.4,0.4
v126,0.8,0.3,0.7,0.4
v127,0.4,0.3,0.4,0.5
v128,0.3,0.0,1.0,0.0
v129,0.7,0.3,0.9,0.1
v130,0.2,0.5,0.2,0.5
v131,1.0,0.0,1.0,0.0
v132,0.9,0.2,0.7,0.3
v133,0.0,0.4,0.0,0.5
v134,0.6,0.3,0.5,0.1
v135,0.3,0.7,0.2,0.6
v136,0.1,0.9,0.0,0.4
v137,0.0,0.8,0.0,0.8
v138,0.5,0.7,0.1,0.4
v139,0.6,0.9,0.8,0.9
v140,0.1,0.0,0.1,0.0
v141,0.3,0.1,0.2,0.3
v142,0.9,0.3,0.7,0.0
v143,0.5,0.5,0.5,0.5
v144,0.9,0.2,0.3,0.0
v145,0.5,0.3,0.7,0.0
v146,0.7,0.2,0.9,0.0
v147,0.7,0.3,0.6,0.0
v148,0.5,0.5,0.5,0.5
v149,0.0,0.6,0.0,0.6
v150,0.6,0.1,0.8,0.0
v151,0.7,0.5,0.6,0.5
v152,0.7,0.5,0.5,0.7
v153,0.0,0.7,0.2,0.7
v154,0.4,0.8,0.4,0.6
v155,0.5,0.3,0.3,0.3
v156,0.2,0.9,0.2,0.5
v157,0.7,0.0,0.8,0.0
v158,0.7,0.3,0.5,0.2
v159,0.0,1.0,0.4,0.6
v160,0.5,0.2,0.4,0.2
v161,0.7,0.0,0.7,0.0
v162,0.7,0.4,0.5,0.1
v163,0.2,0.5,0.0,0.2
v164,0.3,0.6,0.0,0.4
v165,0.5,0.3,0.6,0.5
v166,0.7,0.5,0.8,0.4
v167,0.1,0.8,0.0,0.6
v168,0.6,0.9,0.1,0.9
v169,0.4,0.1,0.9,0.0
v170,0.7,0.0,0.6,0.2
v171,0.6,0.6,0.8,0.0
v172,0.5,0.5,0.0,0.5
v173,0.0,0.0,0.3,0.0
v174,1.0,0.0,1.0,0.0
v175,0.4,0.0,0.8,0.2
v176,0.7,0.3,0.7,0.1
v177,0.6,0.3,0.5,0.2
v178,0.5,0.5,0.5,0.5
v179,0.5,0.6,0.0,0.6
v180,0.7,0.6,0.8,0.6
v181,0.9,0.0,0.7,0.0
v182,0.7,0.5,0.5,0.4
v183,0.4,0.7,0.7,0.6
v184,0.8,0.2,0.3,0.4
v185,0.5,0.5,0.6,0.5
v186,1.0,0.1,0.7,0.1
v187,0.2,0.3,0.1,0.4
v188,0.8,0.0,0.8,0.0
v189,0.8,0.1,1.0,0.0
v190,0.5,1.0,0.0,0.9
v191,0.6,0.8,0.3,0.6
v192,1.0,0.1,1.0,0.1
v193,0.6,0.3,0.8,0.1
v194,0.5,0.7,0.3,0.7
v195,0.6,0.3,0.7,0.1
v196,0.0,1.0,0.0,1.0
v197,0.7,0.7,0.9,0.7
v198,0.3,0.7,0.0,0.7
v199,0.7,0.4,0.1,0.0
v200,0.7,0.0,1.0,0.0
v201,0.0,0.7,0.2,0.5
v202,0.0,0.5,0.0,0.5
v203,0.4,0.7,0.7,0.5
v204,0.8,0.2,0.7,0.2
v205,0.6,0.6,0.3,0.6
v206,0.8,0.3,0.5,0.3
v207,0.6,0.6,0.4,0.4
v208,0.6,0.7,0.0,0.4
v209,1.0,0.0,0.7,0.0
v210,0.7,0.7,0.7,0.7
v211,1.0,0.2,0.8,0.1
v212,0.4,0.9,0.0,0.9
v213,0.6,0.1,0.6,0.1
v214,0.8,0.0,0.8,0.0
v215,0.6,0.2,1.0,0.2
v216,0.5,1.0,0.1,1.0
v217,0.0,1.0,0.0,1.0
v218,1.0,0.3,1.0,0.1
v219,0.8,0.0,0.5,0.0
v220,0.7,0.7,0.0,0.8
v221,0.7,0.6,0.5,0.3
v222,0.9,0.4,0.7,0.4
v223,0.7,0.1,0.6,0.0
v224,0.8,0.2,0.6,0.2
v225,0.8,0.8,0.7,0.7
v226,0.6,0.7,0.6,0.7
v227,0.0,0.0,0.0,0.0
v228,0.7,0.5,0.8,0.3
v229,0.0,1.0,0.0,1.0
v230,0.5,0.3,0.5,0.3
v231,0.5,0.5,0.5,0.2
v232,0.0,1.0,0.0,1.0
v233,0.5,0.0,0.6,0.0
v234,0.2,0.6,0.5,0.5
v235,0.5,0.5,0.8,0.1
v236,0.6,0.8,0.4,0.7
v237,0.8,0.2,0.6,0.3
v238,0.7,0.2,0.9,0.1
v239,0.3,0.4,0.6,0.3
v240,0.8,0.8,0.8,0.0
v241,0.7,0.0,0.5,0.0
v242,0.7,0.4,0.6,0.7
v243,0.3,0.3,0.3,0.3
v244,0.8,0.6,0.5,0.6
v245,0.3,0.7,0.0,0.8
v246,0.9,0.0,1.0,0.0
v247,1.0,0.5,0.7,0.1
v248,0.7,0.0,0.9,0.0
v249,1.0,0.0,0.9,0.0
v250,0.7,0.0,1.0,0.0
v251,0.5,0.5,0.5,0.5
v252,1.0,0.8,0.8,0.8
v253,0.0,1.0,0.0,1.0
v254,0.8,0.3,1.0,0.1
v255,0.0,1.0,0.0,0.0
v256,0.8,0.0,0.8,0.0
v257,0.8,0.2,0.8,0.2
v258,0.8,0.8,0.6,0.6
v259,0.2,0.2,0.3,0.2
v260,0.2,1.0,0.1,1.0
v261,0.0,0.9,0.1,0.1
v262,0.8,0.8,0.9,0.8
v263,0.6,0.5,0.5,0.6
v264,0.6,0.3,0.6,0.1
v265,0.4,1.0,0.1,0.8
v266,0.6,0.5,0.1,0.7
v267,0.6,0.4,0.3,0.3
v268,0.6,0.7,0.3,0.8
v269,0.9,0.0,0.9,0.0
v270,0.5,0.7,0.3,0.7
v271,1.0,0.5,0.9,0.5
v272,0.6,0.4,0.5,0.2
v273,0.7,0.7,0.7,0.7
v274,0.0,0.3,0.0,0.9
v275,0.3,0.2,0.0,0.3
v276,0.4,1.0,0.2,0.8
v277,0.6,0.0,1.0,0.0
v278,0.5,0.7,0.0,0.9
v279,0.7,0.4,0.5,0.4
v280,0.5,0.6,0.4,0.1
v281,0.5,0.5,0.0,0.5
v282,0.6,0.5,0.4,0.2
v283,0.5,0.0,0.0,0.0
v284,0.6,0.5,0.6,0.5
v285,0.5,0.5,0.0,0.4
v286,0.0,0.6,0.0,0.6
v287,0.6,0.3,0.5,0.5
v288,0.5,0.5,0.7,0.5
v289,0.3,0.5,0.0,0.5
v290,0.5,1.0,0.1,0.9
v291,0.7,0.8,0.3,0.7
v292,0.6,0.8,0.0,0.8
v293,0.8,0.4,0.3,0.3
v294,1.0,0.0,0.0,0.0
v295,0.6,0.5,0.5,0.4
v296,0.7,0.7,0.6,0.5
v297,0.9,0.1,0.3,0.1
v298,0.7,0.3,0.8,0.3
v299,0.4,0.0,0.4,0.0
v300,0.7,0.8,0.0,0.6
v301,0.5,0.0,1.0,0.0
v302,1.0,0.0,0.8,0.0
v303,0.4,0.2,0.7,
v304,0.4,0.7,0.3,0.9
v305,0.8,0.0,0.7,0.2
v306,0.8,0.3,0.9,0.1
v307,0.0,0.7,0.0,0.0
v308,0.6,0.5,0.5,0.7
v309,0.6,0.3,0.9,0.2
v310,0.0,0.6,0.0,0.6
v311,0.1,0.1,0.1,0.1
v312,0.5,0.9,0.7,0.7
v313,0.6,0.4,0.6,0.4
v314,0.4,0.0,0.4,0.0
v315,0.0,0.0,0.0,0.0
v316,0.7,0.0,0.6,0.0
v317,0.3,0.9,0.0,1.0
v318,0.0,0.7,0.0,0.7
v319,1.0,0.0,0.5,0.0
v320,0.7,0.0,0.7,0.0
v321,0.9,0.0,0.8,0.0
v322,0.7,0.6,0.6,0.6
v323,0.8,0.9,0.1,0.9
v324,0.7,0.0,1.0,0.0
v325,0.0,0.0,0.0,0.0
v326,0.6,0.0,0.8,0.2
v327,0.3,0.6,0.0,0.6
v328,0.7,0.0,0.9,0.0
v329,0.5,0.5,0.5,0.5
v330,0.6,0.7,0.0,0.5
v331,0.9,0.0,0.7,0.0
v332,0.8,0.4,0.7,0.2
v333,0.0,0.0,0.0,0.0
v334,0.8,0.9,0.5,0.7
v335,0.8,0.0,0.6,0.0
v336,0.8,0.0,0.8,0.0
v337,0.8,0.3,0.8,0.0
v338,0.9,0.9,0.5,0.7
v339,0.4,0.3,0.1,0.2
v340,1.0,0.0,0.5,0.0
v341,0.6,0.4,0.7,0.0
v342,0.7,0.1,0.8,0.1
v343,0.8,0.3,1.0,0.2
v344,0.5,0.5,0.5,0.5
v345,0.8,0.2,0.9,0.2
v346,0.0,0.6,0.0,0.6
v347,0.7,0.1,0.4,0.1
v348,0.7,0.0,1.0,0.0
v349,0.4,0.8,0.2,0.7
v350,0.5,0.5,0.5,0.5
v351,0.6,0.3,0.7,0.0
v352,0.7,0.3,0.5,0.4
v353,0.5,0.4,0.9,0.2
v354,0.6,0.3,0.5,0.1
v355,0.7,0.0,0.9,0.0
v356,0.5,0.9,0.2,
v357,0.6,1.0,0.0,1.0
v358,0.4,0.4,0.6,0.0
v359,0.7,0.3,0.7,0.2
v360,0.4,0.8,0.3,0.8
v361,0.8,0.0,0.6,0.0
v362,0.5,0.7,0.3,0.7
v363,0.9,0.0,0.0,0.0
v364,0.0,1.0,0.0,1.0
v365,0.9,0.0,0.6,0.3
v366,0.7,0.3,0.6,0.5
v367,0.5,0.1,0.6,0.0
v368,0.5,0.0,0.8,0.0
v369,0.3,0.8,0.0,0.6
v370,0.5,0.0,0.8,0.0
v371,0.8,0.1,1.0,0.1
v372,1.0,0.0,1.0,0.0
v373,0.4,0.6,0.5,0.6
v374,0.8,0.5,0.7,0.2
v375,0.3,0.5,0.0,0.7
v376,0.5,0.4,0.9,0.4
v377,0.8,0.7,0.5,0.6
v378,0.5,0.3,0.1,0.8
v379,0.7,0.1,0.6,0.2
v380,1.0,0.6,0.8,0.4
v381,0.7,0.2,1.0,0.0
v382,0.5,0.9,0.0,1.0
v383,0.4,0.1,0.6,0.1
v384,0.6,0.4,0.8,0.2
v385,0.8,0.0,0.6,0.0
v386,0.5,0.7,0.3,0.9
v387,1.0,0.0,0.8,0.0
v388,0.9,0.8,0.8,0.0
v389,0.8,0.6,0.7,0.2
v390,0.5,0.2,0.5,0.2
v391,0.2,0.9,0.2,0.9
v392,0.0,0.0,0.3,0.0
v393,0.0,1.0,0.0,1.0
v394,0.8,0.0,0.8,0.5
v395,0.0,0.0,1.0,0.0
v396,0.5,0.5,0.5,0.5
v397,0.2,0.5,0.0,0.5
v398,0.4,0.6,0.0,0.7
v399,0.6,0.8,0.1,0.8
v400,0.8,0.2,0.5,0.3
v401,0.9,0.2,0.8,0.0
v402,1.0,0.1,0.4,0.1
v403,0.8,0.2,0.8,0.0
v404,0.9,0.6,0.8,0.4
v405,0.4,0.8,0.1,0.8
v406,1.0,0.1,0.9,0.2
v407,0.0,0.0,0.0,0.0
v408,0.2,1.0,0.0,0.9
v409,0.7,0.2,0.7,0.0
v410,0.2,0.7,0.7,0.6
v411,0.7,0.1,1.0,0.1
v412,1.0,0.4,0.5,0.5
v413,0.3,1.0,0.0,1.0
v414,0.6,0.8,0.3,0.8
v415,0.5,0.0,0.7,0.0
v416,0.5,0.4,0.0,0.0
v417,0.5,0.5,0.5,0.5
v418,0.5,0.3,0.6,0.4
v419,0.6,0.3,0.8,0.2
v420,0.4,0.4,0.1,0.5
v421,0.8,0.1,0.4,0.2
v422,0.3,0.8,0.3,0.4
v423,0.6,0.7,0.7,0.5
v424,1.0,0.0,0.7,0.0
v425,0.8,0.0,0.8,0.1
v426,0.7,0.2,0.5,
v427,0.5,0.5,0.2,0.5
v428,0.6,0.5,0.3,0.4
v429,1.0,0.7,0.5,0.5
v430,0.8,0.5,0.6,0.2
v431,0.4,0.5,0.0,0.4
v432,0.3,0.7,0.0,0.7
v433,0.5,0.8,0.0,0.9
v434,0.8,0.4,0.9,0.3
v435,0.0,0.0,,0.0
v436,0.5,0.9,0.3,0.8
v437,0.6,0.0,0.6,0.0
v438,0.0,1.0,0.3,0.0
v439,0.4,0.8,0.0,0.8
v440,0.5,0.9,0.2,0.7
v441,0.4,0.3,0.3,0.0
v442,0.5,0.0,0.8,0.0
v443,0.5,0.5,0.3,0.5
v444,0.8,0.0,1.0,0.0
v445,0.8,0.0,0.7,0.2
v446,0.5,0.5,0.0,0.3
v447,0.7,0.7,0.0,0.5
v448,0.2,0.5,0.0,0.5
v449,0.1,0.5,0.0,0.6
v450,0.0,1.0,0.5,0.7
v451,0.7,0.3,0.5,0.3
v452,0.6,0.7,0.1,0.5
v453,0.6,0.4,0.8,0.3
v454,0.2,0.6,0.0,0.7
v455,0.9,0.0,0.9,0.2
v456,0.7,0.5,0.4,0.3
v457,0.6,0.5,0.5,0.4
v458,0.5,0.8,0.5,0.8
v459,0.4,0.6,0.0,0.6
v460,0.2,0.8,0.0,0.8
v461,0.5,0.9,0.0,0.6
v462,0.7,0.4,0.8,0.4
v463,0.2,0.2,0.5,0.2
v464,1.0,0.0,0.7,0.0
v465,0.1,0.7,0.0,0.8
v466,1.0,0.2,0.4,0.3
v467,1.0,0.1,0.7,0.1
v468,0.8,0.6,0.4,0.4
v469,0.7,0.6,0.5,0.3
v470,0.8,0.6,0.4,0.4
v471,0.5,0.6,0.3,0.5
v472,1.0,0.0,0.7,0.0
v473,0.5,0.0,1.0,0.0
v474,0.2,0.7,0.0,0.5
v475,0.2,0.8,0.0,0.8
v476,0.3,0.3,0.0,0.3
v477,0.8,0.4,1.0,0.2
v478,0.7,0.4,0.5,0.3
v479,0.5,0.6,0.3,0.7
v480,0.9,0.5,1.0,
v481,1.0,0.8,0.8,0.8
v482,0.7,0.2,0.9,
v483,0.5,0.8,0.5,0.8
v484,0.8,0.0,0.6,0.0
v485,0.5,0.8,0.2,0.8
v486,0.7,0.0,0.8,0.0
v487,0.8,0.0,0.8,0.0
v488,0.8,0.2,0.8,0.2
v489,0.9,0.7,0.0,0.0
v490,0.5,0.8,0.6,0.7
v491,1.0,0.3,0.8,0.3
v492,0.7,0.6,0.8,0.5
v493,0.0,0.8,0.0,0.7
v494,0.8,0.7,0.8,0.0
v495,0.8,0.1,0.9,0.0
v496,0.5,0.5,0.6,0.4
v497,0.0,0.8,0.2,0.7
v498,1.0,0.0,0.8,0.2
v499,0.6,0.4,0.3,0.4
v500,1.0,0.0,1.0,0.0
v501,0.7,0.2,0.0,0.2
v502,0.2,0.5,0.0,1.0
v503,0.0,1.0,0.0,1.0
v504,0.7,0.5,1.0,0.5
v505,0.7,0.4,0.4,0.0
v506,1.0,0.4,1.0,0.2
v507,0.7,0.6,0.8,
v508,0.8,0.0,0.9,0.0
v509,0.1,0.3,0.0,0.3
v510,0.7,0.7,0.5,0.5
v511,0.5,0.3,0.4,0.0
v512,0.8,0.0,0.8,0.0
v513,0.8,0.2,0.5,0.0
v514,0.7,0.0,1.0,0.0
v515,0.8,0.2,0.6,0.3
v516,0.7,0.5,0.5,0.3
v517,0.8,0.0,0.8,0.0
v518,0.7,0.1,0.8,0.1
v519,0.7,0.0,0.8,0.0
v520,0.3,0.5,1.0,0.4
v521,0.6,0.7,0.4,0.5
v522,0.0,0.6,0.0,0.5
v523,0.5,0.5,0.4,0.4
v524,0.1,0.0,1.0,0.0
v525,0.5,1.0,0.8,0.5
v526,0.2,1.0,0.0,1.0
v527,0.4,0.8,0.0,0.9
v528,0.8,0.3,0.8,0.3
v529,0.5,0.0,0.9,0.0
v530,0.8,0.0,0.8,0.0
v531,0.6,0.8,0.6,0.8
v532,0.2,1.0,0.4,0.7
v533,0.5,0.6,0.7,0.5
v534,0.5,0.4,0.4,0.5
v535,0.8,0.3,0.7,0.1
v536,0.5,0.9,0.5,0.8
v537,0.3,0.9,0.7,0.3
v538,0.0,0.8,0.0,0.7
v539,0.6,0.0,0.8,0.0
v540,0.4,0.3,0.2,0.2
v541,0.8,0.9,0.6,0.6
v542,0.9,0.4,0.6,0.4
v543,0.3,1.0,0.0,1.0
v544,0.7,0.7,0.8,0.5
v545,0.0,0.0,0.5,0.0
v546,0.5,1.0,0.0,
v547,0.0,0.0,0.0,0.0
v548,0.4,0.5,0.1,0.3
v549,0.5,0.5,0.5,0.5
v550,0.0,0.0,0.0,0.0
v551,0.8,0.0,0.8,0.0
v552,0.8,0.9,0.6,0.2
v553,0.6,0.6,0.0,0.2
v554,0.1,0.6,0.0,0.7
v555,0.0,0.0,0.0,0.0
v556,0.9,0.0,0.5,0.5
v557,0.0,0.7,0.0,0.7
v558,0.8,0.4,0.7,0.0
v559,1.0,0.0,0.9,0.0
v560,0.0,0.9,0.0,0.9
v561,0.5,0.1,1.0,0.0
v562,0.7,0.3,0.7,0.3
v563,0.6,0.0,0.8,0.1
v564,1.0,0.2,1.0,0.1
v565,0.9,0.3,0.8,0.2
v566,0.6,0.5,0.8,0.4
v567,0.5,0.8,0.5,0.8
v568,0.3,0.8,0.0,0.8
v569,0.7,0.7,0.2,0.7
v570,0.7,0.5,0.6,0.6
v571,0.8,0.0,1.0,0.0
v572,1.0,0.2,0.5,0.0
v573,0.3,0.8,0.0,0.5
v574,0.5,0.0,0.5,0.0
v575,0.4,0.7,0.4,0.3
v576,0.5,0.5,0.7,0.5
v577,0.5,0.0,0.7,0.0
v578,0.1,0.3,0.0,0.5
v579,0.5,0.5,0.5,0.3
v580,0.0,0.0,0.3,0.0
v581,0.9,0.2,1.0,0.1
v582,0.7,0.0,0.8,0.0
v583,0.5,0.4,0.4,0.3
v584,0.8,0.6,,
v585,0.8,0.0,0.0,0.0
v586,0.7,0.3,0.9,0.2
v587,0.5,0.3,0.7,0.5
v588,0.9,0.0,1.0,0.0
v589,0.3,0.1,0.6,0.1
v590,0.4,0.8,0.6,0.5
v591,1.0,0.0,1.0,0.0
v592,0.9,0.0,1.0,0.0
v593,0.6,0.2,0.7,0.0
v594,0.7,0.2,0.7,0.4
v595,0.6,0.1,0.9,0.1
v596,0.3,0.8,0.4,0.6
v597,0.4,0.0,0.8,0.0
v598,0.8,0.4,0.6,0.2
v599,0.1,1.0,0.0,0.9
v600,0.7,0.0,0.7,0.0
v601,0.6,0.1,0.8,0.0
v602,0.6,0.4,0.5,0.4
v603,0.2,0.0,0.1,0.0
v604,0.0,1.0,0.5,0.8
v605,0.3,0.3,0.5,0.2
v606,0.6,0.1,0.8,0.3
v607,0.1,1.0,0.0,0.9
v608,0.8,0.2,0.8,0.1
v609,0.5,0.5,0.8,0.7
v610,0.5,0.8,0.3,0.7
v611,0.4,0.7,0.1,0.6
v612,0.4,0.8,0.3,0.5
v613,0.5,0.3,0.6,0.2
v614,0.0,0.3,0.0,0.6
v615,0.5,0.8,0.1,0.8
v616,0.4,0.2,0.1,0.0
v617,0.5,0.8,0.3,1.0
v618,0.1,0.9,0.0,0.5
v619,0.7,0.0,1.0,0.1
v620,0.7,0.7,0.7,
v621,0.8,0.3,0.5,0.2
v622,0.0,0.0,0.0,0.0
v623,0.2,0.5,0.0,0.7
v624,0.5,0.4,0.4,0.0
v625,1.0,1.0,1.0,0.5
v626,0.8,0.1,0.3,0.2
v627,0.9,0.0,1.0,0.2
v628,1.0,0.0,1.0,0.0
v629,0.7,0.0,0.9,0.1
v630,0.5,0.1,0.4,0.1
v631,0.9,0.1,0.7,0.1
v632,0.5,0.7,0.4,0.7
v633,0.5,0.7,0.5,0.7
v634,0.8,0.4,0.8,0.4
v635,0.0,0.7,0.0,0.5
v636,0.9,0.7,0.7,0.8
v637,0.7,0.0,1.0,0.0
v638,0.6,0.6,0.6,0.7
v639,0.2,0.1,0.0,0.0
v640,0.7,0.1,0.5,0.1
v641,0.2,0.7,0.0,0.5
v642,0.5,1.0,0.0,0.8
v643,0.0,0.5,0.0,0.5
v644,0.5,0.5,0.5,0.5
v645,0.7,0.7,0.8,0.5
v646,0.3,0.7,0.3,0.5
v647,0.5,0.5,0.6,0.0
v648,0.0,0.8,0.0,0.8
v649,0.8,0.0,0.8,0.0
v650,1.0,0.0,0.9,0.0
v651,0.6,0.1,1.0,0.0
v652,1.0,0.0,0.7,0.0
v653,0.7,0.3,0.7,0.3
v654,0.8,0.3,0.4,0.0
v655,0.7,0.6,1.0,0.5
v656,0.3,0.5,0.3,0.3
v657,0.3,0.8,0.0,0.8
v658,0.5,0.7,0.1,0.4
v659,0.7,0.1,0.8,0.1
v660,0.7,0.7,0.5,0.7
v661,0.0,0.5,0.0,0.7
v662,0.9,0.1,0.6,0.1
v663,0.7,0.0,0.9,0.0
v664,0.1,0.8,0.0,0.8
v665,1.0,0.3,0.4,0.9
v666,0.0,0.0,0.0,0.0
v667,0.3,0.7,0.0,0.7
v668,0.8,1.0,0.1,0.9
v669,0.0,0.7,0.9,0.5
v670,0.5,0.8,0.7,0.8
v671,0.6,0.4,0.4,0.3
v672,0.0,0.7,0.0,0.6
v673,0.0,0.7,1.0,0.5
v674,0.5,0.9,0.1,0.9
v675,0.8,0.0,0.8,0.0
v676,0.8,0.3,0.5,0.5
v677,0.5,0.6,0.4,0.6
v678,0.7,0.0,0.7,0.0
v679,0.7,0.6,0.7,0.4
v680,0.7,0.5,0.7,0.5
v681,0.6,0.3,0.8,0.1
v682,0.7,0.5,0.5,0.5
v683,0.9,0.0,0.3,0.0
v684,0.9,0.0,0.7,0.2
v685,0.6,0.8,0.5,0.6
v686,0.5,0.7,0.3,0.5
v687,0.5,0.0,0.5,0.0
v688,0.8,0.0,0.8,0.0
v689,0.2,1.0,0.4,0.4
v690,0.9,0.0,1.0,0.0
v691,0.5,0.8,0.3,0.5
v692,1.0,0.0,0.4,0.0
v693,0.6,0.9,0.1,0.9
v694,0.0,0.0,0.4,0.0
v695,0.6,0.7,0.1,1.0
v696,0.2,0.8,0.5,0.3
v697,0.4,0.6,0.6,
v698,0.5,0.6,0.0,0.6
v699,0.9,1.0,0.8,0.9
v700,0.7,0.0,0.8,0.0
v701,0.0,0.9,0.0,0.9
v702,0.5,0.0,0.8,0.0
v703,0.0,1.0,0.0,0.2
v704,0.2,1.0,0.0,1.0
v705,0.0,1.0,0.0,0.6
v706,0.8,0.5,0.0,0.4
v707,0.7,0.1,1.0,0.0
v708,1.0,0.0,0.5,0.0
v709,0.2,0.7,0.0,0.6
v710,0.6,0.4,0.8,0.3
v711,0.8,0.5,0.9,0.5
v712,0.6,0.9,0.1,0.9
v713,0.2,0.7,0.6,0.2
v714,0.7,0.5,0.8,0.5
v715,0.7,0.2,0.7,0.3
v716,0.5,0.5,0.7,0.5
v717,0.7,0.0,0.7,0.0
v718,1.0,0.1,0.7,0.3
v719,0.4,0.2,0.2,0.3
v720,0.4,0.6,0.0,0.9
v721,1.0,0.3,0.8,0.0
v722,0.9,0.0,0.9,0.0
v723,0.7,0.8,0.5,0.7
v724,0.9,0.2,0.2,0.0
v725,0.7,0.7,1.0,0.1
v726,1.0,0.0,0.6,0.1
v727,0.9,0.0,0.5,0.0
v728,0.5,0.7,0.4,0.6
v729,0.5,0.5,0.4,0.5
v730,0.8,0.3,0.8,0.2
v731,0.9,0.5,0.5,0.5
v732,0.8,0.3,0.6,0.5
v733,0.4,0.7,0.0,0.5
v734,0.6,0.8,0.7,
v735,0.8,0.5,0.2,0.0
v736,0.0,0.4,0.0,1.0
v737,0.8,0.5,1.0,0.0
v738,1.0,0.3,1.0,0.4
v739,1.0,0.2,0.9,0.1
v740,0.0,1.0,0.0,1.0
v741,1.0,0.3,0.4,0.5
v742,0.8,0.1,0.9,0.2
v743,0.1,0.7,0.0,0.6
v744,0.7,0.7,0.8,0.0
v745,0.4,0.7,0.6,0.6
v746,0.4,0.3,0.7,0.3
v747,0.7,0.1,0.9,0.1
v748,0.4,0.4,0.4,0.4
v749,0.5,0.0,1.0,0.0
v750,0.9,0.6,0.0,0.5
v751,0.6,0.0,1.0,0.2
v752,0.0,0.0,0.0,0.0
v753,0.5,0.1,0.8,0.1
v754,0.6,0.6,,0.6
v755,0.0,0.0,0.0,0.0
v756,0.7,0.4,0.6,0.1
v757,0.9,0.1,1.0,0.1
v758,0.4,0.5,1.0,0.5
v759,0.6,0.6,0.5,0.6
v760,0.8,0.3,0.5,0.3
v761,0.8,0.4,0.7,0.3
v762,0.7,0.4,0.7,0.2
v763,0.3,0.9,0.0,0.9
v764,0.5,0.5,0.5,0.5
v765,1.0,0.7,0.6,0.6
v766,1.0,0.1,0.9,0.5
v767,0.6,0.8,0.1,0.8
v768,0.6,0.2,0.5,0.1
v769,0.4,0.0,0.8,0.0
v770,0.6,0.0,0.6,0.5
v771,0.9,0.8,0.0,0.9
v772,0.4,0.5,0.2,0.6
v773,0.7,0.5,0.5,0.2
v774,0.8,0.4,0.6,0.5
v775,0.2,0.9,0.2,0.8
v776,0.9,0.3,0.6,0.1
v777,0.5,0.5,0.5,0.2
v778,0.5,0.5,0.0,0.5
v779,1.0,0.4,0.7,0.2
v780,0.4,0.8,0.5,0.6
v781,0.9,0.6,0.7,0.4
v782,0.4,0.6,0.0,0.8
v783,0.3,0.3,0.3,0.3
v784,0.0,1.0,0.0,1.0
v785,0.7,0.0,0.8,0.7
v786,0.9,0.0,0.8,0.0
v787,0.5,0.4,,0.7
v788,0.5,0.7,0.6,0.6
v789,0.7,0.3,0.7,0.0
v790,0.5,0.5,0.0,0.3
v791,0.5,0.0,1.0,0.0
v792,0.4,0.8,0.2,0.6
v793,0.8,0.0,0.8,0.0
v794,0.4,0.9,0.1,0.5
v795,0.1,0.8,0.0,0.7
v796,0.6,0.3,0.3,0.3
v797,0.4,0.6,0.3,0.7
v798,0.7,0.6,0.6,0.3
v799,0.3,0.7,0.1,0.5
v800,0.6,0.8,0.6,1.0
v801,0.9,0.5,0.9,0.2
v802,0.6,0.0,1.0,0.4
v803,0.8,0.0,0.0,0.0
v804,0.5,0.4,0.6,0.2
v805,0.6,0.8,0.3,
v806,0.5,0.8,0.4,0.6
v807,0.7,0.4,0.8,0.5
v808,0.2,0.5,0.0,0.7
v809,0.6,0.5,0.2,0.2
v810,0.8,0.3,0.8,0.4
v811,0.4,0.5,0.4,0.5
v812,0.7,0.0,0.7,0.0
v813,0.5,0.1,0.3,0.1
v814,0.5,0.0,1.0,0.0
v815,0.5,0.8,0.5,0.5
v816,0.6,0.5,0.6,0.7
v817,0.3,0.7,0.0,0.5
v818,0.5,0.5,0.6,0.5
v819,0.7,0.6,1.0,0.5
v820,0.4,0.7,0.0,0.8
v821,0.2,0.7,0.0,0.7
v822,0.9,0.9,0.5,0.5
v823,0.3,1.0,0.2,0.8
v824,0.6,0.5,0.3,0.6
v825,0.5,0.5,0.5,0.5
v826,0.3,0.7,0.0,0.7
v827,0.5,1.0,0.0,1.0
v828,0.8,0.3,0.8,0.3
v829,0.3,0.5,0.0,0.9
v830,0.7,0.0,1.0,0.0
v831,0.8,0.3,0.7,0.3
v832,0.7,0.3,0.8,0.0
v833,0.8,0.2,0.9,0.3
v834,0.4,0.0,1.0,0.3
v835,0.2,0.7,0.5,0.7
v836,1.0,0.7,0.8,0.8
v837,0.7,0.3,0.6,0.3
v838,0.5,0.5,0.7,0.3
v839,0.9,0.2,0.7,0.0
v840,1.0,0.0,1.0,0.0
v841,0.8,0.2,0.7,0.2
v842,0.5,0.0,0.8,0.0
v843,0.6,0.4,0.5,0.5
v844,0.9,0.3,0.7,0.2
v845,0.7,0.3,0.8,0.2
v846,0.5,0.9,0.0,0.9
v847,0.5,0.5,0.5,0.1
v848,0.3,0.7,0.0,0.7
v849,0.8,0.8,0.5,0.5
v850,0.6,0.4,0.5,0.2
v851,0.1,1.0,0.1,1.0
v852,0.8,0.5,0.5,0.6
v853,0.6,0.2,0.7,0.1
v854,0.7,0.8,0.8,0.5
v855,0.8,0.3,0.7,0.1
v856,0.3,0.4,0.0,0.3
v857,0.5,0.6,0.5,
v858,0.5,0.7,0.5,0.9
v859,0.5,0.0,0.5,0.5
v860,0.5,0.7,0.5,0.7
v861,0.5,0.4,0.0,0.2
v862,0.6,0.7,0.1,0.5
v863,0.5,0.5,0.5,0.5
v864,0.7,0.4,0.9,0.2
v865,1.0,0.0,1.0,0.0
v866,0.5,0.0,0.5,0.1
v867,1.0,0.0,0.8,0.0
v868,0.4,0.8,0.4,0.7
v869,0.0,1.0,0.0,0.9
v870,0.8,0.6,0.7,0.5
v871,0.2,0.9,0.1,0.7
v872,0.2,0.8,0.0,0.7
v873,0.5,0.9,0.1,0.9
v874,0.1,0.0,0.1,0.1
v875,0.6,0.0,0.7,0.0
v876,0.6,0.7,0.8,0.2
v877,0.6,0.2,0.7,0.1
v878,1.0,0.8,0.2,0.0
v879,0.8,0.1,0.9,0.0
v880,0.6,0.3,0.6,0.5
v881,0.9,0.5,1.0,0.5
v882,0.1,0.3,0.0,0.8
v883,0.2,0.0,0.2,0.0
v884,0.8,0.0,1.0,0.2
v885,0.2,0.8,0.0,0.4
v886,0.3,0.6,0.0,0.5
v887,0.7,0.0,0.3,0.0
v888,0.6,0.4,0.7,0.2
v889,0.1,0.8,0.0,0.8
v890,0.3,0.7,0.6,0.7
v891,0.5,1.0,0.0,0.8
v892,0.4,0.8,0.5,0.6
v893,0.6,0.2,0.6,0.2
v894,0.6,0.3,0.5,0.4
v895,0.6,0.4,0.3,0.0
v896,0.7,0.3,0.7,0.4
v897,0.5,0.5,0.5,0.5
v898,0.3,0.3,0.3,0.3
v899,0.5,0.3,0.4,0.2
v900,0.3,0.6,0.6,0.4
v901,0.5,0.5,0.5,0.5
v902,0.3,1.0,0.0,1.0
v903,0.5,,0.0,0.7
v904,0.5,0.2,0.8,0.0
v905,0.7,1.0,0.2,0.9
v906,0.9,0.0,1.0,0.0
v907,0.5,0.2,0.3,0.1
v908,0.8,0.0,0.8,0.0
v909,0.4,0.7,0.3,0.8
v910,0.3,0.8,0.0,1.0
v911,0.7,0.2,0.6,0.3
v912,0.5,0.5,1.0,0.5
v913,0.4,0.5,0.4,0.5
v914,0.3,1.0,0.0,1.0
v915,0.9,0.0,0.9,0.0
v916,0.9,0.0,1.0,0.0
v917,0.7,0.3,0.7,0.3
v918,1.0,0.1,0.5,0.0
v919,0.0,0.0,0.1,0.0
v920,0.8,0.4,0.7,0.4
v921,0.5,0.8,0.8,0.8
v922,0.5,0.5,0.0,0.5
v923,0.9,0.7,0.9,0.4
v924,0.6,1.0,0.7,0.4
v925,0.9,0.1,0.7,0.1
v926,0.4,0.9,0.0,0.9
v927,0.0,0.9,0.0,0.9
v928,1.0,0.0,1.0,0.0
v929,0.0,0.0,0.0,0.0
v930,0.8,0.7,0.4,0.2
v931,0.7,0.6,0.7,0.6
v932,0.5,0.8,0.0,0.4
v933,0.3,0.4,0.4,0.3
v934,0.7,0.4,0.6,0.2
v935,0.5,0.1,0.5,0.1
v936,0.7,0.5,0.3,0.0
v937,0.6,0.5,0.6,0.3
v938,0.8,0.1,0.5,0.1
v939,0.5,0.6,0.0,0.9
v940,0.8,0.3,0.7,0.1
v941,1.0,0.1,1.0,
v942,0.8,0.0,1.0,0.0
v943,1.0,0.5,0.8,0.7
v944,1.0,0.1,0.8,0.1
v945,0.8,0.2,0.9,0.0
v946,0.6,0.3,0.6,0.3
v947,0.0,1.0,0.0,1.0
v948,0.5,0.5,1.0,0.5
v949,0.4,0.5,0.4,0.3
v950,0.0,0.0,0.0,1.0
v951,0.6,0.7,0.6,0.7
v952,0.9,0.0,1.0,0.0
v953,0.7,0.7,0.5,0.5
v954,0.9,0.0,0.8,0.0
v955,0.6,0.2,0.8,0.1
v956,0.4,0.8,0.4,0.5
v957,0.5,0.5,0.5,0.5
v958,0.2,0.7,0.0,0.9
v959,1.0,0.2,0.5,0.0
v960,0.7,0.1,0.4,0.0
v961,1.0,0.0,0.9,0.0
v962,0.4,0.4,0.4,0.4
v963,0.0,0.7,0.0,0.7
v964,0.4,0.5,0.2,0.3
v965,0.5,0.5,0.6,0.5
v966,0.9,0.5,0.5,0.5
v967,0.5,0.5,0.7,0.5
v968,0.8,0.2,0.5,0.2
v969,1.0,0.4,0.7,0.1
v970,0.7,0.0,0.7,0.4
v971,1.0,0.0,0.9,0.0
v972,0.5,0.9,0.5,0.8
v973,0.5,0.9,0.0,0.9
v974,0.0,0.8,0.0,0.8
v975,0.6,0.0,0.0,0.5
v976,0.6,0.2,0.7,0.3
v977,0.7,0.0,0.7,0.0
v978,0.5,1.0,0.0,1.0
v979,0.7,0.1,0.8,0.0
v980,0.9,0.1,0.9,0.0
v981,0.7,0.0,0.9,
v982,0.9,0.9,0.4,0.0
v983,0.4,0.7,0.1,0.6
v984,0.5,0.5,0.5,0.5
v985,0.6,0.5,0.7,0.3
v986,0.8,0.3,0.0,0.0
v987,0.6,0.4,0.8,0.1
v988,0.9,0.2,0.6,0.3
v989,0.8,0.6,0.5,0.5
v990,0.8,0.0,0.7,0.0
v991,0.0,1.0,0.0,1.0
v992,0.4,0.5,0.0,0.4
v993,0.3,0.4,0.0,0.3
v994,0.8,0.0,0.8,0.0
v995,0.7,0.5,0.5,0.4
v996,0.1,0.7,0.1,0.9
v997,0.4,0.5,0.3,0.5
v998,0.6,0.0,0.7,0.0
v999,1.0,0.5,0.2,0.3
v1000,0.5,0.8,0.1,0.5
v1001,0.8,0.5,0.7,
v1002,0.7,0.6,0.1,0.1
v1003,0.8,0.8,0.9,0.4
v1004,0.3,0.5,0.3,0.3
v1005,0.3,0.7,0.1,1.0
v1006,0.1,0.9,0.0,0.9
v1007,0.1,0.3,0.3,0.2
v1008,1.0,0.8,0.2,0.5
v1009,0.8,0.5,0.0,0.5
v1010,0.9,0.1,1.0,0.0
v1011,0.8,0.9,0.8,0.9
v1012,0.7,0.7,0.7,0.7
v1013,0.6,0.0,0.8,0.0
v1014,1.0,0.0,0.9,0.2
v1015,0.8,0.0,0.8,0.0
v1016,0.5,0.5,0.5,0.4
v1017,1.0,0.1,0.6,0.5
v1018,0.0,1.0,0.0,0.9
v1019,0.6,0.0,0.4,0.0
v1020,0.3,0.7,0.1,0.5
v1021,0.0,0.0,0.0,0.0
v1022,0.5,1.0,0.3,0.7
v1023,0.5,0.7,0.3,0.7
v1024,0.5,0.0,1.0,0.0
v1025,0.7,0.7,0.7,0.7
v1026,0.4,0.7,0.0,1.0
v1027,0.4,0.8,0.0,0.8
v1028,0.5,0.8,0.8,0.5
v1029,0.9,0.2,0.7,0.0
v1030,0.7,0.7,0.4,0.6
v1031,0.6,0.3,0.8,0.4
v1032,0.6,0.4,0.4,0.5
v1033,0.6,0.8,0.7,0.8
v1034,0.2,0.7,0.0,0.7
v1035,0.0,0.0,0.1,0.1
v1036,0.4,0.7,0.0,0.7
v1037,0.8,0.4,0.5,0.3
v1038,0.1,0.1,0.1,0.1
v1039,0.6,0.0,1.0,0.0
v1040,0.0,0.8,0.0,0.5
v1041,0.7,0.4,0.7,0.2
v1042,0.3,0.8,0.0,0.7
v1043,0.4,0.9,0.4,0.6
v1044,0.5,0.5,0.5,0.5
v1045,0.5,0.7,0.1,0.5
v1046,0.8,0.7,0.7,0.6
v1047,0.5,1.0,0.0,1.0
v1048,1.0,0.8,0.9,0.7
v1049,0.8,0.3,1.0,0.2
v1050,0.8,0.4,0.8,0.2
v1051,0.8,0.7,0.7,0.5
v1052,0.8,0.2,0.2,0.0
v1053,0.8,0.6,0.8,0.5
v1054,0.6,0.0,0.7,0.0
v1055,0.0,0.0,0.0,0.0
v1056,0.0,0.9,0.0,0.7
v1057,0.5,0.8,0.6,0.6
v1058,0.0,0.0,0.0,0.0
v1059,0.8,0.3,0.8,0.2
v1060,0.6,0.2,0.5,0.2
v1061,0.8,0.6,0.6,0.3
v1062,0.0,0.9,0.0,0.9
v1063,0.7,0.6,0.7,0.5
v1064,0.5,0.8,0.3,0.8
v1065,0.6,0.3,0.5,0.4
v1066,0.5,0.5,0.5,0.6
v1067,0.0,0.0,0.0,0.0
v1068,0.8,0.1,0.8,0.0
v1069,0.3,0.9,0.3,0.7
v1070,0.8,0.7,0.6,0.5
v1071,0.0,0.0,0.3,0.0
v1072,0.7,0.2,0.8,0.3
v1073,0.9,0.6,0.8,0.6
v1074,0.5,0.5,0.5,0.5
v1075,0.8,0.5,0.0,0.0
v1076,0.5,0.3,0.8,0.2
v1077,0.3,1.0,0.5,0.7
v1078,0.7,0.2,0.9,0.2
v1079,0.8,0.0,0.8,0.0
v1080,1.0,0.6,0.9,0.6
v1081,0.8,0.4,0.9,0.5
v1082,0.6,0.3,0.1,0.2
v1083,0.9,0.2,0.7,0.0
v1084,0.7,0.2,0.5,0.2
v1085,1.0,0.0,1.0,0.0
v1086,0.8,0.8,0.8,0.8
v1087,0.8,0.7,0.2,0.4
v1088,0.5,0.5,0.3,0.2
v1089,0.4,0.6,0.1,0.5
v1090,0.7,0.3,0.5,0.3
v1091,0.8,0.0,0.7,0.0
v1092,0.0,0.0,0.3,0.4
v1093,0.5,0.5,1.0,0.7
v1094,0.5,0.5,0.5,0.5
v1095,1.0,0.7,0.5,0.0
v1096,0.4,0.0,0.6,0.4
v1097,0.7,0.4,0.8,0.2
v1098,0.8,0.0,0.5,0.0
v1099,0.9,0.3,0.9,0.2
v1100,0.2,0.7,0.1,0.6
v1101,0.0,0.1,0.0,0.1
v1102,0.5,0.5,0.5,0.5
v1103,0.5,0.8,0.5,0.9
v1104,0.7,0.1,0.5,0.0
v1105,0.8,0.0,0.6,0.0
v1106,0.7,0.0,0.9,0.0
v1107,0.7,0.2,0.8,0.3
v1108,0.0,0.0,0.0,0.0
v1109,0.4,0.9,0.2,0.8
v1110,0.5,0.7,0.0,0.6
v1111,0.7,0.7,0.7,0.4
v1112,0.9,0.1,0.8,0.1
v1113,0.2,1.0,0.0,0.9
v1114,1.0,0.0,0.5,0.3
v1115,0.7,0.7,0.7,0.1
v1116,1.0,0.0,0.9,0.0
v1117,0.3,0.7,0.3,0.3
v1118,0.5,0.5,0.5,0.5
v1119,0.2,0.9,0.3,0.5
v1120,0.8,0.2,0.6,0.4
v1121,0.6,0.5,0.5,0.6
v1122,0.5,0.5,0.5,0.8
v1123,1.0,0.0,0.8,0.0
v1124,0.5,0.2,1.0,0.2
v1125,0.2,0.7,0.0,1.0
v1126,0.9,0.1,0.5,0.2
v1127,0.7,0.9,0.2,0.9
v1128,0.7,0.0,0.8,0.0
v1129,0.6,0.2,0.0,0.4
v1130,0.7,0.0,1.0,0.3
v1131,0.7,0.0,0.9,0.0
v1132,0.3,0.4,0.1,0.2
v1133,0.6,0.2,0.7,0.3
v1134,0.5,0.7,0.7,0.2
v1135,0.5,0.5,0.4,0.5
v1136,0.0,1.0,0.0,1.0
v1137,0.3,1.0,0.0,0.8
v1138,0.7,0.8,0.5,0.8
v1139,0.4,0.9,0.2,0.9
v1140,0.9,0.6,0.7,0.5
v1141,0.2,1.0,0.0,1.0
v1142,0.5,0.5,0.3,0.5
v1143,0.5,0.8,0.0,0.6
v1144,0.7,0.6,0.6,0.5
v1145,0.6,0.0,1.0,0.0
v1146,0.4,0.7,0.4,0.5
v1147,0.4,0.5,0.4,0.4
v1148,0.4,0.7,0.1,0.7
v1149,0.1,0.8,0.5,0.6
v1150,0.7,0.5,0.6,0.3
v1151,1.0,0.8,0.1,0.7
v1152,0.8,0.2,0.6,0.1
v1153,0.8,0.4,0.7,0.4
v1154,0.5,0.1,1.0,0.0
v1155,0.8,0.5,0.7,0.1
v1156,0.2,1.0,0.0,0.5
v1157,0.5,0.4,0.4,0.4
v1158,1.0,0.0,0.8,0.0
v1159,0.4,0.7,0.5,0.5
v1160,0.5,0.0,1.0,0.0
v1161,0.7,0.0,1.0,0.0
v1162,0.8,0.0,0.8,0.5
v1163,0.0,0.0,0.0,0.0
v1164,0.2,0.3,0.0,0.3
v1165,0.1,0.7,0.0,0.5
v1166,0.6,0.8,0.0,0.7
v1167,0.8,0.0,0.6,0.0
v1168,0.7,0.3,0.5,0.0
v1169,1.0,0.4,0.2,0.7
v1170,0.7,0.6,0.7,0.3
v1171,0.5,0.5,0.5,0.5
v1172,0.6,0.0,0.7,0.1
v1173,0.8,0.0,0.6,0.0
v1174,0.5,0.5,0.5,0.5
v1175,0.8,0.3,0.5,0.3
v1176,0.5,0.0,0.5,0.0
v1177,0.6,0.9,0.0,0.8
v1178,0.4,0.6,0.0,0.4
v1179,0.0,1.0,0.1,0.5
v1180,1.0,0.1,0.8,0.0
v1181,0.4,0.9,0.0,1.0
v1182,0.0,0.0,0.0,0.3
v1183,0.4,0.4,0.1,0.3
v1184,0.9,0.4,0.8,0.2
v1185,1.0,0.4,0.0,0.0
v1186,0.7,0.0,1.0,0.0
v1187,0.0,1.0,0.0,1.0
v1188,0.6,0.8,0.5,0.7
v1189,1.0,0.5,0.9,0.5
v1190,0.0,1.0,0.0,0.8
v1191,0.7,0.7,0.8,0.3
v1192,0.6,0.5,0.6,0.5
v1193,0.8,0.0,0.8,0.0
v1194,0.6,0.3,0.5,0.3
v1195,0.3,0.5,0.3,0.5
v1196,0.4,0.3,0.9,0.3
v1197,1.0,0.0,0.5,0.0
v1198,0.5,0.7,0.2,0.5
v1199,0.8,0.0,1.0,0.0
v1200,0.8,0.4,0.0,0.7
v1201,0.3,0.8,0.0,0.9
v1202,0.7,0.1,0.7,0.0
v1203,0.6,0.5,0.4,0.2
v1204,0.5,0.5,0.4,0.5
v1205,0.8,0.3,0.8,0.1
v1206,1.0,0.0,0.8,0.0
v1207,0.5,0.5,0.1,0.3
v1208,0.6,0.5,0.7,0.3
v1209,0.6,0.8,0.0,1.0
v1210,0.0,0.0,0.0,0.0
v1211,0.6,0.4,0.7,0.3
v1212,0.0,0.9,0.0,0.6
v1213,1.0,0.5,0.6,0.5
v1214,0.7,0.4,0.4,0.6
v1215,0.1,0.7,0.1,0.7
v1216,0.3,1.0,0.0,1.0
v1217,0.1,0.8,0.0,0.8
v1218,0.0,0.0,0.3,0.0
v1219,0.7,0.5,0.8,0.6
v1220,0.8,0.7,0.9,0.2
v1221,0.4,0.6,0.5,0.6
v1222,0.7,0.7,0.8,0.8
v1223,0.3,0.6,0.3,0.6
v1224,0.9,0.2,0.7,0.2
v1225,0.5,0.0,0.5,0.4
v1226,0.0,0.0,0.0,0.5
v1227,0.8,0.2,0.8,0.1
v1228,0.1,1.0,0.0,0.5
v1229,0.5,0.5,0.3,0.5
v1230,0.4,0.8,0.5,0.9
v1231,0.8,0.3,0.5,0.2
v1232,0.7,0.3,0.5,0.5
v1233,0.1,0.8,0.0,1.0
v1234,0.1,0.9,0.0,0.8
v1235,0.7,0.0,0.0,0.4
v1236,0.3,0.8,0.0,0.7
v1237,0.5,1.0,0.5,0.5
v1238,0.5,0.5,0.5,0.2
v1239,0.7,0.7,0.6,0.2
v1240,0.5,0.9,0.0,0.9
v1241,0.2,0.8,0.0,0.8
v1242,0.9,0.9,0.5,0.8
v1243,0.3,1.0,0.1,0.9
v1244,0.7,0.8,0.5,0.7
v1245,0.1,0.1,0.8,0.6
v1246,0.1,0.6,0.1,0.6
v1247,1.0,0.3,0.8,0.5
v1248,0.5,0.5,0.5,0.1
v1249,0.5,0.5,0.2,0.5
v1250,0.0,0.9,0.0,0.5
v1251,0.4,0.1,0.6,0.0
v1252,0.8,0.3,0.8,0.1
v1253,0.9,0.2,0.9,0.2
v1254,0.7,0.4,0.8,0.2
v1255,0.6,0.8,0.6,0.5
v1256,0.8,0.3,0.8,0.2
v1257,1.0,0.0,0.8,0.0
v1258,0.7,0.8,0.3,0.8
v1259,0.7,0.3,1.0,0.4
v1260,1.0,0.0,0.9,0.0
v1261,0.6,0.3,0.6,0.2
v1262,1.0,0.1,0.5,0.3
v1263,0.4,0.0,1.0,0.0
v1264,0.1,0.8,0.0,0.9
v1265,0.5,0.2,0.6,0.1
v1266,0.2,0.8,0.0,0.8
v1267,0.7,0.0,0.8,0.0
v1268,0.0,1.0,0.0,1.0
v1269,0.5,1.0,0.0,1.0
v1270,0.8,0.7,0.0,0.7
v1271,0.7,0.7,0.7,0.5
v1272,0.7,0.1,1.0,0.1
v1273,1.0,0.0,0.8,0.0
v1274,0.6,0.0,0.6,0.0
v1275,1.0,1.0,0.0,1.0
v1276,0.8,0.4,0.6,0.4
v1277,0.2,1.0,0.0,0.6
v1278,0.5,0.0,0.5,0.5
v1279,0.5,0.2,0.5,0.2
v1280,0.8,0.6,0.8,0.6
v1281,0.0,0.9,0.0,0.8
v1282,0.5,0.0,0.3,0.0
v1283,0.8,0.0,0.9,0.0
v1284,0.0,1.0,0.0,0.8
v1285,0.8,0.0,0.6,0.0
v1286,0.5,0.9,0.0,0.9
v1287,1.0,0.0,0.7,0.0
v1288,0.5,0.6,0.6,0.2
v1289,0.7,0.8,0.7,0.7
v1290,0.5,0.5,0.5,0.5
v1291,0.0,0.4,0.0,0.6
v1292,0.8,0.2,0.6,0.2
v1293,0.9,0.6,1.0,0.4
v1294,0.2,0.7,0.0,0.5
v1295,0.5,0.8,0.3,0.8
v1296,0.8,0.5,0.9,0.3
v1297,0.8,0.2,0.1,0.0
v1298,1.0,0.7,0.6,0.5
v1299,0.5,0.2,1.0,0.0
v1300,0.2,0.7,0.2,0.7
v1301,0.3,0.7,0.0,0.9
v1302,0.9,0.3,0.8,0.2
v1303,0.7,0.3,0.7,0.3
v1304,0.1,1.0,0.0,0.9
v1305,1.0,0.0,0.5,0.0
v1306,1.0,0.0,0.2,0.0
v1307,0.6,0.0,1.0,0.0
v1308,0.9,0.0,0.9,0.0
v1309,0.8,0.0,1.0,0.1
v1310,0.8,0.4,0.2,0.5
v1311,0.6,0.7,0.6,0.6
v1312,0.5,0.1,0.1,0.0
v1313,0.5,0.6,0.4,0.0
v1314,0.6,0.7,0.3,0.7
v1315,0.7,0.2,0.9,0.0
v1316,0.8,0.0,0.5,0.0
v1317,1.0,0.1,0.8,0.1
v1318,0.8,0.6,0.2,0.6
v1319,0.5,0.7,0.6,0.7
v1320,0.0,0.7,0.0,0.5
v1321,0.3,0.8,0.0,0.8
v1322,0.9,0.0,1.0,0.5
v1323,0.1,0.9,0.0,0.7
v1324,0.0,1.0,0.0,1.0
v1325,0.5,0.5,0.1,0.2
v1326,0.5,0.9,0.0,1.0
v1327,0.0,0.8,0.0,0.8
v1328,0.6,0.7,0.0,0.7
v1329,0.7,0.0,1.0,0.0
v1330,0.5,1.0,0.2,0.9
v1331,1.0,0.0,0.8,0.5
v1332,1.0,0.0,0.6,0.0
v1333,0.7,0.7,0.0,0.3
v1334,0.1,0.8,0.2,0.4
v1335,0.6,0.0,0.5,0.0
v1336,0.5,0.0,0.7,0.0
v1337,0.5,0.2,0.6,0.1
v1338,0.6,0.6,0.2,0.3
v1339,0.4,1.0,0.0,1.0
v1340,0.7,0.4,0.9,0.1
v1341,0.7,0.0,1.0,0.1
v1342,0.4,0.9,0.0,0.9
v1343,0.8,0.2,0.7,0.2
v1344,0.6,0.8,0.6,0.8
v1345,0.6,0.8,0.6,0.6
v1346,0.5,0.8,0.2,0.7
v1347,0.5,0.5,0.5,0.2
v1348,0.0,0.0,0.9,0.0
v1349,0.6,0.2,0.1,0.1
v1350,0.7,0.0,0.9,0.0
v1351,0.0,1.0,0.0,1.0
v1352,0.6,0.2,0.9,0.1
v1353,0.8,0.8,0.4,0.6
v1354,0.5,0.8,0.2,0.9
v1355,0.7,0.7,0.4,0.5
v1356,0.5,0.5,0.3,0.3
v1357,1.0,0.0,1.0,0.0
v1358,0.5,0.9,0.2,0.9
v1359,0.4,0.8,0.0,0.5
v1360,0.9,0.0,0.9,0.0
v1361,0.3,0.3,0.0,0.3
v1362,0.4,0.6,0.0,0.6
v1363,0.1,0.5,0.0,1.0
v1364,0.2,0.9,0.1,0.6
v1365,0.6,0.5,0.5,0.5
v1366,0.8,0.4,0.7,0.2
v1367,0.3,0.3,0.5,0.3
v1368,0.1,0.9,0.5,0.9
v1369,0.4,0.7,0.2,0.4
v1370,0.7,0.3,0.7,0.1
v1371,1.0,0.0,0.0,0.0
v1372,0.6,0.1,0.6,0.0
v1373,0.1,1.0,0.0,1.0
v1374,0.5,0.6,0.3,0.5
v1375,0.9,0.1,0.9,0.1
v1376,0.7,0.0,0.0,0.0
v1377,0.6,0.8,0.5,0.5
v1378,0.3,0.5,0.2,0.3
v1379,0.5,0.8,0.2,0.6
v1380,0.3,0.7,0.0,0.0
v1381,0.7,0.8,0.1,0.2
v1382,0.4,0.8,0.0,0.8
v1383,1.0,0.0,0.7,0.0
v1384,0.1,0.6,0.0,0.7
v1385,0.7,0.4,0.8,0.3
v1386,0.6,0.7,0.2,0.1
v1387,0.7,0.5,0.8,0.5
v1388,1.0,0.5,0.2,0.5
v1389,0.2,0.7,0.5,0.5
v1390,0.6,0.5,0.5,0.4
v1391,0.0,0.5,0.0,0.0
v1392,0.4,0.8,0.1,0.8
v1393,1.0,0.4,0.9,0.0
v1394,0.7,0.3,0.1,0.0
v1395,0.7,0.0,0.6,0.0
v1396,0.5,0.0,0.7,0.0
v1397,0.0,0.8,0.1,0.5
v1398,0.8,0.1,0.7,0.1
v1399,0.8,0.5,0.5,0.5
v1400,0.4,0.9,0.5,0.8
v1401,0.1,0.8,0.0,0.7
v1402,0.9,0.1,1.0,0.1
v1403,0.0,1.0,0.3,1.0
v1404,0.0,0.0,0.3,0.0
v1405,1.0,0.0,0.9,0.3
v1406,0.2,0.1,1.0,0.1
v1407,0.0,1.0,0.5,0.7
v1408,0.4,0.7,0.7,0.4
v1409,0.8,0.2,0.6,0.2
v1410,1.0,0.0,0.9,0.0
v1411,0.5,0.6,1.0,0.7
v1412,0.7,0.0,0.9,0.0
v1413,0.9,0.3,0.7,0.5
v1414,0.6,0.4,0.4,0.2
v1415,0.8,0.4,0.8,0.4
v1416,0.8,0.3,0.5,0.3
v1417,0.4,0.2,0.6,0.2
v1418,0.5,0.8,0.4,0.8
v1419,0.9,0.4,0.6,0.4
v1420,0.5,0.4,0.6,0.4
v1421,0.4,0.8,0.0,0.8
v1422,0.5,0.3,0.8,0.1
v1423,0.9,0.2,0.9,0.1
v1424,,0.0,0.9,0.0
v1425,0.6,0.0,0.9,0.4
v1426,1.0,0.0,0.7,0.0
v1427,0.5,0.5,0.0,0.0
v1428,0.6,0.0,0.6,0.1
v1429,0.8,0.0,1.0,0.0
v1430,0.2,0.0,0.2,0.2
v1431,0.7,0.1,0.7,0.0
v1432,0.1,0.9,0.0,0.9
v1433,0.7,0.8,0.7,0.7
v1434,0.9,0.8,0.7,0.5
v1435,0.5,0.5,0.5,0.5
v1436,0.6,0.3,1.0,0.0
v1437,0.0,1.0,0.0,1.0
v1438,0.6,0.2,0.5,0.4
v1439,0.5,0.0,0.5,0.2
v1440,0.5,0.5,0.0,0.3
v1441,0.3,0.5,0.4,0.3
v1442,0.7,0.4,0.7,0.1
v1443,0.6,0.3,0.8,0.3
v1444,0.5,0.5,0.7,0.5
v1445,0.8,0.4,1.0,
v1446,0.5,0.6,0.2,0.5
v1447,0.7,0.2,0.9,0.2
v1448,0.3,0.9,0.0,0.9
v1449,0.5,0.5,1.0,0.2
v1450,1.0,0.0,0.7,0.0
v1451,0.8,0.0,0.6,0.0
v1452,0.1,1.0,0.5,0.9
v1453,0.6,0.5,0.7,0.0
v1454,0.7,0.8,0.6,0.7
v1455,0.7,0.0,0.8,0.0
v1456,0.0,0.9,0.0,0.8
v1457,0.5,0.8,0.4,0.4
v1458,1.0,0.0,1.0,0.6
v1459,0.7,0.3,0.4,0.2
v1460,1.0,0.0,0.8,0.0
v1461,0.7,1.0,0.0,0.8
v1462,1.0,0.5,0.8,0.5
v1463,0.7,0.8,0.1,0.7
v1464,0.7,0.0,0.8,0.0
v1465,0.6,0.4,0.5,0.5
v1466,0.8,0.2,0.8,0.5
v1467,1.0,0.0,1.0,0.0
v1468,0.5,1.0,0.0,1.0
v1469,0.4,0.6,0.3,0.5
v1470,0.7,0.4,0.6,0.5
v1471,0.7,0.3,0.7,0.3
v1472,0.9,0.4,1.0,0.0
v1473,0.6,0.3,0.6,0.2
v1474,0.5,0.1,0.6,0.1
v1475,0.0,0.9,0.3,0.6
v1476,0.5,0.5,0.2,0.5
v1477,0.3,0.6,0.0,0.5
v1478,0.5,0.2,0.7,0.5
v1479,0.3,0.3,0.5,0.3
v1480,0.5,0.5,0.4,
v1481,0.2,0.9,0.3,0.4
v1482,0.5,0.5,0.5,0.5
v1483,0.8,0.8,0.0,0.9
v1484,0.4,0.8,0.0,1.0
v1485,0.2,0.5,0.0,0.8
v1486,0.9,0.4,0.9,0.0
v1487,0.7,0.0,0.9,0.0
v1488,0.3,0.0,0.5,0.0
v1489,0.7,0.3,0.8,0.3
v1490,0.2,0.0,0.3,0.5
v1491,0.8,0.0,1.0,0.1
v1492,0.8,0.4,0.0,0.0
v1493,0.4,0.7,0.0,0.7
v1494,0.8,0.4,0.7,0.2
v1495,0.3,0.8,0.4,0.7
v1496,0.6,0.2,0.7,0.3
v1497,0.5,0.8,0.1,0.6
v1498,1.0,0.0,0.9,0.0
v1499,1.0,0.0,0.5,0.1
v1500,0.0,0.8,0.0,0.8
v1501,0.7,0.5,0.7,0.5
v1502,0.5,0.5,0.6,0.4
v1503,0.6,,,
v1504,0.7,0.3,0.7,0.0
v1505,0.3,0.6,0.2,0.5
v1506,0.8,0.0,1.0,0.0
v1507,0.0,0.1,0.1,0.0
v1508,0.5,0.0,0.4,0.5
v1509,0.8,0.2,0.9,0.1
v1510,0.7,0.8,0.8,0.4
v1511,0.5,0.2,0.6,0.5
v1512,0.7,0.2,0.4,0.0
v1513,1.0,0.5,0.1,0.3
v1514,0.1,0.8,0.0,0.8
v1515,0.0,0.7,0.0,0.7
v1516,1.0,0.0,0.1,0.3
v1517,0.5,0.0,0.6,0.0
v1518,1.0,0.0,0.9,0.0
v1519,0.5,0.2,0.7,0.1
v1520,0.6,0.8,0.0,0.8
v1521,0.5,0.7,0.8,0.5
v1522,0.6,0.6,0.5,0.4
v1523,1.0,0.0,0.8,0.0
v1524,0.8,0.8,1.0,0.8
v1525,0.3,0.8,0.2,0.6
v1526,0.0,0.0,0.0,0.0
v1527,0.7,0.1,0.6,0.0
v1528,0.8,0.1,0.9,0.1
v1529,0.6,0.1,0.9,0.0
v1530,0.8,0.2,0.6,0.0
v1531,0.0,0.5,0.0,0.0
v1532,0.2,0.2,0.5,0.2
v1533,0.1,0.0,0.4,0.0
v1534,0.9,0.1,1.0,0.1
v1535,0.0,0.8,0.0,0.8
v1536,0.8,0.0,0.8,0.0
v1537,0.4,0.8,0.4,0.5
v1538,0.0,0.0,0.0,0.0
v1539,0.2,0.5,0.0,0.8
v1540,0.0,0.8,0.0,0.9
v1541,0.8,0.6,0.8,0.4
v1542,1.0,0.8,0.5,0.5
v1543,0.5,1.0,0.3,0.9
v1544,0.1,0.8,0.0,0.8
v1545,0.7,0.1,0.9,0.0
v1546,0.7,0.4,0.7,
v1547,0.3,0.7,0.0,0.5
v1548,0.0,0.0,0.0,0.0
v1549,0.0,0.1,0.0,0.0
v1550,0.6,0.0,0.2,0.5
v1551,1.0,0.0,0.5,0.1
v1552,0.0,0.7,0.5,0.5
v1553,0.8,0.0,1.0,0.0
v1554,0.1,0.8,0.0,1.0
v1555,0.4,0.6,0.0,0.8
v1556,0.0,1.0,0.0,0.8
v1557,0.6,0.0,1.0,0.0
v1558,1.0,0.0,0.9,0.0
v1559,1.0,0.4,0.9,0.2
v1560,0.8,0.0,0.7,0.0
v1561,0.8,0.5,0.5,0.5
v1562,0.8,0.0,0.8,0.4
v1563,0.8,0.4,0.4,0.2
v1564,0.1,0.5,0.0,0.4
v1565,0.6,0.4,0.7,0.5
v1566,0.7,0.7,0.7,0.6
v1567,0.5,0.1,1.0,0.0
v1568,0.5,0.0,1.0,0.0
v1569,0.5,0.5,0.5,0.5
v1570,0.7,0.7,0.3,0.3
v1571,0.6,0.8,0.0,0.8
v1572,0.0,1.0,0.0,1.0
v1573,0.7,0.5,0.7,0.5
v1574,0.0,1.0,0.5,0.5
v1575,1.0,0.3,1.0,0.2
v1576,0.9,0.6,0.9,0.4
v1577,0.6,0.6,0.4,0.6
v1578,0.6,0.7,0.7,0.4
v1579,0.7,0.3,0.8,0.0
v1580,0.0,0.3,0.0,0.5
v1581,0.0,1.0,0.0,1.0
v1582,0.7,0.6,0.6,0.6
v1583,0.5,0.7,0.4,0.6
v1584,0.4,1.0,0.6,0.8
v1585,0.6,0.2,0.8,0.1
v1586,0.9,0.0,0.9,0.0
v1587,1.0,0.0,0.9,0.0
v1588,0.7,0.2,0.7,0.0
v1589,0.4,0.7,0.2,0.7
v1590,0.7,0.4,0.7,0.3
v1591,0.5,0.0,0.0,0.0
v1592,0.6,0.0,0.4,0.0
v1593,0.6,0.0,0.5,0.0
v1594,0.6,0.9,0.8,0.7
v1595,0.7,0.2,0.9,0.0
v1596,0.5,0.7,0.4,0.9
v1597,0.7,0.2,0.5,0.2
v1598,0.1,1.0,0.0,0.9
v1599,0.5,0.3,0.3,0.3
v1600,0.5,0.2,0.8,0.0
v1601,0.7,0.7,0.0,0.7
v1602,0.8,0.3,0.7,0.3
v1603,0.5,0.5,0.2,0.5
v1604,1.0,0.1,0.9,0.1
v1605,0.8,0.0,0.5,0.0
v1606,0.3,0.9,0.0,0.9
v1607,0.5,0.5,0.7,0.5
v1608,0.1,0.7,0.0,1.0
v1609,0.6,0.6,0.2,0.1
v1610,0.9,0.0,0.6,0.0
v1611,0.2,0.7,0.5,0.5
v1612,0.5,0.9,0.5,0.5
v1613,0.9,,0.8,0.3
v1614,0.4,0.0,0.6,0.0
v1615,0.5,0.3,0.5,0.3
v1616,0.4,0.4,0.4,0.4
v1617,0.7,0.6,0.6,0.5
v1618,0.4,0.4,0.4,0.4
v1619,0.8,0.6,0.8,0.2
v1620,0.7,0.0,0.9,0.0
v1621,0.1,0.9,0.0,0.9
v1622,0.3,0.8,0.0,0.7
v1623,0.5,0.5,0.5,0.5
v1624,0.6,0.1,0.6,0.5
v1625,0.6,0.4,0.8,0.4
v1626,0.6,0.5,0.8,0.3
v1627,0.7,0.2,1.0,0.0
v1628,1.0,0.3,0.5,0.3
v1629,0.7,0.2,0.7,0.0
v1630,1.0,0.0,0.0,0.0
v1631,0.0,0.3,0.0,0.4
v1632,0.8,0.3,0.6,0.2
v1633,0.0,1.0,0.5,0.5
v1634,0.3,0.8,0.6,0.5
v1635,0.7,0.0,1.0,0.0
v1636,0.0,0.0,0.3,0.4
v1637,0.7,0.9,0.7,0.7
v1638,1.0,0.3,0.7,0.4
v1639,0.7,0.0,1.0,0.0
v1640,0.5,0.7,0.4,0.6
v1641,0.6,0.5,0.5,0.4
v1642,0.2,0.5,0.0,0.3
v1643,1.0,0.0,1.0,0.0
v1644,1.0,0.5,0.8,0.3
v1645,0.6,0.3,0.8,0.3
v1646,0.8,0.3,0.8,0.0
v1647,0.7,0.0,0.9,0.0
v1648,0.6,0.6,0.2,0.3
v1649,0.7,0.3,0.3,0.3
v1650,0.7,0.0,0.8,0.0
v1651,0.2,0.4,0.0,0.4
v1652,0.4,0.2,0.7,0.2
v1653,0.3,1.0,0.1,0.8
v1654,0.5,0.0,0.5,0.0
v1655,0.4,0.3,0.5,0.3
v1656,0.4,0.8,0.1,0.8
v1657,0.5,0.5,0.5,0.5
v1658,0.7,,0.8,
v1659,0.7,0.3,0.5,0.2
v1660,0.2,0.7,0.0,0.9
v1661,0.8,0.0,0.9,0.0
v1662,0.4,0.1,0.5,0.2
v1663,0.4,0.7,0.0,0.7
v1664,0.2,0.7,0.2,0.6
v1665,0.1,0.2,0.0,0.4
v1666,0.0,0.6,0.0,0.5
v1667,0.7,0.0,0.7,0.0
v1668,0.6,0.4,0.9,0.3
v1669,0.2,1.0,0.0,1.0
v1670,0.6,0.0,1.0,0.0
v1671,1.0,0.3,0.8,0.4
v1672,0.4,1.0,0.0,0.8
v1673,0.3,0.6,0.0,0.3
v1674,0.7,0.0,0.8,0.0
v1675,0.7,0.0,0.8,0.3
v1676,0.6,0.4,0.6,0.0
v1677,0.9,0.3,0.6,0.2
v1678,0.8,0.0,0.7,0.0
v1679,0.1,0.8,0.0,1.0
v1680,0.7,0.8,0.6,0.5
v1681,0.9,0.2,0.8,0.2
v1682,0.4,0.7,0.2,0.5
v1683,1.0,0.1,1.0,0.1
v1684,0.1,0.5,0.6,0.3
v1685,0.8,0.0,0.8,0.0
v1686,0.0,0.9,0.0,0.9
v1687,0.7,0.4,0.9,
v1688,0.8,0.4,0.8,0.4
v1689,0.8,0.4,0.6,0.4
v1690,0.5,1.0,0.0,1.0
v1691,0.8,0.4,0.9,0.3
v1692,0.7,0.6,0.7,0.4
v1693,0.8,0.0,1.0,0.2
v1694,0.0,0.7,0.0,0.8
v1695,,0.0,0.8,0.2
v1696,0.8,0.6,0.7,0.6
v1697,0.0,0.0,0.0,0.0
v1698,0.7,0.2,0.8,0.2
v1699,0.3,0.6,0.3,0.7
v1700,0.0,0.0,0.1,0.0
v1701,0.2,1.0,0.0,0.9
v1702,0.5,0.7,0.4,0.5
v1703,0.5,0.5,0.5,0.5
v1704,0.9,0.6,0.4,0.5
v1705,0.4,0.4,0.4,0.4
v1706,0.6,0.6,0.6,0.6
v1707,0.5,0.9,0.6,0.6
v1708,0.5,0.0,0.5,0.0
v1709,1.0,0.0,0.7,0.0
v1710,0.4,0.9,0.0,0.8
v1711,0.6,0.5,0.6,0.5
v1712,0.5,0.8,0.0,0.9
v1713,0.8,0.6,0.8,0.2
v1714,0.5,0.2,0.7,0.1
v1715,1.0,0.2,1.0,0.0
v1716,0.7,0.6,0.2,0.2
v1717,0.5,0.8,0.0,0.8
v1718,0.9,0.3,0.5,0.3
v1719,0.7,0.2,0.8,0.2
v1720,0.5,0.5,0.5,0.5
v1721,0.0,1.0,0.0,1.0
v1722,0.7,0.3,0.5,0.2
v1723,1.0,0.0,1.0,0.0
v1724,0.6,0.6,0.4,0.7
v1725,0.7,0.0,0.9,0.0
v1726,0.8,0.2,0.9,0.5
v1727,1.0,0.4,0.8,0.5
v1728,0.2,0.6,0.0,0.7
v1729,0.0,0.8,0.1,0.6
v1730,0.7,0.1,1.0,0.0
v1731,0.3,0.7,0.0,0.8
v1732,0.5,1.0,0.5,0.5
v1733,0.3,0.2,1.0,0.4
v1734,0.7,0.0,0.6,0.0
v1735,1.0,0.2,0.8,0.2
v1736,0.5,0.5,0.5,0.5
v1737,0.7,0.8,0.5,0.7
v1738,0.2,0.8,0.2,0.7
v1739,0.5,0.7,0.1,0.6
v1740,0.2,0.8,0.0,0.9
v1741,0.5,0.6,0.5,0.3
v1742,0.0,1.0,0.0,0.7
v1743,0.6,0.8,0.5,0.5
v1744,0.8,0.8,0.5,0.2
v1745,0.6,0.0,0.4,0.0
v1746,0.4,0.9,0.5,0.7
v1747,1.0,0.5,1.0,0.5
v1748,1.0,0.0,0.7,0.0
v1749,0.8,0.0,0.8,0.1
v1750,0.7,0.2,0.4,0.1
v1751,1.0,0.0,0.9,0.0
v1752,0.1,1.0,0.0,0.5
v1753,1.0,0.0,1.0,0.0
v1754,0.8,0.5,0.6,0.5
v1755,0.5,0.7,0.0,0.7
v1756,0.8,0.2,0.9,0.2
v1757,0.2,0.0,0.8,0.0
v1758,0.8,0.0,1.0,0.0
v1759,0.1,0.1,0.3,0.1
v1760,0.5,0.5,0.5,0.5
v1761,0.7,0.8,0.6,1.0
v1762,0.7,0.5,0.0,0.5
v1763,0.7,0.0,0.8,0.0
v1764,0.7,0.0,0.8,0.0
v1765,0.7,0.5,0.5,0.5
v1766,0.8,0.7,0.8,0.3
v1767,0.0,0.8,0.0,0.8
v1768,1.0,0.1,1.0,0.0
v1769,1.0,0.0,0.8,0.0
v1770,0.6,0.3,0.7,0.3
v1771,0.0,0.0,0.0,0.0
v1772,0.5,0.5,0.2,0.5
v1773,1.0,0.0,1.0,0.0
v1774,0.9,0.5,0.9,0.5
v1775,0.7,0.1,0.9,0.3
v1776,0.2,0.8,0.2,0.8
v1777,0.2,0.4,0.3,0.5
v1778,0.8,0.0,0.8,0.0
v1779,0.1,0.4,0.0,0.6
v1780,0.4,0.8,0.2,0.5
v1781,0.7,0.3,0.6,0.2
v1782,0.8,0.2,0.5,0.3
v1783,0.5,0.1,0.5,0.5
v1784,0.7,0.3,0.5,0.4
v1785,0.5,0.8,0.7,0.6
v1786,0.3,0.8,0.4,0.7
v1787,0.5,0.5,0.5,0.5
v1788,0.5,,0.5,0.5
v1789,0.3,1.0,0.0,1.0
v1790,0.0,1.0,0.0,1.0
v1791,0.6,0.0,0.1,0.1
v1792,0.8,0.6,0.8,0.6
v1793,0.5,0.0,0.5,0.0
v1794,0.9,0.3,0.9,0.3
v1795,0.5,0.4,0.6,0.4
v1796,0.6,0.3,0.6,0.1
v1797,0.5,0.4,0.7,0.3
v1798,0.5,0.5,0.5,0.5
v1799,0.7,0.3,0.8,0.2
v1800,0.0,0.8,0.0,1.0
v1801,0.8,0.5,0.9,0.4
v1802,0.7,0.3,0.6,0.6
v1803,0.7,0.3,0.9,0.1
v1804,0.7,0.1,1.0,0.1
v1805,0.9,0.2,0.9,0.0
v1806,0.6,0.4,0.4,0.3
v1807,0.5,0.5,0.5,0.5
v1808,0.8,0.5,0.8,0.5
v1809,0.6,0.3,0.7,0.2
v1810,0.9,0.0,1.0,0.0
v1811,0.0,0.0,0.0,0.0
v1812,0.0,1.0,0.0,1.0
v1813,0.6,0.0,1.0,0.0
v1814,0.6,0.0,0.4,0.0
v1815,0.0,0.9,0.0,0.7
v1816,0.6,0.0,0.7,0.0
v1817,0.0,0.0,0.4,0.0
v1818,0.5,1.0,0.2,0.7
v1819,0.6,0.4,0.2,0.4
v1820,0.3,0.2,0.4,0.1
v1821,0.2,0.8,0.0,0.7
v1822,0.3,0.9,0.6,0.9
v1823,0.9,0.5,0.8,0.4
v1824,0.3,0.3,0.3,0.1
v1825,0.0,0.6,0.0,0.9
v1826,0.7,0.7,0.5,0.5
v1827,0.0,0.5,0.3,1.0
v1828,0.4,0.5,0.0,0.6
v1829,0.6,0.0,0.5,0.0
v1830,0.5,0.5,0.5,0.5
v1831,0.7,0.5,0.7,0.5
v1832,0.8,0.3,1.0,0.0
v1833,0.7,0.5,0.4,0.6
v1834,0.9,0.4,0.7,0.5
v1835,0.8,0.4,1.0,0.2
v1836,0.0,0.7,0.0,0.7
v1837,0.2,0.7,0.0,0.8
v1838,0.6,0.7,0.1,0.6
v1839,0.5,0.5,0.1,0.5
v1840,1.0,0.1,0.9,0.1
v1841,0.8,0.1,0.5,0.5
v1842,0.7,0.9,0.6,0.7
v1843,0.2,0.7,0.0,0.6
v1844,0.0,1.0,0.5,1.0
v1845,0.9,0.0,0.9,0.0
v1846,0.1,0.1,0.1,0.1
v1847,0.8,0.0,0.8,0.0
v1848,0.3,0.6,0.3,0.4
v1849,0.8,0.0,0.8,0.0
v1850,0.6,0.7,0.3,0.1
v1851,0.6,0.0,0.8,0.0
v1852,0.3,1.0,0.5,0.5
v1853,0.3,0.7,0.2,0.7
v1854,0.7,0.5,0.4,0.4
v1855,0.6,0.0,0.8,0.0
v1856,0.6,0.2,0.7,0.1
v1857,0.8,0.5,0.8,0.4
v1858,0.3,0.9,0.0,0.0
v1859,0.8,0.6,0.9,0.5
v1860,0.1,0.1,0.6,0.1
v1861,0.1,1.0,0.0,0.9
v1862,0.2,0.0,0.0,0.0
v1863,0.8,0.5,0.9,0.3
v1864,0.6,0.9,0.3,0.8
v1865,0.8,0.3,0.5,0.2
v1866,0.9,0.2,0.6,0.2
v1867,0.5,1.0,0.5,1.0
v1868,0.6,0.1,0.8,0.1
v1869,0.0,0.8,0.0,0.8
v1870,0.5,0.5,0.5,0.5
v1871,0.3,0.1,0.3,0.1
v1872,0.3,0.3,0.3,0.3
v1873,0.5,0.8,0.3,0.9
v1874,0.7,0.4,0.5,0.5
v1875,0.7,0.5,0.8,0.6
v1876,0.1,1.0,0.0,0.9
v1877,0.1,1.0,0.0,1.0
v1878,0.5,0.0,0.7,0.0
v1879,0.3,0.3,0.3,0.3
v1880,0.7,0.3,0.9,0.2
v1881,1.0,0.0,0.5,0.0
v1882,0.5,0.5,0.5,0.5
v1883,0.5,0.5,0.6,
v1884,0.9,0.8,0.5,0.3
v1885,0.7,0.5,0.9,0.2
v1886,0.5,0.8,0.5,0.5
v1887,0.1,0.2,0.1,0.2
v1888,0.5,0.6,0.2,0.5
v1889,0.7,0.9,0.5,0.5
v1890,0.2,0.9,0.0,0.7
v1891,0.6,0.5,0.8,0.5
v1892,0.5,0.7,0.6,0.6
v1893,0.7,0.9,0.2,0.8
v1894,0.9,0.3,0.8,0.1
v1895,0.5,0.5,0.3,0.3
v1896,1.0,0.0,1.0,0.0
v1897,0.8,0.3,0.6,0.0
v1898,0.6,0.0,0.6,0.0
v1899,0.9,0.2,0.8,0.3
v1900,0.7,0.0,1.0,0.0
v1901,0.8,0.1,0.9,0.3
v1902,0.3,0.4,0.4,0.3
v1903,0.9,0.8,0.9,0.0
v1904,0.8,0.2,0.3,0.1
v1905,0.9,0.0,0.7,0.0
v1906,0.7,0.3,0.9,0.3
v1907,0.6,0.0,0.8,0.0
v1908,0.4,0.8,0.5,0.5
v1909,0.5,0.0,0.7,0.0
v1910,0.8,0.6,0.3,0.5
v1911,1.0,0.0,0.9,0.0
v1912,0.3,0.6,0.0,0.6
v1913,1.0,0.6,0.6,0.6
v1914,0.7,0.5,0.5,0.7
v1915,0.8,0.4,0.6,0.2
v1916,0.5,0.8,0.5,0.5
v1917,0.8,0.0,0.7,0.0
v1918,0.8,0.3,0.8,0.3
v1919,1.0,0.2,0.7,0.0
v1920,0.2,0.7,0.6,0.4
v1921,1.0,0.2,1.0,0.0
v1922,0.1,0.6,0.2,0.6
v1923,0.5,0.5,0.5,0.5
v1924,0.0,1.0,0.0,1.0
v1925,0.8,0.8,0.6,0.7
v1926,0.2,1.0,0.1,0.8
v1927,0.6,0.7,0.4,0.5
v1928,0.6,0.0,0.9,0.0
v1929,0.8,0.6,0.7,0.4
v1930,0.9,0.5,0.6,0.3
v1931,1.0,1.0,1.0,1.0
v1932,0.7,0.0,1.0,0.0
v1933,0.5,0.5,0.5,0.5
v1934,0.0,1.0,0.3,1.0
v1935,0.7,0.6,0.7,0.0
v1936,0.0,0.0,0.7,0.5
v1937,0.8,0.3,0.8,0.2
v1938,0.9,0.8,0.7,0.4
v1939,0.5,0.5,0.5,0.3
v1940,0.6,0.0,0.7,0.0
v1941,0.1,0.8,0.0,0.7
v1942,0.5,0.5,0.6,0.6
v1943,0.5,0.3,0.8,0.2
v1944,0.2,0.0,0.7,0.0
v1945,0.1,0.5,0.9,0.5
v1946,0.9,0.0,1.0,0.0
v1947,0.3,0.7,0.3,0.3
v1948,0.1,0.9,0.0,0.8
v1949,0.3,0.2,0.0,0.2
v1950,0.4,0.5,0.2,0.9
v1951,0.2,1.0,0.0,1.0
v1952,0.4,0.5,0.5,0.4
v1953,0.5,0.6,0.3,0.5
v1954,0.8,0.2,1.0,0.2
v1955,0.8,0.3,0.3,0.5
v1956,1.0,0.0,0.7,0.0
v1957,0.0,0.0,0.0,0.1
v1958,0.3,0.6,0.3,0.7
v1959,0.8,0.0,0.7,0.0
v1960,0.7,0.2,0.6,0.2
v1961,0.5,0.2,0.2,0.2
v1962,0.0,1.0,0.0,1.0
v1963,1.0,0.0,0.8,0.0
v1964,0.8,0.8,0.6,0.6
v1965,0.7,0.5,1.0,
v1966,0.9,0.8,0.9,0.8
v1967,0.0,0.9,0.0,0.9
v1968,0.9,0.0,0.8,0.0
v1969,0.4,0.4,0.4,0.3
v1970,0.5,0.8,0.7,0.5
v1971,0.5,0.5,0.3,0.5
v1972,1.0,0.4,0.8,0.3
v1973,0.7,0.5,0.7,0.5
v1974,0.0,1.0,0.0,1.0
v1975,1.0,0.5,0.3,0.3
v1976,0.6,0.0,0.8,0.0
v1977,0.5,0.9,0.1,1.0
v1978,0.4,0.4,0.8,0.0
v1979,0.7,0.0,0.7,0.0
v1980,0.5,0.9,0.3,0.7
v1981,0.7,0.5,1.0,0.5
v1982,0.6,0.5,0.7,0.3
v1983,0.0,0.0,0.0,0.0
v1984,0.2,0.9,0.0,0.9
v1985,0.1,0.9,0.0,0.8
v1986,0.1,0.7,0.0,0.3
v1987,0.5,0.8,0.5,
v1988,0.5,1.0,0.0,0.7
v1989,0.8,0.0,1.0,0.0
v1990,0.6,0.0,0.9,0.0
v1991,0.2,0.8,0.0,0.8
v1992,0.5,0.5,0.5,0.5
v1993,0.7,0.0,1.0,0.0
v1994,0.7,0.5,0.7,0.5
v1995,1.0,0.2,1.0,0.0
v1996,0.2,1.0,0.0,0.9
v1997,0.6,0.5,0.6,0.5
v1998,0.7,0.6,0.7,0.6
v1999,0.8,0.0,1.0,0.0
v2000,0.5,0.5,0.7,0.5
v2001,0.5,0.7,0.4,0.5
v2002,0.0,0.2,0.0,0.2
v2003,0.5,0.2,0.7,0.2
v2004,0.8,0.2,0.8,0.2
v2005,0.5,0.5,0.4,0.0
v2006,0.6,0.6,0.6,0.6
v2007,1.0,0.3,0.7,0.3
v2008,1.0,0.1,1.0,0.1
v2009,0.8,0.4,0.5,
v2010,0.8,0.0,0.7,0.0
v2011,0.7,0.7,0.5,0.6
v2012,0.7,0.3,0.6,0.0
v2013,1.0,0.8,0.0,0.7
v2014,0.0,0.7,0.0,0.7
v2015,0.6,0.9,0.6,0.8
v2016,0.5,0.5,0.5,0.5
v2017,0.5,0.7,0.1,0.6
v2018,1.0,0.3,1.0,0.3
v2019,0.6,0.3,0.7,0.4
v2020,0.0,0.0,0.0,0.0
v2021,0.5,0.5,0.7,0.5
v2022,0.7,0.1,1.0,0.0
v2023,0.7,0.3,0.7,
v2024,1.0,0.0,0.0,0.1
v2025,0.8,0.3,0.5,0.3
v2026,0.6,0.7,0.6,0.6
v2027,0.4,0.9,0.1,0.7
v2028,0.4,0.5,0.7,0.5
v2029,0.8,0.0,1.0,0.0
v2030,1.0,0.1,1.0,0.1
v2031,0.8,0.3,0.8,0.0
v2032,0.8,0.2,1.0,0.1
v2033,0.5,0.2,0.0,0.2
v2034,1.0,0.0,0.5,0.0
v2035,1.0,0.0,1.0,0.2
v2036,0.6,0.7,0.4,0.5
v2037,0.2,0.8,0.1,0.8
v2038,0.8,0.3,1.0,0.1
v2039,1.0,0.2,0.6,0.1
v2040,0.3,1.0,0.5,0.4
v2041,0.0,0.2,0.0,0.6
v2042,0.8,0.4,0.6,0.4
v2043,0.6,0.6,0.6,0.5
v2044,0.5,0.5,0.4,0.5
v2045,1.0,0.0,0.8,0.0
v2046,0.7,0.2,0.9,0.0
v2047,0.8,0.7,0.7,0.5
v2048,1.0,0.0,0.6,0.0
v2049,0.7,0.0,0.5,0.0
v2050,0.1,1.0,0.1,0.7
v2051,0.8,0.4,0.7,0.4
v2052,0.5,1.0,0.0,1.0
v2053,0.8,0.3,0.7,0.3
v2054,0.3,0.7,0.1,0.7
v2055,0.6,0.4,0.6,0.0
v2056,0.5,0.5,0.0,0.5
v2057,0.7,0.2,0.8,0.2
v2058,0.6,0.5,0.4,0.3
v2059,0.8,0.4,0.8,0.2
v2060,0.6,0.4,0.5,0.5
v2061,0.0,0.5,0.0,0.7
v2062,0.0,0.8,0.0,0.5
v2063,0.5,0.0,0.1,0.0
v2064,0.6,0.8,0.1,0.8
v2065,0.5,0.7,0.2,0.6
v2066,0.7,0.9,0.6,0.8
v2067,0.5,0.8,0.0,0.8
v2068,0.8,0.0,1.0,0.0
v2069,0.8,0.5,,
v2070,1.0,0.0,0.8,0.0
v2071,0.0,1.0,0.5,0.0
v2072,0.4,0.0,1.0,0.0
v2073,0.1,1.0,0.0,1.0
v2074,1.0,0.4,0.7,0.2
v2075,0.6,0.0,0.7,0.0
v2076,0.6,0.8,0.4,0.8
v2077,0.5,0.7,0.3,0.6
v2078,0.2,0.0,0.4,0.0
v2079,0.9,0.3,0.8,0.2
v2080,0.7,0.5,0.5,0.5
v2081,0.5,1.0,0.5,0.5
v2082,0.6,0.5,0.3,0.5
v2083,0.4,0.9,0.4,0.6
v2084,0.9,0.0,0.8,0.5
v2085,0.9,0.5,0.7,0.2
v2086,0.0,0.6,0.0,0.8
v2087,0.7,0.0,0.7,0.5
v2088,0.7,0.0,0.8,0.1
v2089,0.8,0.8,0.7,0.6
v2090,0.7,0.0,0.6,0.1
v2091,0.8,0.0,0.7,0.0
v2092,1.0,0.0,0.0,0.0
v2093,0.5,0.1,0.6,0.1
v2094,0.7,0.1,0.1,0.5
v2095,0.8,0.1,0.8,0.2
v2096,0.3,1.0,0.1,0.8
v2097,0.8,0.0,1.0,0.0
v2098,0.7,0.3,0.8,0.1
v2099,0.6,0.4,0.6,0.4
v2100,0.0,0.7,0.0,0.5
v2101,0.5,0.2,0.0,0.0
v2102,0.3,0.6,0.2,0.5
v2103,0.3,0.0,0.8,0.0
v2104,0.4,0.8,0.0,0.6
v2105,0.0,0.0,0.0,0.0
v2106,0.0,0.6,0.0,0.3
v2107,0.9,0.1,1.0,0.1
v2108,0.5,0.4,0.5,0.2
v2109,0.6,0.0,0.7,0.0
v2110,1.0,0.0,0.0,0.0
v2111,0.7,0.1,0.8,0.0
v2112,0.9,0.7,1.0,0.5
v2113,0.0,0.0,0.1,0.0
v2114,0.6,0.2,0.1,0.1
v2115,0.5,0.0,0.7,0.0
v2116,0.9,0.0,0.3,0.0
v2117,0.5,0.5,0.5,0.5
v2118,0.2,0.1,0.6,0.4
v2119,0.2,0.7,0.0,0.7
v2120,0.8,0.2,0.8,0.3
v2121,0.4,0.9,0.3,0.8
v2122,0.8,0.0,0.9,0.0
v2123,0.5,0.5,0.2,0.5
v2124,0.0,1.0,0.0,1.0
v2125,0.7,0.3,0.6,0.2
v2126,0.8,0.0,1.0,0.0
v2127,0.6,0.5,0.7,0.4
v2128,0.7,0.6,0.7,0.6
v2129,0.7,0.7,0.7,0.1
v2130,0.9,0.1,0.9,0.3
v2131,0.5,0.3,0.4,0.0
v2132,0.8,0.6,0.7,0.6
v2133,0.2,0.8,0.0,0.6
v2134,0.7,0.2,0.7,0.0
v2135,0.5,0.0,0.7,0.2
v2136,0.5,0.5,0.5,0.5
v2137,0.0,0.9,0.0,0.9
v2138,0.7,0.1,0.7,0.4
v2139,0.8,0.6,0.1,0.5
v2140,0.2,0.9,0.0,0.9
v2141,0.6,0.0,0.4,0.0
v2142,0.0,0.7,0.0,1.0
v2143,1.0,0.0,1.0,0.0
v2144,0.5,1.0,0.5,0.9
v2145,0.8,0.2,0.8,0.2
v2146,0.5,0.6,0.5,0.2
v2147,0.2,0.7,0.3,0.6
v2148,0.9,0.0,0.7,0.0
v2149,0.7,0.9,0.1,0.7
v2150,0.6,0.9,0.5,1.0
v2151,0.1,0.9,0.2,0.9
v2152,1.0,0.0,0.5,0.0
v2153,1.0,0.0,0.5,0.0
v2154,0.7,0.4,0.6,0.5
v2155,0.8,0.2,0.6,0.0
v2156,0.8,1.0,0.6,0.6
v2157,0.8,0.3,0.8,0.2
v2158,1.0,0.6,0.7,0.4
v2159,0.6,0.5,0.5,0.5
v2160,1.0,0.5,0.5,0.5
v2161,0.6,0.9,0.6,0.9
v2162,0.2,0.6,0.2,0.5
v2163,0.4,0.6,0.5,0.5
v2164,0.5,0.0,0.6,0.0
v2165,0.2,0.8,0.1,0.1
v2166,0.8,0.7,0.8,0.3
v2167,0.5,0.0,0.8,0.0
v2168,0.8,0.0,1.0,0.0
v2169,0.2,0.8,0.5,0.8
v2170,0.9,0.2,0.6,0.1
v2171,0.5,1.0,0.0,1.0
v2172,0.9,0.0,0.9,0.0
v2173,0.4,0.8,0.0,0.4
v2174,0.6,0.7,0.0,0.8
v2175,0.8,0.5,0.5,0.5
v2176,0.6,0.2,0.6,0.0
v2177,0.5,0.0,1.0,0.0
v2178,0.2,0.9,0.0,0.9
v2179,0.1,0.6,0.0,0.8
v2180,0.6,0.4,0.1,0.3
v2181,1.0,0.5,0.0,0.5
v2182,0.8,0.1,0.8,0.1
v2183,0.3,0.0,0.1,0.0
v2184,0.0,0.9,0.6,1.0
v2185,0.5,1.0,0.0,0.9
v2186,0.6,0.5,0.8,0.3
v2187,0.8,0.8,0.7,0.7
v2188,0.0,0.2,0.0,0.2
v2189,0.3,0.9,0.0,0.9
v2190,0.6,0.3,0.9,0.0
v2191,0.6,0.7,0.6,0.7
v2192,1.0,0.0,0.9,0.1
v2193,0.7,0.0,0.9,0.0
v2194,0.5,0.9,0.4,0.5
v2195,0.0,0.0,0.0,0.0
v2196,1.0,0.0,1.0,0.0
v2197,0.3,0.8,0.3,0.7
v2198,0.8,0.0,0.6,0.0
v2199,0.5,0.5,0.6,0.5
v2200,0.5,0.6,0.3,0.4
v2201,0.4,0.9,0.0,0.9
v2202,0.5,0.0,0.0,0.3
v2203,0.8,0.2,1.0,0.0
v2204,0.3,0.4,0.4,0.4
v2205,0.6,0.0,0.0,0.0
v2206,0.8,0.5,0.9,0.5
v2207,0.8,0.0,1.0,0.0
v2208,0.3,0.7,0.0,0.7
v2209,0.5,0.6,0.4,0.4
v2210,0.8,0.0,1.0,0.0
v2211,0.8,0.5,0.3,0.1
v2212,0.8,0.5,0.4,0.5
v2213,0.2,0.7,0.0,0.7
v2214,0.4,0.6,0.0,
v2215,0.8,0.5,0.3,0.5
v2216,1.0,0.3,0.7,0.0
v2217,1.0,0.0,0.7,0.0
v2218,0.2,1.0,0.0,1.0
v2219,0.0,1.0,0.0,1.0
v2220,0.8,0.3,0.7,0.0
v2221,0.7,0.0,1.0,
v2222,0.3,0.8,0.0,0.5
v2223,0.0,0.5,0.0,0.5
v2224,0.3,0.7,0.1,0.6
v2225,0.7,0.0,1.0,0.0
v2226,0.8,0.4,0.6,0.4
v2227,0.4,0.0,0.7,0.0
v2228,0.8,0.3,0.9,0.3
v2229,0.5,0.8,0.8,0.8
v2230,0.0,1.0,0.0,1.0
v2231,0.8,0.1,1.0,0.2
v2232,0.5,0.8,0.0,0.8
v2233,0.8,0.0,1.0,0.0
v2234,0.6,0.1,0.8,0.1
v2235,0.6,0.7,0.6,0.5
v2236,0.5,0.3,0.4,0.3
v2237,0.0,1.0,0.0,1.0
v2238,0.6,0.2,1.0,0.2
v2239,1.0,0.0,0.8,0.0
v2240,0.9,0.0,0.9,0.0
v2241,0.8,0.1,0.8,0.3
v2242,1.0,0.0,0.0,0.0
v2243,0.8,0.1,0.9,0.1
v2244,0.6,0.5,0.5,0.1
v2245,0.9,0.0,0.4,0.0
v2246,0.6,0.8,0.0,0.7
v2247,0.2,0.5,0.5,0.3
v2248,1.0,0.0,1.0,0.0
v2249,0.4,0.8,0.6,0.5
v2250,0.4,0.8,0.2,0.8
v2251,0.0,0.8,0.0,1.0
v2252,0.6,0.3,0.8,0.3
v2253,0.8,0.0,0.9,0.0
v2254,0.3,0.0,0.7,0.0
v2255,0.7,0.3,0.6,0.2
v2256,0.7,0.0,0.0,0.0
v2257,0.4,1.0,0.3,0.9
v2258,0.2,0.7,0.6,0.2
v2259,0.7,0.7,0.7,0.6
v2260,0.2,0.8,0.1,0.8
v2261,0.2,0.5,0.0,0.2
v2262,0.5,0.5,0.7,0.2
v2263,0.1,0.6,0.0,0.6
v2264,0.2,0.3,0.3,0.5
v2265,0.8,0.8,0.4,0.8
v2266,0.5,0.5,0.5,0.5
v2267,0.3,0.5,0.1,
v2268,0.7,0.3,0.7,0.3
v2269,0.6,0.6,0.1,0.5
v2270,0.7,0.3,1.0,0.3
v2271,0.2,0.2,0.0,0.2
v2272,1.0,0.0,1.0,0.0
v2273,0.5,1.0,0.8,0.6
v2274,0.4,0.7,0.2,0.5
v2275,0.7,0.5,0.6,0.5
v2276,0.4,0.7,0.0,0.9
v2277,0.1,0.8,0.0,0.8
v2278,0.6,0.6,0.3,0.7
v2279,0.7,0.7,0.8,0.7
v2280,0.5,0.5,0.5,0.5
v2281,0.9,0.2,0.7,0.1
v2282,0.7,0.6,0.7,0.4
v2283,0.9,0.2,0.8,0.0
v2284,1.0,0.0,0.3,0.3
v2285,0.7,0.8,0.6,0.7
v2286,0.6,0.0,0.8,0.0
v2287,0.5,0.7,0.0,0.5
v2288,0.4,0.7,0.4,0.5
v2289,0.9,0.0,0.7,0.0
v2290,0.5,0.7,0.3,0.6
v2291,0.8,0.5,0.8,0.5
v2292,0.9,0.0,1.0,0.0
v2293,0.8,0.5,0.5,0.5
v2294,0.9,0.2,0.7,0.3
v2295,0.8,0.3,1.0,0.1
v2296,0.8,0.4,0.8,0.4
v2297,0.3,0.3,0.2,0.3
v2298,0.9,0.0,0.7,0.0
v2299,0.7,1.0,0.6,1.0
v2300,0.7,0.0,0.9,0.0
v2301,1.0,1.0,0.0,
v2302,1.0,0.0,1.0,0.0
v2303,0.3,0.8,0.0,0.5
v2304,0.5,0.7,0.3,0.7
v2305,0.9,0.2,0.7,0.1
v2306,1.0,0.2,0.5,0.0
v2307,1.0,0.4,0.5,0.3
v2308,0.8,0.0,0.9,0.0
v2309,0.6,0.3,0.5,
v2310,0.2,0.8,0.0,0.9
v2311,0.4,0.4,1.0,0.4
v2312,0.8,0.3,0.8,0.3
v2313,0.7,0.0,0.8,0.0
v2314,0.0,0.8,0.6,0.3
v2315,0.6,0.6,0.9,0.5
v2316,1.0,0.7,0.4,0.5
v2317,0.8,0.6,0.7,0.6
v2318,0.9,0.9,0.9,0.9
v2319,0.0,0.4,0.0,0.4
v2320,0.0,0.0,0.0,0.0
v2321,0.3,0.2,0.2,0.1
v2322,0.8,0.7,0.7,0.6
v2323,0.4,0.8,0.2,0.8
v2324,0.4,0.8,0.1,0.8
v2325,0.2,0.6,0.3,0.3
v2326,0.6,0.8,0.0,1.0
v2327,0.8,0.4,0.9,0.4
v2328,0.5,0.8,0.0,0.8
v2329,0.7,0.3,0.6,0.2
v2330,0.8,0.4,0.5,0.1
v2331,0.4,0.8,0.0,1.0
v2332,0.5,0.5,0.5,0.5
v2333,0.7,0.3,0.8,0.4
v2334,1.0,0.3,0.3,0.3
v2335,0.7,0.0,0.6,0.0
v2336,0.6,0.8,0.3,0.8
v2337,0.7,0.5,0.5,0.5
v2338,0.5,0.8,0.4,0.6
v2339,0.7,0.3,0.5,0.0
v2340,0.7,0.0,1.0,0.0
v2341,0.6,0.5,0.5,0.5
v2342,0.7,0.7,0.7,0.7
v2343,0.5,0.4,0.6,0.5
v2344,0.4,0.7,0.1,0.8
v2345,1.0,0.9,0.9,0.6
v2346,0.0,0.5,0.5,0.5
v2347,0.7,0.3,0.9,0.5
v2348,0.0,0.7,0.0,0.7
v2349,0.0,0.1,0.0,0.3
v2350,0.4,0.0,0.6,0.0
v2351,0.7,0.7,0.5,0.0
v2352,0.5,0.5,0.0,0.0
v2353,0.2,1.0,0.2,0.8
v2354,0.5,0.5,0.7,0.1
v2355,0.0,0.5,0.0,0.5
v2356,0.9,0.0,1.0,0.0
v2357,0.9,0.0,0.8,0.0
v2358,0.5,0.9,0.0,0.8
v2359,1.0,0.0,1.0,0.0
v2360,0.7,0.6,0.8,0.6
v2361,0.9,0.6,0.3,0.7
v2362,0.5,0.2,0.6,0.1
v2363,1.0,0.0,0.4,0.0
v2364,0.7,0.5,0.4,0.5
v2365,0.7,0.5,0.2,0.0
v2366,0.0,0.0,0.8,0.0
v2367,1.0,0.2,0.8,0.3
v2368,0.3,0.7,0.0,0.7
v2369,1.0,0.0,0.5,0.5
v2370,0.7,0.5,0.5,0.3
v2371,0.5,0.5,0.5,0.5
v2372,0.5,0.8,0.5,0.6
v2373,0.3,0.5,0.1,0.4
v2374,,0.5,0.9,0.5
v2375,0.9,0.3,0.7,0.3
v2376,0.7,0.0,1.0,0.2
v2377,0.2,0.0,0.9,0.0
v2378,0.7,0.3,0.8,0.2
v2379,0.2,0.9,0.2,0.4
v2380,0.7,0.2,0.7,0.2
v2381,0.7,0.7,0.5,0.7
v2382,0.5,0.5,0.6,0.5
v2383,0.9,0.0,0.9,0.5
v2384,0.4,0.7,0.0,0.7
v2385,0.8,0.0,0.9,0.0
v2386,0.5,0.5,0.5,0.5
v2387,0.0,0.6,0.2,0.8
v2388,0.3,0.2,0.0,0.1
v2389,0.2,0.8,0.1,0.8
v2390,0.3,0.7,0.1,0.6
v2391,0.7,0.4,0.8,0.2
v2392,0.4,0.6,0.0,0.5
v2393,0.4,0.7,0.1,0.7
v2394,0.5,0.4,0.5,0.4
v2395,0.8,0.3,0.7,0.3
v2396,0.7,0.2,0.7,0.2
v2397,0.5,0.0,0.6,0.2
v2398,0.5,0.5,0.5,0.5
v2399,0.8,0.3,0.6,0.1
v2400,0.6,0.2,0.9,0.1
v2401,0.7,0.7,0.4,0.4
v2402,0.0,1.0,0.0,1.0
v2403,0.5,0.7,0.5,0.0
v2404,0.3,0.0,0.8,0.0
v2405,0.7,0.7,0.7,0.7
v2406,0.5,0.1,0.9,0.0
v2407,0.6,0.4,0.8,0.1
v2408,0.5,0.5,0.7,0.5
v2409,0.6,0.1,0.3,0.1
v2410,0.6,1.0,0.1,0.8
v2411,0.1,1.0,0.0,0.8
v2412,0.7,0.5,0.7,0.5
v2413,0.0,0.4,0.0,0.4
v2414,0.6,0.3,0.7,0.3
v2415,0.8,0.5,1.0,0.5
v2416,0.7,0.5,0.5,0.4
v2417,0.3,0.8,0.2,0.9
v2418,1.0,0.2,0.9,0.2
v2419,0.6,0.0,1.0,0.0
v2420,0.0,1.0,0.0,0.8
v2421,0.8,0.6,0.1,0.4
v2422,0.3,1.0,0.0,1.0
v2423,0.2,0.8,0.5,0.8
v2424,0.9,1.0,0.0,1.0
v2425,0.2,1.0,0.0,1.0
v2426,0.0,0.4,0.0,0.7
v2427,0.9,0.0,0.5,0.3
v2428,0.9,0.2,0.7,0.2
v2429,0.8,0.2,0.1,0.5
v2430,0.6,0.2,0.5,0.0
v2431,0.5,0.5,0.1,0.5
v2432,0.7,0.6,0.6,0.4
v2433,0.6,0.0,0.6,0.0
v2434,0.7,0.8,0.5,1.0
v2435,0.5,0.8,0.3,0.8
v2436,0.8,0.3,0.6,0.2
v2437,0.7,0.7,0.1,0.5
v2438,0.5,0.9,0.6,0.6
v2439,1.0,0.7,0.4,0.4
v2440,0.7,0.0,1.0,0.0
v2441,0.5,1.0,0.0,1.0
v2442,0.8,0.0,0.8,0.2
v2443,0.7,0.3,0.7,0.3
v2444,1.0,0.0,0.9,0.0
v2445,0.8,0.4,0.5,0.3
v2446,0.8,0.2,0.7,0.2
v2447,0.9,0.5,0.8,0.4
v2448,0.8,0.0,1.0,0.0
v2449,0.1,0.8,0.1,0.5
v2450,0.4,0.7,0.1,0.6
v2451,0.6,0.3,0.4,0.3
v2452,0.8,0.2,0.4,0.2
v2453,0.7,0.0,0.8,0.0
v2454,0.5,0.5,0.5,0.5
v2455,0.9,0.6,0.6,0.4
v2456,0.4,0.4,0.4,0.4
v2457,0.4,0.4,0.6,0.3
v2458,0.6,0.5,0.3,0.3
v2459,0.4,0.5,0.4,0.4
v2460,0.2,0.8,0.0,0.6
v2461,0.0,0.0,0.0,0.0
v2462,1.0,0.0,0.3,0.0
v2463,1.0,0.2,0.6,0.2
v2464,0.7,0.0,1.0,0.0
v2465,0.0,1.0,0.0,1.0
v2466,0.5,0.5,0.5,0.5
v2467,0.0,1.0,0.0,0.9
v2468,1.0,0.7,0.4,0.6
v2469,0.5,0.8,0.2,0.7
v2470,0.8,0.0,1.0,0.0
v2471,0.7,0.5,0.5,0.4
v2472,0.7,0.0,0.8,0.0
v2473,0.5,0.2,0.6,0.2
v2474,0.5,0.5,0.0,0.5
v2475,0.4,0.5,0.0,0.3
v2476,0.3,0.4,0.1,0.4
v2477,0.0,0.6,0.0,0.6
v2478,1.0,0.6,0.5,0.5
v2479,0.7,0.0,1.0,0.0
v2480,0.7,0.9,0.2,0.9
v2481,0.8,0.0,0.6,0.0
v2482,0.9,0.2,0.7,0.1
v2483,0.4,0.9,0.0,0.5
v2484,0.3,0.7,0.0,0.8
v2485,0.8,0.0,0.0,0.0
v2486,0.1,0.5,0.0,0.5
v2487,0.8,0.0,0.5,0.5
v2488,0.6,0.6,0.7,0.5
v2489,0.0,1.0,0.0,1.0
v2490,0.7,0.3,0.0,0.7
v2491,1.0,0.7,0.4,0.6
v2492,0.1,0.8,0.0,0.8
v2493,0.5,0.5,0.5,0.6
v2494,0.8,0.2,0.7,0.1
v2495,0.3,0.7,0.5,0.3
v2496,0.9,0.3,0.7,0.3
v2497,0.9,0.0,1.0,0.0
v2498,0.3,0.9,0.0,0.7
v2499,0.4,0.6,0.5,0.5
v2500,0.4,0.0,1.0,0.0
v2501,0.4,0.6,0.2,0.4
v2502,0.7,0.3,0.7,0.2
v2503,0.5,0.8,0.4,0.5
v2504,1.0,0.0,0.9,0.0
v2505,0.6,0.0,1.0,0.0
v2506,0.5,0.7,0.0,0.8
v2507,0.5,0.4,0.1,0.6
v2508,1.0,0.1,0.8,0.1
v2509,0.8,0.5,0.7,0.6
v2510,0.6,0.8,0.0,0.7
v2511,0.7,0.6,0.5,0.4
v2512,0.5,1.0,0.5,0.5
v2513,1.0,0.0,0.2,0.0
v2514,0.9,0.3,0.5,0.3
v2515,0.0,1.0,0.0,1.0
v2516,0.8,0.2,0.8,0.0
v2517,0.7,0.5,0.7,0.5
v2518,0.6,0.4,0.7,0.2
v2519,0.6,0.4,0.0,0.8
v2520,0.6,0.8,0.1,0.8
v2521,0.5,0.5,0.7,0.2
v2522,1.0,0.2,1.0,0.2
v2523,1.0,0.0,1.0,0.0
v2524,0.9,0.6,0.6,0.4
v2525,1.0,0.2,0.8,0.2
v2526,0.8,0.5,0.2,0.2
v2527,0.2,0.2,0.0,0.1
v2528,0.8,0.1,0.5,0.2
v2529,0.5,0.2,0.8,0.0
v2530,0.5,0.3,0.8,0.2
v2531,0.8,0.0,0.4,0.0
v2532,0.7,0.7,0.7,0.7
v2533,0.8,0.4,0.5,0.4
v2534,0.6,0.4,0.7,0.1
v2535,0.7,0.6,0.7,0.6
v2536,0.8,0.3,0.8,0.5
v2537,0.8,0.8,0.8,0.8
v2538,0.6,0.3,0.5,0.3
v2539,0.2,0.2,0.2,0.2
v2540,0.8,0.3,1.0,0.1
v2541,0.1,1.0,0.0,1.0
v2542,0.7,0.6,0.5,0.4
v2543,0.2,0.2,0.4,0.2
v2544,0.9,0.4,0.6,0.5
v2545,0.8,0.5,0.6,0.2
v2546,1.0,0.0,1.0,0.0
v2547,0.0,1.0,0.0,0.6
v2548,0.8,0.7,0.0,0.6
v2549,0.3,0.8,0.0,0.7
v2550,0.7,0.8,0.4,0.5
v2551,0.1,1.0,0.0,1.0
v2552,0.8,0.7,0.9,0.7
v2553,0.4,0.7,0.6,0.6
v2554,0.9,0.9,0.9,0.0
v2555,0.2,0.4,0.0,0.4
v2556,0.7,0.0,1.0,0.0
v2557,0.6,0.5,0.0,0.3
v2558,0.4,0.7,0.0,0.6
v2559,0.0,0.0,0.2,0.2
v2560,0.5,0.0,0.5,0.0
v2561,0.8,0.0,1.0,0.0
v2562,0.0,1.0,0.6,0.7
v2563,0.4,0.3,0.3,0.2
v2564,0.4,1.0,0.0,1.0
v2565,0.5,0.9,0.1,0.7
v2566,0.3,0.0,0.2,0.0
v2567,0.5,0.5,0.5,0.4
v2568,0.2,1.0,0.5,0.8
v2569,0.6,0.4,0.8,0.3
v2570,0.4,1.0,0.1,0.8
v2571,0.9,0.4,0.5,0.3
v2572,0.5,0.8,0.5,0.5
v2573,0.3,0.3,0.8,0.5
v2574,0.7,0.2,0.9,0.0
v2575,0.7,0.0,0.9,0.0
v2576,0.6,0.6,0.6,0.6
v2577,0.5,0.9,0.0,0.6
v2578,0.1,0.5,0.1,0.5
v2579,0.7,0.4,0.3,0.2
v2580,0.7,0.0,0.8,0.0
v2581,0.8,0.4,0.5,0.4
v2582,0.5,0.5,0.5,0.5
v2583,0.7,0.0,1.0,0.0
v2584,0.6,0.3,0.4,0.0
v2585,0.6,0.4,0.6,0.1
v2586,0.4,0.7,0.0,0.9
v2587,0.6,0.0,0.8,0.0
v2588,0.0,0.7,0.2,0.9
v2589,0.2,0.0,0.9,0.0
v2590,0.7,0.5,0.6,0.0
v2591,0.5,0.5,0.7,0.5
v2592,0.5,0.5,0.0,
v2593,1.0,0.0,0.8,0.0
v2594,0.3,0.8,0.3,1.0
v2595,0.8,0.6,0.5,0.5
v2596,0.2,0.9,0.0,0.8
v2597,0.5,0.9,0.2,0.2
v2598,0.1,1.0,0.1,1.0
v2599,0.7,0.2,0.6,0.1
v2600,0.6,0.5,0.6,0.3
v2601,0.5,0.0,0.5,0.0
v2602,0.8,0.0,0.1,0.3
v2603,0.3,0.0,0.6,0.0
v2604,0.9,0.0,0.9,0.0
v2605,0.1,0.8,0.2,0.1
v2606,0.3,0.8,0.5,0.3
v2607,0.1,0.4,0.0,0.1
v2608,0.0,0.0,0.0,0.0
v2609,0.9,0.2,1.0,0.0
v2610,0.2,0.7,0.1,0.7
v2611,0.5,0.9,0.6,0.9
v2612,0.0,0.8,0.0,0.7
v2613,0.0,1.0,0.0,1.0
v2614,0.6,0.1,0.2,0.2
v2615,0.7,0.7,0.2,0.7
v2616,0.7,0.0,0.9,0.0
v2617,0.2,0.2,0.0,0.9
v2618,0.9,0.5,1.0,0.5
v2619,0.5,0.5,0.6,0.4
v2620,0.8,0.5,0.7,0.4
v2621,0.3,1.0,0.7,0.8
v2622,0.5,0.6,0.3,0.4
v2623,0.0,0.0,0.1,0.0
v2624,0.0,0.8,0.0,0.5
v2625,1.0,0.0,0.8,0.5
v2626,0.5,0.5,0.4,0.3
v2627,0.7,0.4,0.5,0.3
v2628,0.0,0.4,0.0,0.7
v2629,0.8,0.2,0.7,0.0
v2630,0.3,0.5,0.1,0.3
v2631,1.0,0.1,1.0,0.1
v2632,0.4,0.3,0.4,0.1
v2633,0.5,0.9,0.0,0.9
v2634,0.9,0.0,0.9,0.0
v2635,0.9,0.0,0.8,0.0
v2636,0.4,0.7,0.0,0.6
v2637,0.4,0.4,0.1,0.1
v2638,0.7,0.4,0.7,0.2
v2639,0.7,0.7,0.8,0.8
v2640,0.9,0.0,0.8,0.0
v2641,0.4,0.8,0.0,0.8
v2642,0.7,0.4,0.2,0.4
v2643,0.4,0.7,0.0,0.7
v2644,0.7,0.1,0.7,0.1
v2645,0.8,0.5,0.6,0.5
v2646,0.7,0.6,0.5,0.5
v2647,0.4,0.7,0.6,0.5
v2648,0.7,0.4,0.7,0.4
v2649,0.5,0.4,0.7,0.3
v2650,0.6,0.6,0.6,0.6
v2651,0.7,0.0,0.9,0.0
v2652,0.7,0.4,0.5,0.4
v2653,0.5,0.8,0.1,0.7
v2654,0.4,0.7,0.4,0.6
v2655,1.0,0.0,0.4,0.1
v2656,0.5,0.8,0.4,0.8
v2657,0.7,0.6,0.3,0.6
v2658,0.7,0.3,0.7,0.3
v2659,0.8,0.3,0.6,0.3
v2660,0.4,0.6,0.5,0.7
v2661,0.3,0.6,0.0,0.5
v2662,1.0,0.0,1.0,0.0
v2663,0.8,0.5,0.7,0.6
v2664,0.7,0.5,0.7,0.3
v2665,0.8,0.0,1.0,0.0
v2666,0.3,0.1,0.0,0.0
v2667,0.9,0.4,0.2,0.4
v2668,1.0,0.3,1.0,0.3
v2669,0.6,0.3,0.7,0.2
v2670,0.9,0.5,0.4,0.4
v2671,0.7,0.0,0.9,0.0
v2672,0.9,0.4,0.9,0.4
v2673,0.7,0.4,1.0,0.0
v2674,0.8,0.0,0.6,0.2
v2675,0.8,0.2,0.0,0.4
v2676,0.8,0.1,0.9,0.0
v2677,0.4,0.7,0.2,0.6
v2678,0.0,1.0,0.0,1.0
v2679,0.6,0.6,0.5,0.5
v2680,1.0,0.0,0.7,0.1
v2681,0.7,0.7,0.3,0.0
v2682,0.5,0.7,0.2,0.6
v2683,0.2,0.6,0.0,0.8
v2684,0.3,0.7,0.5,0.3
v2685,0.4,0.7,0.3,0.5
v2686,0.7,0.2,1.0,0.0
v2687,1.0,0.0,1.0,0.0
v2688,1.0,0.0,1.0,0.0
v2689,0.8,0.1,0.0,0.1
v2690,0.9,0.7,0.8,0.3
v2691,1.0,0.3,0.9,0.6
v2692,0.2,0.7,0.0,0.2
v2693,0.4,0.5,0.2,0.5
v2694,,0.0,0.8,0.8
v2695,0.5,0.3,0.6,0.2
v2696,0.0,0.8,0.0,0.8
v2697,0.7,0.5,0.6,0.3
v2698,1.0,0.0,0.6,0.3
v2699,0.1,0.8,0.0,1.0
v2700,1.0,0.3,0.7,0.0
v2701,0.0,1.0,0.0,0.0
v2702,0.7,0.0,0.7,0.0
v2703,0.8,0.0,1.0,0.0
v2704,0.7,0.3,0.7,0.1
v2705,0.8,0.0,0.5,0.4
v2706,0.6,0.8,0.4,0.8
v2707,0.8,0.3,0.6,0.3
v2708,0.6,0.2,0.8,0.2
v2709,0.6,0.5,0.2,0.2
v2710,1.0,0.8,0.6,0.6
v2711,0.7,0.8,0.6,0.8
v2712,0.8,0.5,0.2,0.2
v2713,0.5,0.8,0.2,
v2714,0.3,0.3,0.0,0.0
v2715,0.6,0.6,0.6,0.6
v2716,0.4,0.8,0.0,0.8
v2717,0.5,0.5,0.5,0.5
v2718,0.0,1.0,0.0,0.9
v2719,0.0,1.0,0.0,0.8
v2720,0.7,0.3,0.9,0.3
v2721,0.5,0.7,0.3,0.6
v2722,0.7,0.5,0.3,0.5
v2723,0.4,0.8,0.0,0.7
v2724,0.2,0.0,0.4,0.0
v2725,0.7,0.2,1.0,0.2
v2726,0.9,0.1,0.8,0.1
v2727,0.1,0.9,0.9,0.9
v2728,0.9,0.9,0.7,0.8
v2729,0.8,0.2,0.8,0.5
v2730,0.2,1.0,0.2,0.7
v2731,0.0,0.6,0.1,0.6
v2732,0.3,1.0,0.0,0.9
v2733,0.0,0.0,0.2,0.0
v2734,0.8,0.0,0.7,0.0
v2735,0.8,0.0,0.6,0.0
v2736,0.0,0.6,0.0,0.7
v2737,0.6,0.0,0.4,0.0
v2738,0.6,0.4,0.6,0.2
v2739,0.9,0.9,0.0,0.9
v2740,0.4,0.0,0.8,0.0
v2741,0.2,0.8,0.2,0.5
v2742,0.3,0.5,0.3,0.5
v2743,0.6,0.4,0.8,0.2
v2744,0.7,0.8,0.7,0.7
v2745,0.7,0.0,0.9,0.0
v2746,1.0,0.0,1.0,0.0
v2747,0.2,0.7,0.2,0.4
v2748,0.7,0.8,0.8,0.5
v2749,0.9,0.6,0.7,0.3
v2750,0.8,0.8,0.9,0.5
v2751,0.8,0.3,0.8,0.3
v2752,1.0,0.0,0.9,0.1
v2753,0.7,0.9,0.5,0.8
v2754,0.5,0.5,0.5,0.5
v2755,0.6,0.5,0.7,0.6
v2756,1.0,0.0,0.7,0.0
v2757,0.8,0.3,0.8,0.3
v2758,0.8,0.6,0.6,0.6
v2759,0.8,0.8,0.5,
v2760,0.2,0.2,0.0,0.0
v2761,0.7,0.7,0.8,0.7
v2762,0.8,0.3,0.7,0.2
v2763,1.0,0.0,0.9,0.0
v2764,1.0,0.0,0.5,0.5
v2765,0.6,0.6,0.4,0.7
v2766,0.2,0.0,0.7,0.0
v2767,0.9,0.4,0.6,0.4
v2768,1.0,0.5,0.9,0.5
v2769,1.0,0.0,0.5,0.0
v2770,1.0,0.0,0.8,0.2
v2771,0.4,0.5,0.0,0.6
v2772,0.5,0.0,1.0,0.0
v2773,0.5,0.4,1.0,0.3
v2774,0.5,0.0,0.5,0.7
v2775,0.4,0.2,0.6,0.3
v2776,0.9,0.2,0.9,0.0
v2777,1.0,0.7,0.9,0.8
v2778,0.7,0.5,1.0,0.0
v2779,0.9,0.3,0.8,0.2
v2780,0.8,0.7,0.6,0.6
v2781,0.2,1.0,0.0,1.0
v2782,0.2,0.8,0.0,1.0
v2783,0.7,0.8,0.4,0.6
v2784,0.7,0.7,0.3,0.4
v2785,0.5,0.0,1.0,0.0
v2786,0.6,0.8,0.7,0.7
v2787,0.8,0.7,0.8,0.3
v2788,0.9,0.7,0.5,0.6
v2789,0.8,0.0,0.8,0.0
v2790,0.7,0.0,0.8,0.0
v2791,0.9,0.2,0.9,0.2
v2792,0.6,0.2,1.0,0.1
v2793,0.1,1.0,0.1,0.9
v2794,0.7,0.8,0.6,0.8
v2795,0.1,0.1,1.0,0.1
v2796,1.0,0.1,0.6,0.3
v2797,0.6,0.0,0.7,0.3
v2798,0.2,0.8,0.2,0.7
v2799,0.7,0.6,0.6,0.6
v2800,0.5,0.9,0.0,0.9
v2801,0.4,0.7,0.5,0.7
v2802,0.8,0.5,0.8,
v2803,0.6,0.6,0.6,0.4
v2804,0.5,0.5,0.3,0.5
v2805,0.5,0.5,0.8,0.5
v2806,0.8,0.2,0.8,0.2
v2807,0.5,0.5,0.5,0.5
v2808,0.9,0.7,0.0,0.2
v2809,0.5,0.5,0.0,0.4
v2810,1.0,0.0,0.9,0.0
v2811,0.4,1.0,0.0,0.9
v2812,0.7,0.0,0.5,0.0
v2813,0.4,0.8,0.5,0.5
v2814,0.8,0.1,0.9,0.1
v2815,0.0,1.0,0.0,0.3
v2816,0.4,0.4,0.4,0.6
v2817,0.6,0.5,0.7,0.0
v2818,0.8,0.4,0.6,0.4
v2819,0.1,1.0,0.0,1.0
v2820,0.5,0.8,0.2,0.8
v2821,0.2,0.8,0.0,0.9
v2822,1.0,0.1,0.8,0.5
v2823,0.3,0.7,0.0,0.7
v2824,0.4,0.4,0.0,0.0
v2825,0.2,0.8,0.0,0.8
v2826,0.5,0.5,1.0,0.5
v2827,0.6,0.6,0.0,0.6
v2828,0.8,0.0,0.9,0.0
v2829,0.4,0.7,0.0,0.8
v2830,0.5,0.8,0.5,0.8
v2831,0.9,0.0,0.9,0.0
v2832,1.0,0.0,0.2,0.0
v2833,0.0,0.0,0.0,0.0
v2834,0.8,0.7,0.4,0.4
v2835,0.7,0.2,0.8,0.3
v2836,0.1,1.0,0.0,1.0
v2837,0.1,0.0,0.2,0.0
v2838,0.6,1.0,,
v2839,0.3,0.6,0.1,0.7
v2840,0.5,0.5,0.5,0.5
v2841,0.0,1.0,0.0,1.0
v2842,0.5,0.3,0.1,0.5
v2843,0.5,0.8,0.0,0.0
v2844,0.8,0.1,0.9,0.0
v2845,0.6,0.0,0.9,0.0
v2846,1.0,0.0,0.7,0.0
v2847,0.7,0.3,0.5,0.3
v2848,0.6,0.2,0.8,0.0
v2849,0.7,0.6,0.4,0.0
v2850,0.5,0.0,0.4,0.0
v2851,0.8,0.0,0.7,0.0
v2852,0.2,0.8,0.0,1.0
v2853,0.7,0.0,0.7,0.0
v2854,0.5,0.5,0.3,0.4
v2855,0.4,0.6,0.4,0.6
v2856,0.3,0.7,0.6,0.5
v2857,0.8,0.5,0.9,0.4
v2858,0.7,0.0,0.6,0.7
v2859,0.5,0.5,0.5,0.5
v2860,0.2,0.8,0.1,0.4
v2861,0.4,0.2,0.5,0.1
v2862,0.7,0.2,0.9,0.0
v2863,0.4,0.7,0.0,0.7
v2864,0.4,0.7,0.0,0.5
v2865,0.1,1.0,0.0,0.8
v2866,0.0,0.0,0.0,0.0
v2867,1.0,0.0,0.9,0.0
v2868,0.5,0.9,0.0,0.9
v2869,0.8,0.6,0.7,
v2870,0.8,0.7,0.1,0.5
v2871,0.7,0.2,0.3,0.1
v2872,1.0,0.0,0.9,0.3
v2873,1.0,0.4,0.4,0.4
v2874,0.8,0.0,1.0,0.2
v2875,0.9,0.0,0.6,0.0
v2876,0.5,0.7,0.5,0.5
v2877,0.7,1.0,0.0,0.4
v2878,0.2,1.0,0.0,0.5
v2879,0.6,0.5,0.6,0.4
v2880,0.3,0.3,0.2,0.2
v2881,0.8,0.3,1.0,0.3
v2882,0.8,0.0,1.0,0.0
v2883,0.8,0.2,1.0,0.0
v2884,0.7,0.5,0.6,0.4
v2885,0.7,0.4,0.9,0.2
v2886,0.3,1.0,0.0,0.9
v2887,0.4,0.9,0.6,0.6
v2888,0.3,0.2,1.0,0.2
v2889,0.4,0.7,0.2,0.8
v2890,0.8,0.0,0.7,0.0
v2891,0.7,0.0,0.7,0.0
v2892,0.5,0.8,0.3,0.8
v2893,0.9,0.2,0.6,0.0
v2894,0.5,0.5,0.5,0.5
v2895,0.9,0.4,0.7,0.5
v2896,1.0,0.4,0.6,0.0
v2897,0.0,0.9,0.0,0.9
v2898,0.2,0.4,0.3,0.2
v2899,0.9,0.0,1.0,0.0
v2900,0.5,0.0,1.0,0.0
v2901,0.5,0.6,0.0,0.5
v2902,0.7,0.9,0.3,0.8
v2903,0.0,1.0,0.0,1.0
v2904,1.0,0.0,1.0,0.0
v2905,1.0,0.0,1.0,0.0
v2906,0.7,0.5,0.6,0.3
v2907,0.5,0.6,0.4,0.6
v2908,0.5,0.4,0.5,0.5
v2909,0.6,0.1,0.8,0.0
v2910,0.7,0.6,0.7,0.4
v2911,0.5,0.7,0.2,0.7
v2912,0.5,0.5,0.5,0.5
v2913,0.4,0.6,0.3,0.5
v2914,0.8,0.6,0.1,0.1
v2915,0.4,0.6,0.3,0.4
v2916,0.0,0.0,0.2,0.0
v2917,0.5,0.5,0.5,0.5
v2918,0.2,0.7,0.3,0.3
v2919,0.6,0.4,0.7,0.2
v2920,0.6,0.3,0.8,0.3
v2921,0.3,0.8,0.5,0.6
v2922,0.8,0.8,0.2,0.8
v2923,0.0,0.0,0.0,0.0
v2924,0.7,0.4,0.5,0.4
v2925,1.0,0.0,1.0,0.0
v2926,0.4,0.7,0.4,0.5
v2927,0.7,0.3,0.8,0.3
v2928,0.4,0.6,0.3,0.5
v2929,0.4,0.9,0.7,0.7
v2930,0.9,0.4,1.0,0.4
v2931,0.7,0.5,0.8,0.5
v2932,0.7,0.6,0.8,0.5
v2933,0.5,0.5,0.5,0.5
v2934,0.6,0.7,0.4,0.5
v2935,1.0,0.1,0.1,0.5
v2936,0.2,0.9,0.2,0.9
v2937,0.5,0.0,0.5,0.0
v2938,0.8,0.4,0.7,0.1
v2939,0.4,0.6,0.7,0.4
v2940,1.0,0.0,0.7,0.5
v2941,0.7,0.3,1.0,0.3
v2942,0.3,0.7,0.0,0.5
v2943,0.8,0.8,0.2,0.6
v2944,0.0,0.9,0.0,0.3
v2945,0.5,0.6,0.4,0.4
v2946,0.4,0.9,0.3,0.3
v2947,0.4,0.7,0.2,0.7
v2948,0.4,0.7,0.0,0.5
v2949,0.6,0.5,0.9,0.5
v2950,0.7,0.0,0.6,0.1
v2951,0.5,0.0,0.7,0.0
v2952,0.1,0.1,0.5,0.1
v2953,1.0,0.0,0.7,0.6
v2954,0.6,0.0,0.6,0.0
v2955,0.7,0.0,0.8,0.0
v2956,0.3,0.8,0.0,0.9
v2957,0.8,0.5,0.7,0.5
v2958,0.5,0.5,0.8,0.5
v2959,1.0,0.5,0.7,0.4
v2960,0.6,0.6,0.5,0.5
v2961,0.0,1.0,0.5,0.6
v2962,0.8,0.0,0.7,0.5
v2963,0.7,0.1,0.8,0.0
v2964,0.7,0.9,0.2,0.7
v2965,1.0,0.0,0.7,0.0
v2966,0.8,0.0,1.0,0.0
v2967,0.7,0.3,0.4,0.6
v2968,0.7,0.0,0.8,0.0
v2969,0.5,0.7,0.4,0.5
v2970,0.8,0.8,0.7,0.4
v2971,0.5,0.3,0.6,0.3
v2972,0.8,0.1,0.8,0.0
v2973,0.4,0.6,0.2,0.6
v2974,1.0,0.0,1.0,0.0
v2975,0.5,0.5,0.8,0.3
v2976,0.8,0.9,0.5,0.7
v2977,0.0,1.0,0.0,1.0
v2978,0.5,0.5,0.0,0.3
v2979,0.4,0.0,0.8,0.0
v2980,0.0,1.0,0.8,1.0
v2981,0.5,0.8,0.0,0.8
v2982,0.5,0.8,0.6,0.6
v2983,0.5,0.9,0.0,0.7
v2984,0.6,0.0,1.0,0.0
v2985,0.5,0.0,0.9,0.1
v2986,0.5,0.0,1.0,0.0
v2987,0.8,0.4,0.7,0.1
v2988,0.7,0.0,1.0,0.0
v2989,0.5,0.2,0.8,0.1
v2990,0.1,0.5,0.0,0.5
v2991,0.5,0.5,0.5,0.4
v2992,0.5,0.5,0.5,0.5
v2993,1.0,0.0,0.6,0.0
v2994,0.0,0.9,0.0,0.7
v2995,0.8,0.6,0.8,0.5
v2996,0.8,0.4,0.7,0.2
v2997,0.7,0.3,0.8,0.3
v2998,1.0,0.0,1.0,0.0
v2999,0.5,0.5,0.5,0.5
v3000,1.0,0.3,0.8,0.3
v3001,0.8,0.0,0.6,0.3
v3002,0.9,0.0,0.6,0.0
v3003,0.7,0.3,0.6,0.5
v3004,0.1,0.8,0.0,0.9
v3005,0.6,0.4,0.5,0.1
v3006,0.7,0.7,0.7,0.7
v3007,0.9,0.6,0.9,0.4
v3008,0.3,0.0,1.0,0.0
v3009,0.9,0.0,0.7,0.0
v3010,0.6,0.0,0.8,0.3
v3011,0.0,0.0,0.0,0.0
v3012,0.7,0.1,0.0,0.1
v3013,0.7,0.3,0.2,0.2
v3014,0.8,0.2,0.0,0.3
v3015,0.0,0.0,0.8,0.0
v3016,0.8,0.0,0.2,0.0
v3017,1.0,0.1,0.6,0.0
v3018,0.6,0.8,0.4,0.6
v3019,0.2,1.0,0.5,0.9
v3020,0.6,0.3,0.4,0.3
v3021,0.8,0.1,0.8,0.2
v3022,0.6,0.8,0.5,0.5
v3023,0.7,0.0,1.0,0.0
v3024,0.5,0.1,0.4,0.4
v3025,0.6,0.8,0.0,0.8
v3026,0.9,0.2,0.9,0.0
v3027,0.6,0.5,0.0,0.4
v3028,0.0,1.0,0.1,0.2
v3029,0.4,0.0,0.8,0.0
v3030,0.4,0.7,0.3,0.7
v3031,0.6,0.6,0.7,0.5
v3032,0.5,0.8,0.5,0.2
v3033,1.0,0.4,0.7,0.1
v3034,0.9,0.5,1.0,0.5
v3035,0.8,0.4,1.0,0.3
v3036,0.7,0.4,0.5,0.0
v3037,0.8,0.4,0.8,0.5
v3038,0.1,0.1,0.0,0.1
v3039,0.5,0.3,0.5,0.0
v3040,0.5,0.4,0.0,0.5
v3041,0.5,0.0,0.2,0.0
v3042,1.0,0.1,0.3,0.1
v3043,0.7,0.2,0.7,0.2
v3044,0.1,0.1,0.5,0.1
v3045,0.3,0.7,0.2,0.2
v3046,0.4,0.6,0.5,0.6
v3047,0.8,0.7,0.7,0.5
v3048,0.4,0.1,0.7,0.0
v3049,0.8,0.3,0.7,0.3
v3050,1.0,0.0,0.9,0.0
v3051,0.6,0.1,0.8,0.1
v3052,0.8,0.9,0.8,1.0
v3053,0.5,0.2,0.7,0.1
v3054,0.4,0.5,0.1,0.1
v3055,0.9,0.7,0.8,0.5
v3056,1.0,0.3,1.0,0.3
v3057,0.4,0.9,0.7,0.6
v3058,0.0,1.0,0.0,1.0
v3059,0.8,0.0,1.0,0.0
v3060,0.6,0.6,0.2,0.4
v3061,0.8,0.9,0.6,0.8
v3062,0.6,0.4,0.7,0.0
v3063,0.0,0.8,0.0,0.9
v3064,1.0,0.0,1.0,0.0
v3065,0.3,0.7,0.0,0.7
v3066,0.5,0.4,0.5,0.2
v3067,0.3,0.8,0.0,0.9
v3068,0.0,1.0,0.0,0.9
v3069,0.0,1.0,0.0,1.0
v3070,0.2,0.6,0.5,0.6
v3071,0.7,0.3,0.0,0.2
v3072,0.4,0.8,0.2,0.7
v3073,0.0,0.2,0.0,0.2
v3074,0.5,0.5,0.5,0.5
v3075,0.8,0.5,0.5,0.2
v3076,0.0,0.6,0.0,0.6
v3077,0.4,0.6,0.3,0.5
v3078,0.9,0.6,0.7,0.7
v3079,0.7,0.7,0.0,0.7
v3080,1.0,0.3,1.0,0.0
v3081,0.5,0.0,1.0,0.0
v3082,1.0,0.0,0.8,0.0
v3083,0.8,0.4,0.6,0.3
v3084,0.0,0.4,1.0,0.7
v3085,0.5,0.5,0.8,0.0
v3086,0.8,0.9,0.2,0.2
v3087,0.5,0.5,0.0,0.6
v3088,0.5,0.5,0.5,0.0
v3089,0.2,0.2,0.2,0.2
v3090,0.8,0.5,0.5,0.5
v3091,0.0,0.7,0.0,0.9
v3092,0.1,0.5,0.0,0.6
v3093,0.8,0.1,0.8,0.0
v3094,0.2,0.8,0.3,0.7
v3095,1.0,0.0,0.7,0.0
v3096,0.5,0.3,0.7,0.3
v3097,0.9,0.0,0.3,0.0
v3098,0.8,0.0,1.0,0.0
v3099,0.5,0.8,0.0,0.0
v3100,0.4,0.3,0.5,0.3
v3101,0.3,0.7,0.3,0.1
v3102,0.5,0.5,0.5,0.5
v3103,0.9,0.3,0.8,0.6
v3104,0.7,0.4,0.4,0.3
v3105,0.2,0.1,0.0,0.1
v3106,0.5,0.6,0.5,0.4
v3107,0.9,0.0,0.7,0.0
v3108,1.0,0.0,1.0,0.0
v3109,0.7,0.6,0.0,0.1
v3110,0.1,1.0,0.1,0.5
v3111,0.5,0.7,0.8,0.5
v3112,0.0,0.0,0.0,0.3
v3113,0.1,0.1,0.0,0.1
v3114,0.2,0.9,0.0,0.9
v3115,0.7,0.5,0.9,0.5
v3116,0.2,0.8,0.1,0.1
v3117,0.8,0.7,0.4,
v3118,0.7,0.1,0.8,0.0
v3119,0.0,0.0,0.0,0.8
v3120,0.5,0.0,0.7,0.4
v3121,0.4,0.2,0.2,0.2
v3122,0.8,0.8,0.8,0.8
v3123,0.5,0.7,0.0,0.7
v3124,1.0,0.0,0.6,0.0
v3125,0.3,0.3,0.2,0.2
v3126,0.0,0.7,0.0,
v3127,1.0,1.0,0.5,0.5
v3128,0.8,0.2,0.6,0.2
v3129,1.0,0.0,0.9,0.2
v3130,0.1,0.6,0.1,0.6
v3131,1.0,0.3,1.0,0.3
v3132,0.8,0.0,1.0,0.0
v3133,0.1,0.3,0.3,0.3
v3134,1.0,0.0,0.5,0.0
v3135,0.1,0.7,0.1,0.5
v3136,0.9,1.0,0.6,0.9
v3137,0.6,,0.5,
v3138,0.1,0.5,0.0,0.9
v3139,0.7,0.0,0.8,0.0
v3140,0.3,0.7,0.1,0.7
v3141,0.6,0.3,0.7,0.3
v3142,1.0,0.0,0.6,0.0
v3143,0.9,0.6,0.7,0.3
v3144,0.5,0.7,0.1,0.7
v3145,0.6,0.3,0.8,0.2
v3146,0.8,0.2,1.0,0.0
v3147,0.6,0.6,0.5,0.5
v3148,0.9,0.6,0.7,0.6
v3149,0.0,1.0,0.0,1.0
v3150,0.7,0.0,0.7,0.0
v3151,0.7,0.4,0.7,0.1
v3152,0.5,0.5,0.0,0.3
v3153,0.7,0.0,1.0,0.0
v3154,0.3,0.8,0.3,0.5
v3155,0.7,0.7,0.6,0.4
v3156,0.6,0.6,0.0,0.5
v3157,0.6,0.4,0.6,0.4
v3158,0.5,0.0,0.5,0.0
v3159,0.8,0.0,0.8,0.0
v3160,0.4,0.8,0.1,0.7
v3161,0.5,0.5,0.5,0.5
v3162,0.6,0.6,0.6,0.5
v3163,0.7,0.3,0.8,0.1
v3164,0.4,0.8,0.3,0.8
v3165,1.0,0.0,0.9,0.0
v3166,0.8,0.4,0.5,0.2
v3167,0.7,0.6,0.6,0.5
v3168,0.8,0.2,0.6,0.0
v3169,0.0,0.5,0.0,0.5
v3170,0.9,0.3,0.8,0.2
v3171,0.6,0.7,0.5,0.5
v3172,0.9,0.7,0.9,0.7
v3173,0.0,0.0,0.0,0.0
v3174,0.4,0.0,0.7,0.0
v3175,0.5,0.5,0.5,0.5
v3176,1.0,0.2,0.5,0.2
v3177,0.8,0.0,0.9,0.2
v3178,0.9,0.4,0.4,0.7
v3179,0.1,0.8,0.7,0.7
v3180,0.6,0.8,0.6,0.8
v3181,0.8,0.0,1.0,0.0
v3182,0.6,0.7,0.3,0.4
v3183,1.0,0.0,0.6,0.3
v3184,0.6,0.6,0.5,0.5
v3185,0.4,0.7,0.1,0.7
v3186,0.7,1.0,0.5,0.8
v3187,0.6,0.0,0.7,0.0
v3188,0.6,0.0,0.8,0.0
v3189,0.4,0.8,0.5,0.8
v3190,0.8,0.0,0.8,0.0
v3191,0.8,0.2,0.5,0.2
v3192,0.5,0.7,0.4,0.7
v3193,0.5,0.5,0.5,0.5
v3194,1.0,0.1,0.8,0.2
v3195,1.0,,0.8,
v3196,0.8,0.2,0.9,0.2
v3197,0.5,0.5,0.5,0.5
v3198,0.9,0.2,0.9,0.2
v3199,0.4,0.7,0.3,0.5
v3200,0.8,0.3,0.9,0.2
v3201,0.9,0.7,0.7,0.7
v3202,0.5,0.2,1.0,0.0
v3203,0.5,0.7,0.0,0.8
v3204,0.5,0.5,0.5,0.5
v3205,0.8,1.0,0.6,0.4
v3206,0.1,0.5,0.0,0.7
v3207,0.4,0.0,0.8,0.1
v3208,0.8,0.4,0.7,0.3
v3209,0.7,0.3,0.4,0.2
v3210,0.5,0.0,0.8,0.0
v3211,0.6,0.9,0.7,0.7
v3212,0.5,0.0,0.5,0.2
v3213,0.5,0.0,0.0,0.5
v3214,0.0,0.0,0.0,0.0
v3215,0.4,0.4,0.4,0.4
v3216,0.5,0.3,0.5,0.4
v3217,0.6,0.0,0.6,0.0
v3218,0.1,0.0,0.1,0.0
v3219,0.4,0.7,0.2,0.5
v3220,0.8,0.9,0.8,0.7
v3221,0.5,1.0,0.0,0.9
v3222,0.9,0.3,0.5,0.2
v3223,0.6,0.9,0.2,0.9
v3224,0.4,0.4,0.5,0.2
v3225,0.8,0.0,0.8,0.0
v3226,1.0,0.1,0.5,0.0
v3227,0.5,0.8,0.0,0.9
v3228,0.4,0.8,0.2,0.8
v3229,0.0,0.7,0.0,0.8
v3230,0.5,0.3,1.0,0.2
v3231,0.7,0.7,0.3,0.5
v3232,0.0,0.0,0.0,0.0
v3233,0.5,0.6,0.4,0.6
v3234,0.7,0.0,0.8,0.0
v3235,0.5,0.5,0.5,0.5
v3236,0.8,0.5,0.6,0.4
v3237,0.2,1.0,0.9,0.7
v3238,0.7,0.0,1.0,0.0
v3239,0.3,1.0,0.3,1.0
v3240,0.9,0.4,0.5,0.5
v3241,1.0,0.2,0.8,0.0
v3242,0.5,0.3,0.8,0.4
v3243,0.7,0.0,1.0,0.0
v3244,0.5,0.5,0.5,0.5
v3245,0.7,0.3,0.0,0.3
v3246,0.0,0.9,0.0,0.9
v3247,0.9,0.6,0.6,0.6
v3248,0.5,0.5,0.6,0.5
v3249,0.8,0.1,0.8,0.1
v3250,0.0,0.0,0.0,0.0
v3251,0.8,0.8,0.5,0.5
