,A,B,C,D,E,F,G,H,I
v1,0.5,0.5,0.5,0.5,0.5,0.5,0.5,0.5,0.5
v2,0.5,0.5,0.5,0.5,0.5,0.5,0.5,0.5,0.5
v3,0.5,1.0,0.0,0.5,0.5,0.5,0.5,0.5,0.5
v4,0.5,1.0,0.5,0.1,0.1,0.1,0.1,0.1,0.1
v5,0.1,0.0,0.2,0.4,0.0,0.0,0.2,0.3,0.1
v6,0.5,0.5,0.5,0.5,0.5,0.5,0.5,0.5,0.5
v7,0.0,0.7,0.0,,0.3,0.1,,,0.4
v8,0.8,0.5,0.2,0.5,0.5,0.5,0.5,0.5,0.5
v9,0.0,1.0,0.0,0.0,0.6,0.6,0.6,0.5,0.0
v10,0.6,0.3,0.5,0.6,0.5,0.1,0.6,0.2,0.5
v11,0.7,0.4,0.1,0.8,0.4,0.2,0.4,0.5,0.6
v12,0.5,0.5,0.5,0.5,0.5,0.5,0.5,0.5,0.5
v13,0.9,0.5,1.0,0.7,0.2,0.2,0.3,0.4,0.9
v14,0.5,0.8,0.0,0.5,0.5,0.5,0.5,0.5,0.5
v15,0.3,0.3,0.7,0.3,0.2,0.3,0.3,0.3,0.3
v16,0.2,0.7,0.0,0.7,0.7,0.4,0.7,0.2,0.7
v17,0.3,0.8,0.4,0.5,0.6,0.6,0.5,0.5,0.0
v18,0.3,0.8,0.2,0.7,0.3,0.4,0.8,0.3,0.2
v19,0.0,0.9,0.0,0.0,0.3,0.4,0.0,0.1,0.0
v20,0.0,0.7,0.7,0.7,1.0,0.6,0.5,0.7,0.2
v21,0.5,1.0,0.2,,0.5,0.0,,0.5,0.5
v22,0.7,0.5,0.5,0.5,0.4,0.2,0.4,0.5,0.6
v23,,0.3,0.3,0.6,0.3,,,,
v24,0.4,0.5,0.9,0.1,0.1,0.9,0.5,0.1,0.5
v25,0.2,0.9,0.0,0.3,0.0,0.1,0.2,0.2,0.0
v26,0.5,0.5,1.0,0.5,0.5,0.0,0.5,0.5,0.5
v27,0.0,0.8,0.0,0.0,0.5,0.0,0.0,0.0,0.0
v28,0.2,1.0,0.0,0.2,0.2,0.2,0.2,0.2,0.2
v29,0.5,0.5,0.5,0.5,0.5,0.5,0.5,0.5,0.5
v30,0.0,0.9,0.0,0.5,0.6,0.2,0.6,0.0,0.0
v31,0.8,0.5,0.2,0.5,0.5,0.5,0.5,0.5,0.5
v32,0.0,0.8,0.0,0.5,0.8,0.0,0.5,0.5,0.3
v33,0.2,0.9,0.3,0.5,0.5,0.5,0.5,0.3,0.5
v34,0.5,0.8,0.2,0.5,0.5,0.4,0.5,0.5,0.5
v35,0.3,0.7,0.5,0.8,0.7,0.5,0.6,0.4,0.0
v36,0.5,0.6,0.3,0.5,0.5,0.5,0.5,0.5,0.5
v37,0.7,0.1,0.5,1.0,0.0,0.0,0.1,0.4,0.5
v38,0.5,0.5,0.5,0.2,0.5,0.5,0.5,0.5,0.5
v39,0.1,1.0,0.0,,0.3,0.1,,0.4,0.1
v40,0.5,0.5,0.8,0.5,0.5,0.5,0.5,0.5,0.5
v41,0.1,0.5,0.7,0.5,0.5,0.1,0.5,0.1,0.5
v42,0.7,0.4,0.5,0.6,0.3,0.2,0.5,0.5,0.6
v43,0.8,0.2,0.1,0.5,0.1,0.1,0.1,0.2,0.4
v44,1.0,0.2,0.0,0.6,0.1,0.0,0.2,0.1,0.7
v45,0.7,0.8,0.0,0.3,0.6,0.0,0.3,0.3,0.7
v46,0.5,0.5,0.8,0.5,0.5,0.5,0.5,0.5,0.5
v47,0.8,0.3,0.2,0.6,0.1,0.0,0.2,0.2,0.6
v48,0.0,1.0,0.0,0.5,0.3,0.5,1.0,0.5,0.0
v49,0.2,0.1,0.5,0.5,0.2,0.1,0.5,0.5,0.1
v50,1.0,0.5,0.5,0.5,0.5,0.5,0.5,0.5,0.5
v51,0.6,0.2,1.0,0.5,0.0,0.0,0.0,0.0,0.5
v52,0.5,0.5,0.5,0.5,0.5,0.5,0.5,0.5,0.3
v53,0.5,0.6,0.6,0.6,0.4,0.5,0.5,0.5,0.6
v54,0.4,0.5,0.8,0.5,0.7,0.4,0.5,0.5,0.4
v55,0.1,1.0,0.1,0.5,0.2,0.1,0.5,0.5,0.1
v56,0.4,0.5,0.0,0.4,0.4,0.4,0.5,0.4,0.4
v57,0.5,1.0,0.0,0.5,0.6,0.5,0.6,0.6,0.5
v58,0.9,0.4,0.5,0.0,0.0,0.3,0.0,0.4,0.0
v59,0.5,0.5,0.5,0.5,0.5,0.5,0.5,0.5,0.5
v60,0.5,0.5,0.5,0.5,0.5,0.5,0.5,0.5,0.5
v61,0.7,0.7,0.3,0.5,0.6,0.5,0.5,0.5,0.5
v62,0.2,0.3,0.8,0.7,0.1,0.2,0.7,0.3,0.3
v63,0.5,0.5,0.5,0.5,0.5,0.5,0.5,0.5,0.5
v64,0.6,0.3,1.0,0.5,0.2,0.2,0.5,0.5,0.7
v65,1.0,0.3,0.0,0.5,0.2,0.5,0.5,0.5,0.2
v66,0.5,0.5,0.5,0.5,0.5,0.5,0.5,0.5,0.5
v67,0.5,0.5,0.1,0.5,0.5,0.5,0.5,0.5,0.5
v68,0.6,0.6,0.4,0.5,0.6,0.4,0.5,0.7,0.5
v69,0.3,0.1,0.8,0.5,0.3,0.3,0.3,0.5,0.3
v70,0.5,0.5,0.5,0.5,0.5,0.5,0.5,0.5,0.5
v71,0.4,0.4,0.5,0.6,0.2,0.4,0.4,0.3,0.6
v72,0.5,0.7,0.5,0.5,0.5,0.5,0.5,0.5,0.5
v73,0.1,0.9,0.0,,0.5,0.2,,0.5,0.0
v74,0.5,0.8,0.3,0.3,0.5,0.3,0.3,0.4,0.4
v75,0.4,0.2,0.8,0.5,0.5,0.2,0.5,0.5,0.5
v76,0.4,0.9,0.0,0.4,0.6,0.4,0.8,0.5,0.1
v77,0.5,0.8,0.1,0.5,0.5,0.5,0.5,0.5,0.5
v78,0.1,1.0,0.7,0.5,0.6,0.1,0.1,0.9,0.1
v79,0.5,0.5,0.5,0.5,0.5,0.5,0.5,0.5,0.5
v80,1.0,0.1,0.3,0.5,0.0,0.0,0.5,0.5,0.3
v81,0.5,0.9,0.1,,0.4,0.3,,0.6,
v82,0.2,0.8,0.2,0.6,0.2,0.2,0.6,0.2,0.2
v83,0.3,1.0,0.0,0.0,0.7,0.5,0.5,0.5,0.1
v84,0.9,0.6,0.0,0.1,0.6,0.0,0.5,0.1,0.5
v85,,,0.5,,,,,,
v86,0.5,0.5,0.8,0.5,0.5,0.5,0.5,0.5,0.5
v87,0.5,0.5,0.5,0.5,0.5,0.5,0.5,0.8,0.5
v88,0.5,1.0,0.5,0.5,0.5,0.5,0.5,0.5,0.5
v89,0.3,0.5,0.6,0.4,0.5,0.2,0.3,0.3,0.3
v90,0.8,0.7,0.0,0.6,0.1,0.6,0.6,0.4,0.6
v91,0.5,0.5,0.5,0.5,0.5,0.5,0.5,0.5,0.5
v92,0.0,1.0,0.0,0.0,0.5,0.2,0.4,0.2,0.0
v93,0.5,1.0,0.0,0.5,0.9,0.5,0.5,0.5,0.5
v94,1.0,0.9,0.8,0.9,0.8,0.8,0.8,0.8,0.8
v95,0.6,0.5,0.2,0.2,0.2,0.3,0.2,0.2,0.2
v96,0.5,0.5,0.5,0.5,0.5,0.5,0.5,0.5,0.5
v97,0.5,0.5,0.5,0.5,0.2,0.2,0.5,0.5,0.5
v98,0.4,0.8,0.1,0.3,0.3,0.2,0.2,0.5,0.3
v99,0.4,0.4,0.4,0.4,0.4,0.4,0.4,0.4,0.4
v100,0.1,0.7,0.0,0.5,0.8,0.5,0.5,0.5,0.0
v101,0.5,0.5,0.5,0.5,0.5,0.5,0.5,0.5,0.5
v102,0.5,1.0,0.0,0.5,0.5,0.5,0.5,0.5,0.5
v103,0.5,0.5,0.0,0.8,0.7,0.3,0.9,0.5,0.5
v104,0.2,1.0,0.2,0.2,0.2,0.2,0.2,0.2,0.2
v105,0.5,0.8,0.0,,,,,,
v106,0.8,0.7,1.0,0.5,0.7,0.7,0.7,0.8,0.7
v107,0.5,0.5,0.5,0.5,0.5,0.5,0.5,0.5,0.5
v108,0.6,0.6,0.7,0.5,0.6,0.5,0.6,0.5,0.5
v109,0.6,0.8,0.1,0.3,0.6,0.4,0.5,0.5,0.5
v110,0.5,0.5,0.5,0.5,0.5,0.5,0.5,0.5,0.5
v111,0.7,0.5,0.0,0.5,0.3,0.3,0.5,0.5,0.6
v112,0.5,0.4,0.7,0.4,0.5,0.5,0.5,0.5,0.4
v113,0.6,0.9,0.1,0.3,0.2,0.1,0.6,0.4,0.2
v114,0.5,0.5,0.5,0.5,0.5,0.5,0.5,0.5,0.5
v115,0.5,0.5,0.5,0.5,0.5,0.5,0.5,0.5,0.5
v116,0.2,0.1,0.5,,0.1,0.1,,0.1,0.2
v117,0.5,0.5,0.5,0.5,0.5,0.5,0.5,0.5,0.5
v118,0.5,0.5,0.5,0.5,0.5,0.5,0.5,0.5,0.5
v119,0.9,0.2,0.0,0.0,0.0,0.0,0.0,0.0,0.0
v120,0.1,0.7,0.1,0.4,0.6,0.5,0.2,0.5,0.0
v121,0.8,0.3,0.1,0.5,0.3,0.1,0.5,0.2,0.5
v122,0.9,0.6,0.7,0.7,0.5,0.3,0.7,0.5,0.7
v123,0.3,0.3,0.3,,0.4,0.2,0.4,0.4,0.4
v124,0.8,0.5,0.9,0.6,0.5,0.2,0.6,0.2,0.5
v125,0.9,0.3,0.0,0.7,0.1,0.0,0.6,0.7,0.4
v126,0.5,0.5,0.5,0.5,0.5,0.5,0.5,0.5,0.5
v127,0.7,0.4,0.6,0.5,0.2,0.1,0.2,0.3,0.5
v128,0.7,0.5,0.2,0.5,0.8,0.3,0.8,0.5,0.5
v129,0.4,0.5,0.0,0.5,0.6,1.0,0.4,0.6,0.5
v130,0.6,0.6,0.0,0.6,0.6,0.6,0.6,0.6,0.6
v131,0.7,0.2,0.0,0.0,0.0,0.2,0.5,0.5,0.2
v132,0.5,0.6,0.0,0.6,0.6,0.5,0.6,0.6,0.5
v133,0.6,0.6,0.9,0.5,0.5,0.5,0.5,0.5,0.5
v134,0.5,0.7,0.5,0.5,0.5,0.5,0.5,0.5,0.5
v135,0.1,0.8,0.1,0.1,0.4,0.6,0.1,0.1,0.1
v136,0.5,0.5,0.8,0.5,0.5,0.5,0.5,0.5,0.5
v137,0.4,0.7,0.4,0.4,0.4,0.4,0.4,0.4,0.4
v138,0.5,0.8,0.0,0.6,0.6,0.5,0.6,0.6,0.5
v139,0.7,0.4,0.3,0.6,0.5,0.5,0.5,0.6,0.6
v140,0.0,0.9,0.0,0.0,0.6,0.5,0.6,0.6,0.0
v141,0.0,0.5,1.0,0.0,0.5,0.0,0.5,0.3,0.0
v142,0.0,0.2,0.9,0.0,0.0,0.0,0.0,0.0,0.0
v143,0.5,0.5,0.5,0.5,0.5,0.5,0.5,0.5,0.5
v144,0.7,0.5,1.0,0.5,0.3,0.3,0.5,0.5,0.4
v145,0.0,0.9,0.0,0.4,0.2,0.0,0.5,0.1,0.0
v146,0.5,0.8,0.5,0.5,0.5,0.5,0.5,0.5,0.5
v147,0.5,0.5,0.5,0.5,0.5,0.5,0.5,0.5,0.5
v148,0.6,0.4,0.5,0.7,0.4,0.4,0.4,0.5,0.5
v149,0.5,1.0,0.0,0.5,0.5,0.5,0.5,0.5,0.5
v150,0.8,0.5,0.0,0.5,0.5,0.5,0.5,,0.7
v151,0.8,0.0,0.7,0.4,0.0,0.0,0.0,0.0,0.4
v152,0.5,0.5,0.5,0.5,0.5,0.5,0.5,0.5,0.5
v153,0.5,0.5,0.5,0.5,0.5,0.5,0.5,0.5,0.5
v154,0.0,0.5,0.0,0.0,0.2,0.0,0.0,0.0,0.0
v155,0.1,0.4,0.2,0.2,0.5,0.9,0.2,0.2,0.1
v156,0.8,0.5,0.0,0.5,0.5,0.5,0.5,0.5,0.5
v157,0.7,0.5,0.8,0.5,0.5,0.5,0.5,0.5,0.5
v158,0.0,1.0,0.0,0.0,0.6,0.6,0.0,0.6,0.0
v159,0.9,0.4,0.5,0.5,0.2,0.1,0.5,0.5,0.7
v160,0.4,0.4,0.5,0.5,0.3,0.4,0.6,0.6,0.5
v161,0.5,0.9,0.0,0.2,0.8,0.0,0.2,0.4,0.6
v162,0.8,1.0,0.8,0.7,0.7,0.5,0.6,0.7,0.7
v163,0.8,0.3,0.8,0.8,0.2,0.3,0.3,0.3,0.8
v164,0.1,0.1,1.0,0.6,0.2,0.2,0.1,0.4,0.6
v165,0.5,0.5,0.1,0.5,0.5,0.5,0.5,0.5,0.5
v166,0.5,0.5,0.5,0.5,0.5,0.5,0.5,0.5,0.5
v167,0.3,1.0,0.5,0.3,0.5,0.4,0.1,0.1,0.3
v168,0.5,0.7,0.5,0.5,0.4,0.4,0.5,0.5,0.5
v169,0.0,0.4,0.0,0.0,0.5,1.0,0.4,0.3,0.0
v170,0.5,0.5,0.0,,,,,,
v171,0.5,0.6,0.0,0.6,0.6,0.5,0.6,0.6,0.5
v172,0.9,0.6,0.0,,0.0,0.0,,,0.8
v173,0.5,0.5,0.5,0.5,0.5,0.5,0.5,0.8,0.5
v174,0.9,0.5,1.0,0.5,0.4,0.0,0.5,0.5,1.0
v175,0.5,0.5,0.5,0.5,0.5,0.5,0.5,0.5,0.5
v176,0.5,0.5,0.4,,0.5,0.5,,0.2,0.4
v177,0.0,0.0,1.0,0.0,0.0,0.0,0.0,0.0,0.0
v178,0.7,0.7,0.6,0.6,0.6,0.5,0.5,0.5,0.4
v179,0.5,0.4,0.0,0.5,0.6,0.5,0.9,0.6,0.5
v180,0.2,0.7,0.1,0.5,0.6,0.6,0.5,0.6,0.2
v181,0.5,0.5,0.5,0.5,0.5,0.5,0.5,0.5,0.5
v182,0.1,0.8,0.0,0.5,0.7,0.0,0.5,0.5,0.5
v183,0.9,0.4,0.0,0.0,0.0,0.0,0.0,0.7,0.0
v184,0.7,0.7,1.0,0.7,0.5,0.3,0.7,0.3,0.5
v185,0.7,0.2,0.8,0.6,0.3,0.1,0.3,0.2,0.5
v186,0.2,1.0,0.0,0.2,0.5,0.4,0.5,0.5,0.3
v187,0.7,0.6,0.5,0.5,0.5,0.5,0.5,0.5,0.5
v188,0.0,1.0,0.0,0.0,0.6,0.2,0.6,0.4,0.0
v189,0.0,1.0,0.0,0.0,0.0,0.0,0.0,0.0,0.0
v190,0.3,0.5,0.1,0.2,0.2,0.2,0.2,0.2,0.3
v191,0.0,0.0,1.0,0.0,0.0,0.0,0.0,0.0,0.0
v192,0.4,0.4,0.5,0.1,0.1,0.1,0.1,0.1,0.1
v193,0.8,0.7,1.0,0.3,0.2,0.2,0.4,0.4,0.4
v194,0.0,0.0,0.0,0.0,0.0,0.0,0.0,0.0,0.0
v195,0.0,0.8,0.0,0.0,0.2,0.2,0.0,0.0,0.0
v196,0.1,0.5,0.0,0.1,0.8,0.5,0.1,0.1,0.1
v197,0.5,0.5,0.5,0.5,0.5,0.5,0.5,0.5,0.5
v198,0.5,0.5,0.5,0.5,0.5,0.5,0.5,0.5,0.5
v199,0.6,0.6,0.5,0.5,0.3,0.3,0.5,0.5,0.5
v200,0.5,0.4,0.8,0.5,0.8,0.5,0.5,0.8,0.5
v201,0.4,0.5,0.2,0.2,0.7,0.5,,0.5,0.4
v202,0.5,0.5,0.5,0.5,0.5,0.5,0.5,0.5,0.5
v203,0.0,1.0,0.0,,0.2,0.0,,0.5,0.0
v204,0.2,0.8,0.9,0.7,0.1,0.1,0.4,0.2,0.4
v205,0.8,0.2,0.2,0.5,0.2,0.3,0.5,0.5,0.3
v206,0.5,0.5,0.5,0.5,0.5,0.5,0.5,0.5,0.5
v207,0.6,0.6,0.4,0.5,0.5,0.5,0.5,0.5,0.5
v208,0.5,0.7,0.1,0.5,0.8,0.5,0.5,0.5,0.5
v209,0.5,0.8,0.0,0.3,0.5,0.3,0.5,0.4,0.4
v210,0.4,0.6,0.1,0.5,0.5,0.1,0.5,0.5,0.2
v211,0.8,0.5,0.7,0.9,0.2,0.0,0.2,0.6,0.3
v212,0.7,0.7,0.5,0.4,0.6,0.6,0.4,0.4,0.5
v213,0.6,0.6,0.5,0.6,0.5,0.5,0.5,0.5,0.5
v214,0.5,0.9,0.9,0.5,0.3,0.7,0.5,0.4,0.5
v215,0.5,0.5,0.5,0.5,0.5,0.5,0.5,0.5,0.5
v216,0.5,0.7,0.5,0.4,0.4,0.2,0.5,0.5,0.4
v217,0.2,0.2,0.9,0.2,0.2,0.2,0.2,0.2,0.2
v218,0.6,1.0,0.0,0.7,1.0,1.0,1.0,1.0,0.6
v219,0.5,0.5,0.5,0.5,0.5,0.5,0.5,0.5,0.5
v220,0.5,1.0,0.0,,,0.5,,,0.5
v221,0.3,0.1,0.9,0.4,0.1,0.3,0.5,0.5,0.3
v222,0.5,0.5,0.5,0.5,0.5,0.5,0.5,0.5,0.5
v223,0.7,0.6,0.9,,0.2,0.2,,,
v224,0.5,0.5,0.5,0.5,0.5,0.5,0.5,0.5,0.5
v225,0.3,0.9,0.1,0.2,0.4,0.4,0.6,0.5,0.2
v226,0.1,0.9,0.1,0.1,0.1,0.1,0.1,0.1,0.1
v227,0.5,0.5,0.5,0.5,0.5,0.5,0.5,0.5,0.5
v228,0.0,0.0,0.0,0.0,0.7,0.7,0.0,0.0,0.0
v229,0.5,0.6,0.0,0.5,0.3,0.3,0.5,0.5,0.5
v230,0.6,0.6,0.0,0.3,0.0,0.6,0.3,0.5,0.5
v231,0.6,0.8,0.0,0.3,0.6,0.6,0.5,0.5,0.2
v232,0.7,0.9,0.0,0.5,,0.5,0.5,0.5,0.5
v233,0.5,0.5,0.8,0.5,0.5,0.5,0.5,0.5,0.5
v234,0.5,0.5,0.4,0.3,0.3,0.3,0.2,0.3,0.2
v235,0.9,0.1,0.0,0.7,0.0,0.1,0.8,0.2,0.8
v236,0.6,0.5,1.0,0.5,0.3,0.0,,0.6,0.6
v237,0.5,0.5,0.5,0.5,0.5,0.5,0.5,0.5,0.5
v238,0.3,0.3,0.5,0.0,0.3,0.2,0.2,0.2,0.2
v239,0.3,0.5,0.0,0.1,0.8,0.1,0.7,0.6,0.1
v240,0.1,0.9,0.0,0.1,0.4,0.3,0.4,0.4,0.1
v241,0.6,0.6,0.2,0.3,0.2,0.3,0.3,0.3,0.5
v242,0.2,0.1,0.8,0.5,0.2,0.2,0.5,0.2,0.5
v243,0.5,0.5,0.5,0.5,0.5,0.5,0.5,0.5,0.5
v244,0.9,0.0,0.9,0.5,0.0,0.0,0.1,0.2,0.5
v245,0.3,0.1,0.9,0.5,0.2,0.3,0.5,0.5,0.3
v246,0.0,0.7,0.0,0.0,0.5,0.3,0.4,0.4,0.0
v247,0.5,0.3,0.8,0.5,0.3,0.3,0.5,0.5,0.5
v248,0.5,0.7,0.8,0.5,0.5,0.5,0.5,0.7,0.5
v249,0.7,0.6,0.5,0.5,0.5,0.5,0.5,0.5,0.5
v250,0.7,0.5,0.7,0.5,0.5,0.5,0.5,0.5,0.5
v251,0.4,0.6,0.4,0.4,0.5,0.4,0.5,0.3,0.5
v252,0.5,0.5,0.5,0.5,0.5,0.5,0.5,0.5,0.5
v253,0.8,0.6,0.4,0.6,0.3,0.3,0.4,0.6,0.3
v254,0.4,0.8,0.6,0.4,0.8,0.3,0.8,0.8,0.4
v255,0.5,0.5,0.5,0.5,0.5,0.5,0.5,0.5,0.5
v256,0.5,0.5,0.5,0.5,0.5,0.5,0.5,0.5,0.5
v257,0.6,0.8,0.9,0.5,0.7,0.0,0.5,0.5,0.5
v258,0.4,0.8,0.2,0.5,0.5,0.5,0.5,0.5,0.5
v259,0.2,0.8,0.0,0.2,0.5,0.5,0.6,0.5,0.1
v260,0.4,0.9,0.4,0.2,0.3,0.3,0.3,0.4,0.4
v261,0.2,0.8,0.1,0.1,0.6,0.7,0.1,0.5,0.0
v262,0.3,0.8,0.0,0.5,0.4,0.4,0.3,0.4,0.4
v263,0.6,0.0,0.9,0.6,0.0,0.5,0.5,0.5,0.5
v264,0.5,0.5,0.5,0.5,0.5,0.5,0.5,0.5,0.5
v265,0.6,0.6,0.0,0.6,0.6,0.6,0.8,0.5,0.1
v266,0.3,0.1,0.8,0.4,0.0,0.1,0.4,0.4,0.3
v267,0.1,0.4,0.0,,0.8,0.1,,0.3,0.2
v268,0.4,0.1,0.9,0.5,0.0,0.0,0.5,0.5,0.0
v269,0.5,0.9,0.5,0.5,0.8,0.5,0.5,0.6,0.5
v270,0.5,0.5,1.0,0.5,0.5,0.5,0.5,0.5,0.5
v271,0.7,0.7,0.7,0.5,0.7,0.5,0.5,0.5,0.5
v272,0.3,0.6,0.1,0.3,0.3,0.2,0.4,0.5,0.1
v273,1.0,0.9,0.5,0.5,0.0,0.0,0.0,0.0,0.5
v274,0.2,1.0,0.0,0.1,0.6,0.2,0.8,0.5,0.1
v275,0.4,0.7,0.4,0.5,0.3,0.5,0.4,0.4,0.5
v276,0.5,0.5,1.0,0.5,0.5,0.5,0.5,0.5,0.5
v277,0.6,0.6,0.2,0.5,0.5,0.5,0.3,0.5,0.2
v278,0.0,0.5,0.0,0.0,0.5,0.0,0.5,0.3,0.0
v279,0.8,0.5,0.5,0.5,0.5,0.5,0.5,0.5,0.5
v280,0.4,0.7,0.6,0.5,0.2,0.3,,0.6,0.4
v281,0.4,0.4,0.4,0.4,0.1,0.0,0.2,0.4,0.3
v282,0.8,0.6,0.2,0.6,0.6,0.5,0.6,0.6,0.6
v283,0.5,0.5,0.5,0.5,0.5,0.5,0.5,0.5,0.5
v284,0.4,0.5,0.7,,0.5,,0.6,0.3,0.4
v285,0.6,0.6,0.5,0.6,0.5,0.3,0.4,0.5,0.4
v286,0.0,0.8,0.0,0.0,1.0,0.6,0.9,0.7,0.0
v287,0.1,0.8,0.0,0.1,0.5,0.1,0.2,0.0,0.0
v288,0.5,0.5,0.0,0.3,0.4,0.3,0.2,0.1,0.5
v289,0.7,0.7,0.0,0.5,0.5,0.5,0.7,0.7,0.4
v290,0.5,0.5,0.5,0.5,0.5,0.5,0.5,0.5,0.5
v291,0.8,0.5,0.0,0.5,0.5,0.5,0.5,0.5,0.5
v292,0.5,0.8,0.2,0.5,0.5,0.5,0.5,0.5,0.5
v293,0.5,1.0,0.0,0.5,0.6,0.5,0.6,0.6,0.5
v294,0.0,0.8,0.0,0.2,0.5,0.5,0.2,0.3,0.0
v295,0.4,0.8,0.1,0.3,0.2,0.2,0.4,0.3,0.2
v296,0.7,0.0,1.0,,0.1,0.0,,0.5,0.5
v297,1.0,0.4,0.0,0.0,0.2,0.1,0.5,0.3,0.8
v298,0.5,0.5,0.5,0.5,0.5,0.5,0.5,0.5,0.5
v299,0.0,0.7,0.0,,0.5,0.4,0.5,0.5,0.0
v300,0.0,1.0,0.0,0.5,0.5,0.0,0.0,0.7,0.0
v301,0.6,0.6,0.4,0.3,0.2,0.2,0.2,0.2,0.3
v302,0.0,0.0,0.0,0.0,0.0,0.0,0.0,0.0,0.0
v303,0.3,0.6,0.0,0.7,0.7,0.4,0.4,0.6,0.1
v304,0.0,1.0,0.0,0.5,0.0,0.0,0.5,0.5,0.0
v305,0.3,0.3,0.3,0.3,0.3,0.3,0.3,0.3,0.3
v306,0.5,0.1,1.0,0.1,0.1,0.1,0.1,0.1,0.1
v307,0.4,0.6,0.1,0.3,0.4,0.2,0.3,0.3,0.3
v308,0.5,0.5,0.7,0.5,0.5,0.5,0.5,0.5,0.5
v309,0.6,0.4,0.0,0.7,0.3,0.0,0.4,0.3,0.2
v310,0.7,0.8,0.8,0.3,0.1,0.3,0.3,0.0,0.3
v311,0.5,0.5,0.5,0.5,0.5,0.5,0.5,0.5,0.5
v312,0.0,0.9,0.0,0.0,0.5,0.0,0.0,0.0,0.0
v313,0.7,0.5,0.2,0.6,0.0,0.0,0.2,0.4,0.7
v314,0.3,0.5,0.7,0.3,0.3,0.3,0.3,0.3,0.1
v315,0.8,0.3,1.0,0.6,0.4,0.1,0.5,0.4,0.6
v316,0.0,0.6,0.0,0.2,0.3,0.1,0.1,,0.3
v317,0.7,0.2,0.2,0.6,0.1,0.0,0.4,0.4,0.1
v318,0.7,0.3,0.1,0.1,0.1,0.1,0.3,0.1,0.7
v319,0.6,0.6,0.0,0.6,0.6,0.6,0.8,0.6,0.6
v320,0.7,0.5,0.1,0.5,0.5,0.4,0.5,0.5,0.5
v321,0.5,0.5,0.9,0.5,0.5,0.5,0.5,0.5,0.5
v322,1.0,0.4,1.0,0.5,0.2,0.3,0.5,0.2,0.4
v323,0.5,0.8,0.1,0.5,0.6,0.6,0.5,0.5,0.5
v324,0.4,0.9,0.9,,0.3,0.0,0.1,0.3,0.4
v325,0.2,,0.5,0.2,0.5,0.5,0.2,0.8,0.0
v326,0.4,0.9,0.0,0.1,0.3,0.1,0.6,0.4,0.2
v327,0.0,0.6,0.8,0.0,0.5,0.2,0.5,0.5,0.0
v328,0.5,0.7,0.5,0.5,0.5,0.5,0.5,0.5,0.5
v329,0.4,0.7,1.0,0.4,0.3,0.1,0.5,0.4,0.4
v330,0.5,0.5,0.5,0.5,0.5,0.5,0.5,0.5,0.5
v331,1.0,0.2,0.4,0.5,0.1,0.2,0.4,0.4,0.2
v332,0.0,0.0,0.0,0.0,0.0,0.0,0.0,1.0,0.0
v333,0.4,0.8,0.1,0.5,0.5,0.4,0.5,0.5,0.2
v334,0.5,0.5,0.5,0.5,0.5,0.5,0.5,0.5,0.5
v335,0.7,0.6,0.3,0.7,0.7,0.4,0.6,0.5,0.4
v336,0.0,0.5,0.6,0.3,0.0,0.1,0.5,0.3,0.0
v337,0.5,0.5,1.0,0.5,0.5,0.2,0.7,0.5,0.3
v338,0.7,0.8,0.3,0.5,0.5,0.5,0.5,0.5,0.4
v339,0.2,0.0,0.0,1.0,0.0,0.0,0.0,0.0,0.3
v340,0.8,0.4,0.6,0.9,0.2,0.2,0.4,0.7,0.7
v341,0.9,0.3,0.1,0.6,0.1,0.3,0.2,0.4,0.5
v342,0.0,0.0,0.8,0.0,0.0,0.0,0.0,0.0,0.0
v343,0.8,0.6,0.6,0.6,0.4,0.5,0.6,0.5,0.6
v344,0.6,0.8,0.6,0.6,0.8,0.6,0.7,0.6,0.6
v345,0.5,0.5,0.5,0.5,0.5,0.5,0.5,0.5,0.5
v346,0.2,0.4,0.4,,,,,0.4,0.3
v347,0.5,0.8,0.1,0.6,0.6,0.6,0.5,0.5,0.5
v348,0.4,0.4,0.6,0.5,0.6,0.6,0.5,0.5,0.2
v349,0.5,0.5,0.5,0.5,0.5,0.5,0.5,0.5,0.5
v350,0.7,0.7,0.5,0.5,0.5,0.5,0.5,0.5,0.5
v351,0.2,0.7,0.2,0.5,0.6,0.6,,0.1,0.2
v352,0.4,0.4,0.6,0.5,0.4,0.2,0.4,0.9,0.2
v353,0.2,0.9,0.5,0.3,1.0,0.5,0.2,0.5,0.1
v354,0.0,0.5,0.0,0.0,0.5,1.0,0.5,0.5,0.0
v355,0.4,0.6,0.0,0.4,0.6,0.2,0.6,0.5,0.5
v356,0.8,0.6,0.6,0.5,0.4,0.5,0.4,0.5,0.6
v357,0.6,0.7,1.0,0.5,0.4,0.6,0.2,0.5,0.0
v358,0.3,0.8,0.0,0.3,0.5,0.3,0.5,0.6,0.3
v359,0.5,0.5,0.5,0.5,0.5,0.5,0.5,0.5,0.5
v360,0.9,0.7,0.7,0.9,0.4,0.4,0.6,0.3,0.0
v361,0.7,0.6,0.8,0.7,0.5,0.1,0.3,0.1,0.2
v362,0.4,0.7,0.2,0.5,0.5,0.5,0.5,0.5,0.4
v363,0.5,0.5,0.5,0.5,0.5,0.5,0.5,0.5,0.5
v364,0.6,0.6,0.5,0.5,0.5,0.6,0.5,0.5,0.6
v365,0.1,0.1,0.1,0.1,0.1,0.1,0.1,0.1,0.1
v366,0.5,0.5,0.4,0.2,0.3,0.2,0.3,0.3,0.3
v367,0.5,0.5,0.5,0.5,0.5,0.5,0.5,0.5,0.5
v368,0.5,0.5,0.5,0.5,0.5,0.5,0.5,0.5,0.5
v369,0.6,0.6,0.0,0.5,0.7,0.3,0.5,0.5,0.5
v370,0.0,0.0,1.0,0.0,0.0,0.0,0.0,0.0,0.0
v371,0.6,0.6,0.1,0.3,0.6,0.5,0.6,0.4,0.0
v372,0.2,0.7,0.2,0.5,0.5,0.2,0.2,0.5,0.2
v373,0.6,0.2,1.0,0.5,0.0,0.0,0.0,0.5,0.2
v374,0.6,0.6,0.6,0.5,0.5,0.5,0.5,0.5,0.5
v375,0.0,0.8,0.0,0.0,0.4,0.0,0.0,0.0,0.0
v376,0.0,0.0,0.0,0.0,0.0,0.0,0.0,0.0,0.0
v377,0.5,0.9,0.6,0.5,0.5,0.5,0.5,0.5,0.5
v378,0.7,0.5,0.5,0.6,0.5,0.3,0.3,0.5,0.6
v379,0.9,0.8,1.0,0.5,0.2,0.2,0.5,0.3,0.9
v380,0.4,0.3,0.7,,0.3,0.2,,0.2,0.2
v381,0.7,0.5,0.8,0.6,0.5,0.5,0.5,0.5,0.6
v382,0.0,0.6,0.0,0.3,0.4,0.0,0.5,0.1,0.1
v383,0.8,0.4,0.5,0.6,0.4,0.4,0.5,0.4,0.6
v384,0.4,0.8,0.0,0.4,0.5,0.3,0.3,0.6,0.2
v385,0.6,0.9,0.0,0.2,0.6,0.2,0.5,0.8,0.6
v386,0.5,0.5,0.5,0.5,0.5,0.5,0.5,0.5,0.5
v387,0.2,0.6,0.2,0.5,0.6,0.2,0.5,0.6,0.4
v388,0.6,0.6,0.6,0.8,0.4,0.5,0.5,0.5,0.5
v389,1.0,0.5,0.5,0.0,0.0,0.0,0.1,0.0,0.5
v390,0.6,1.0,0.0,0.6,0.8,0.5,0.8,0.8,0.2
v391,0.5,0.5,0.5,0.5,0.5,0.5,0.5,0.5,0.5
v392,0.5,0.8,0.0,0.4,0.5,0.8,0.2,0.0,0.0
v393,0.5,0.5,0.5,0.5,0.5,0.5,0.5,0.5,0.5
v394,0.6,0.6,0.1,0.5,0.5,0.5,0.5,0.6,0.5
v395,0.6,0.6,0.6,0.6,0.6,0.6,0.6,0.6,0.6
v396,0.9,0.5,0.6,0.8,0.2,0.0,0.5,0.5,0.6
v397,0.5,0.6,0.1,0.5,0.6,0.1,0.5,0.3,0.3
v398,0.5,0.7,0.1,0.5,0.1,0.1,0.5,0.5,0.5
v399,0.5,0.5,0.5,0.5,0.5,0.5,0.8,0.5,0.5
v400,0.8,0.5,0.5,0.7,0.2,0.3,,0.7,0.5
v401,0.3,0.6,0.2,0.4,0.5,0.4,0.3,0.8,0.3
v402,0.7,0.6,0.0,0.5,0.5,0.1,0.5,0.5,0.5
v403,0.5,0.4,1.0,0.7,0.0,0.0,0.5,0.9,0.8
v404,0.5,0.5,0.5,0.5,0.5,0.5,0.5,0.5,0.5
v405,0.6,0.5,0.3,,0.5,0.4,,0.5,0.5
v406,0.6,0.3,0.8,0.2,0.4,0.3,0.3,0.1,0.3
v407,0.5,1.0,0.2,0.5,0.5,0.5,0.5,0.5,0.5
v408,0.5,0.5,0.5,0.5,0.5,0.5,0.5,0.5,0.5
v409,0.9,0.3,0.9,0.5,0.1,0.0,0.5,0.3,1.0
v410,0.2,0.3,0.1,0.2,0.2,0.2,0.2,0.2,0.2
v411,0.5,0.5,0.5,0.5,0.5,0.5,0.5,0.5,0.5
v412,0.5,0.5,0.5,0.5,0.5,0.5,0.5,0.5,0.5
v413,0.4,0.7,0.5,0.2,0.2,0.2,0.5,0.5,0.3
v414,0.8,0.4,0.7,0.8,0.4,0.3,0.6,0.6,0.3
v415,0.5,0.5,0.5,0.5,0.5,0.5,0.5,0.5,0.5
v416,0.5,0.5,0.5,0.5,0.5,0.5,0.5,0.5,0.5
v417,0.0,0.6,0.0,0.0,0.0,0.0,0.0,0.0,0.0
v418,0.3,0.7,0.4,0.3,0.3,0.2,0.3,0.3,0.2
v419,0.9,0.5,0.0,,0.0,0.5,,,0.5
v420,1.0,0.0,0.5,0.5,0.0,0.8,0.5,1.0,0.5
v421,0.7,0.5,1.0,0.5,0.2,0.2,0.8,0.5,0.5
v422,0.2,0.5,0.5,0.1,0.4,0.3,0.3,,0.2
v423,0.7,0.3,1.0,0.4,0.1,0.1,0.3,0.6,0.7
v424,0.0,0.8,0.5,0.0,0.0,0.0,0.5,0.0,0.5
v425,0.5,0.0,0.5,0.5,0.5,0.0,0.0,0.5,0.5
v426,0.5,0.8,0.2,0.5,0.6,0.5,0.5,0.5,0.5
v427,0.4,0.8,0.6,,0.6,0.4,,0.6,0.4
v428,0.0,0.0,1.0,0.0,0.0,0.0,0.0,0.0,0.0
v429,1.0,0.3,0.1,0.3,0.3,0.1,0.2,0.1,0.4
v430,0.6,0.2,0.2,0.2,0.2,0.2,0.2,0.2,0.5
v431,0.5,0.5,0.0,0.9,0.0,0.5,0.5,0.8,0.5
v432,0.7,0.5,0.2,0.1,0.1,0.1,0.1,0.1,0.1
v433,0.5,0.8,0.6,,0.1,0.5,,0.6,0.4
v434,0.5,1.0,0.0,0.5,0.6,0.6,0.6,0.5,0.4
v435,0.5,0.0,0.0,0.4,0.7,0.0,0.2,0.0,0.2
v436,0.0,0.8,0.0,0.0,0.8,,0.8,0.8,
v437,0.9,0.5,0.1,0.7,0.4,0.2,0.1,0.1,0.6
v438,0.6,0.6,0.0,0.6,0.8,0.5,0.6,0.6,0.6
v439,0.5,0.5,0.5,0.5,0.5,0.5,0.5,0.5,0.5
v440,0.5,0.5,0.5,0.5,0.5,0.5,0.5,0.5,0.5
v441,0.3,0.1,0.6,0.4,0.3,0.4,0.4,0.4,0.3
v442,0.8,0.5,0.7,0.5,0.4,0.2,0.5,0.4,0.5
v443,0.5,0.5,0.5,0.5,0.5,0.5,0.5,0.5,0.5
v444,0.5,0.8,0.2,0.5,0.7,0.5,0.5,0.5,0.5
v445,0.5,0.6,0.0,0.5,0.6,0.5,0.6,0.6,0.5
v446,0.5,0.8,0.0,0.3,0.5,0.2,0.4,0.0,0.0
v447,0.5,0.5,0.0,,0.3,0.3,0.5,0.5,0.0
v448,0.7,1.0,0.5,0.5,0.5,0.5,0.5,0.5,0.5
v449,0.5,0.4,0.4,0.5,0.5,0.5,0.5,0.6,0.4
v450,0.2,0.9,0.1,0.2,0.3,0.2,0.5,0.6,0.1
v451,0.7,0.7,0.0,0.5,0.8,0.8,0.5,0.5,0.5
v452,0.6,0.4,0.8,0.5,0.2,0.3,0.5,0.5,0.5
v453,0.2,0.5,0.1,0.2,0.3,0.2,1.0,0.3,0.2
v454,0.6,0.6,0.6,0.4,0.4,0.4,0.4,0.4,0.4
v455,0.1,0.9,0.1,0.1,0.6,0.7,0.6,0.5,0.0
v456,0.5,0.5,0.6,0.5,0.5,0.5,0.5,0.5,0.5
v457,0.6,0.5,0.9,0.5,0.4,0.3,0.4,0.5,0.2
v458,0.5,0.9,0.0,0.3,0.6,0.4,0.6,0.5,0.4
v459,0.4,0.6,0.1,0.4,0.6,0.4,0.8,0.4,0.4
v460,0.5,0.8,0.0,0.5,0.8,0.5,0.5,0.6,0.5
v461,0.2,0.5,0.0,0.0,0.1,0.2,0.0,0.9,0.0
v462,0.6,0.6,0.0,0.5,0.6,0.0,0.5,0.7,0.0
v463,0.5,0.5,0.5,0.5,0.5,0.5,0.5,0.5,0.5
v464,0.5,0.8,0.0,,0.3,0.2,0.1,0.2,0.7
v465,0.5,0.5,0.5,0.5,0.5,0.5,0.5,0.5,0.5
v466,0.0,0.2,0.0,0.0,0.2,,,,0.0
v467,0.7,0.6,0.6,0.6,0.5,0.5,0.5,0.5,0.6
v468,0.5,0.5,0.5,0.5,0.5,0.5,0.5,0.2,0.5
v469,0.2,0.4,0.2,0.2,0.2,0.2,0.2,0.2,0.2
v470,0.7,0.0,1.0,0.5,0.0,0.0,0.5,0.5,0.5
v471,0.5,0.5,0.5,0.5,0.5,0.5,0.5,0.5,0.5
v472,0.4,0.7,0.5,0.4,0.5,0.4,0.7,1.0,0.3
v473,0.3,0.5,0.1,0.3,0.5,0.2,0.5,0.8,0.3
v474,0.6,0.6,0.0,0.5,0.1,0.1,0.5,0.5,0.5
v475,0.5,0.3,0.2,0.3,0.2,0.2,0.2,0.5,0.5
v476,0.9,0.7,0.2,0.8,0.2,0.2,0.2,0.2,0.2
v477,0.4,0.4,1.0,0.2,0.4,0.2,0.5,0.3,0.3
v478,0.2,0.9,0.0,0.6,1.0,0.7,0.7,0.8,0.2
v479,0.0,0.0,1.0,0.0,0.0,0.0,0.0,0.0,0.0
v480,0.6,0.5,0.8,0.6,0.4,0.7,,0.4,0.6
v481,0.5,0.8,0.0,0.5,0.7,0.1,0.5,0.5,0.5
v482,0.8,0.6,0.0,0.6,0.6,0.6,0.6,0.6,0.7
v483,0.6,0.2,0.1,0.5,0.0,0.1,0.1,0.5,0.5
v484,0.9,0.3,0.0,0.0,0.2,0.3,0.0,0.0,0.6
v485,1.0,0.2,0.0,0.5,0.5,,0.4,0.5,0.5
v486,0.5,0.5,0.5,0.5,0.5,0.5,0.5,0.5,0.5
v487,0.2,0.3,0.5,0.5,0.5,0.7,0.5,0.5,0.5
v488,0.6,0.2,0.5,0.8,0.0,0.0,0.5,0.3,0.5
v489,0.5,0.5,0.6,0.5,0.6,0.3,0.5,0.9,0.5
v490,0.8,0.8,0.2,0.0,0.0,0.2,0.0,0.0,0.5
v491,0.5,0.5,0.5,0.5,0.5,0.5,0.5,0.5,0.5
v492,0.0,0.5,1.0,0.7,0.5,0.0,,0.6,0.1
v493,0.6,0.5,0.0,0.6,0.8,0.6,0.6,0.6,0.6
v494,0.4,0.6,0.3,0.5,0.2,0.2,0.5,0.5,0.4
v495,0.0,0.4,0.8,0.5,0.2,0.2,0.5,0.5,0.0
v496,0.5,0.8,0.0,0.0,0.5,0.0,0.0,0.0,0.0
v497,0.9,0.3,0.5,0.5,0.2,0.3,0.5,0.5,0.2
v498,0.1,0.8,0.0,0.0,0.1,0.0,0.0,0.0,0.0
v499,0.6,0.8,0.1,0.4,0.3,0.1,0.5,0.4,0.3
v500,0.5,0.5,0.5,0.5,0.5,0.5,0.5,0.5,0.5
v501,0.6,0.8,0.6,0.4,0.5,0.5,0.4,0.4,0.2
v502,0.6,0.8,0.0,0.6,0.6,0.6,0.6,0.6,0.6
v503,0.5,0.5,0.5,0.5,0.5,0.5,0.5,0.5,0.5
v504,0.7,0.0,0.5,0.6,0.0,0.2,0.0,0.0,0.7
v505,0.4,0.7,0.2,0.5,0.5,0.2,0.5,0.5,0.3
v506,0.6,0.0,1.0,0.5,0.0,0.0,0.0,0.5,0.5
v507,0.5,0.6,0.8,0.5,0.5,0.5,0.5,0.5,0.7
v508,0.0,0.0,0.0,0.0,0.6,1.0,0.2,0.5,0.0
v509,0.8,0.5,0.5,0.5,0.5,0.6,0.7,0.5,0.6
v510,0.7,0.7,0.4,0.6,0.5,0.4,0.6,0.5,0.2
v511,0.9,0.7,0.3,0.6,0.7,0.5,0.6,0.4,0.6
v512,0.6,0.6,0.5,0.5,0.5,0.5,0.5,0.5,0.5
v513,0.5,1.0,0.6,0.5,0.7,0.2,0.5,0.5,0.5
v514,0.5,0.8,0.0,0.2,0.5,0.5,0.2,0.6,0.5
v515,0.5,0.5,0.5,0.5,0.5,0.5,0.5,0.5,0.5
v516,0.5,1.0,0.0,0.0,0.0,0.0,0.0,0.0,0.0
v517,0.5,0.5,0.5,0.5,0.5,0.5,0.5,0.5,0.5
v518,0.0,0.0,0.6,0.0,0.6,0.5,0.0,0.5,0.0
v519,0.5,0.5,0.5,0.5,0.5,0.5,0.5,0.5,0.5
v520,0.5,0.0,0.5,0.5,0.8,0.5,0.5,0.0,0.1
v521,0.7,0.6,0.0,0.6,0.6,0.6,0.6,0.6,0.6
v522,0.5,0.5,0.5,0.5,0.5,0.5,0.5,0.5,0.5
v523,0.3,0.3,0.9,0.2,0.2,0.0,0.2,0.2,0.2
v524,0.4,0.6,0.0,0.5,0.0,0.0,0.5,0.6,0.0
v525,0.6,0.7,0.0,0.2,0.7,0.6,0.5,0.5,0.5
v526,0.6,0.5,0.9,0.1,0.2,0.1,0.3,0.3,0.3
v527,0.4,0.7,0.5,,0.3,0.1,,0.5,0.4
v528,0.7,0.5,0.0,0.8,0.0,0.0,0.2,0.5,0.5
v529,0.3,0.8,0.0,0.4,0.5,0.5,0.7,0.5,0.1
v530,0.7,0.5,0.0,0.1,0.1,0.1,0.1,0.2,0.3
v531,0.5,0.5,0.5,0.5,0.5,0.5,0.5,0.5,0.5
v532,0.5,0.4,0.5,0.2,0.2,0.2,0.3,0.2,0.4
v533,0.3,0.8,0.5,0.2,0.7,0.5,0.3,0.7,0.1
v534,0.5,1.0,0.5,0.5,0.5,0.5,0.5,0.5,0.5
v535,0.2,1.0,0.5,0.1,0.3,0.1,0.4,0.1,0.1
v536,0.5,0.5,0.5,0.5,0.5,0.5,0.5,0.5,0.5
v537,0.7,0.2,0.8,,0.2,0.1,,0.3,0.6
v538,0.5,0.7,0.4,0.6,0.5,0.4,0.4,0.4,0.5
v539,0.5,0.5,0.2,0.3,0.2,0.3,0.3,0.4,0.3
v540,0.5,0.5,0.5,0.5,0.5,0.5,0.5,0.5,0.5
v541,0.5,0.4,0.9,0.4,0.4,0.4,0.4,0.4,0.4
v542,0.7,0.3,0.1,0.2,0.3,0.3,0.2,0.5,0.7
v543,0.7,0.8,0.7,0.5,0.5,0.5,0.5,0.5,0.5
v544,0.5,0.9,0.6,0.5,0.5,0.0,0.6,0.6,0.3
v545,0.3,0.9,0.0,0.3,0.5,0.3,0.5,0.3,0.3
v546,0.6,0.3,0.8,,0.2,,,0.5,
v547,,0.9,0.0,,0.4,,,0.5,
v548,0.5,0.8,0.2,0.5,0.6,0.3,0.5,0.5,0.5
v549,0.0,0.9,0.2,0.7,0.7,0.0,0.7,0.0,0.2
v550,0.5,0.5,0.5,0.5,0.5,0.5,0.5,0.5,0.5
v551,0.1,0.1,0.9,0.5,0.5,0.5,0.5,0.5,0.1
v552,0.2,0.9,0.0,0.5,0.7,0.2,0.5,0.5,0.5
v553,0.6,0.1,0.1,0.9,0.0,0.0,0.1,0.3,0.5
v554,0.8,0.6,0.1,0.3,0.5,0.4,0.1,0.1,0.6
v555,0.5,0.5,0.5,0.5,0.5,0.5,0.5,0.5,0.5
v556,0.3,0.4,1.0,0.3,0.7,0.2,0.3,0.3,0.2
v557,0.6,0.4,0.6,0.5,0.2,0.3,,0.2,0.5
v558,0.5,0.5,0.5,0.5,0.5,0.5,0.5,0.5,0.5
v559,0.8,0.5,0.2,0.6,0.4,0.4,0.4,0.5,0.6
v560,0.7,0.5,0.2,0.6,0.5,0.4,0.4,0.5,0.5
v561,0.5,0.2,0.5,0.5,0.5,0.5,0.5,0.5,0.5
v562,0.6,0.2,0.8,0.3,0.3,0.3,0.3,0.3,0.5
v563,0.5,0.8,0.1,0.3,0.5,0.2,0.4,0.4,0.4
v564,0.4,0.5,0.8,0.8,0.5,0.5,0.4,0.5,0.5
v565,0.5,0.5,0.5,0.5,0.5,0.5,0.5,0.6,0.5
v566,0.5,0.5,0.5,0.5,0.5,0.5,0.5,0.5,0.5
v567,0.5,0.4,0.9,0.6,0.3,0.1,0.3,0.2,0.0
v568,0.6,0.1,0.4,0.8,0.1,0.1,0.4,0.2,0.6
v569,0.1,1.0,0.0,0.1,0.8,0.5,0.6,0.5,0.3
v570,0.6,0.6,0.5,0.6,0.6,0.3,0.6,0.3,0.4
v571,0.4,0.5,0.1,0.3,0.4,0.4,0.5,0.5,0.2
v572,0.5,0.6,0.8,0.5,0.5,0.5,0.5,0.5,0.5
v573,0.6,0.6,0.1,0.5,0.5,0.5,0.5,0.5,0.5
v574,0.5,0.0,0.9,0.5,0.0,0.0,0.0,0.9,0.0
v575,0.0,0.1,0.0,0.8,0.8,0.9,0.1,0.5,0.2
v576,0.0,0.0,0.0,0.0,0.0,0.0,0.0,0.0,0.0
v577,0.8,0.6,0.7,0.5,0.3,0.4,0.5,0.4,0.5
v578,0.5,0.7,0.5,0.5,0.5,0.5,0.5,0.5,0.5
v579,0.6,0.4,0.3,0.5,0.3,0.3,0.5,0.5,0.5
v580,0.5,0.7,0.5,0.5,0.5,0.5,0.5,0.5,0.5
v581,0.5,0.7,0.5,0.5,0.5,0.5,0.5,0.5,0.5
v582,0.5,0.5,0.2,0.5,0.5,0.2,0.5,0.5,0.5
v583,0.5,0.5,0.6,0.5,0.5,0.4,0.4,0.5,0.5
v584,0.5,0.7,0.2,0.5,0.6,0.5,0.5,0.6,0.5
v585,0.6,0.5,0.6,0.8,0.4,0.5,0.5,0.5,0.6
v586,0.5,0.5,0.5,0.5,0.5,0.5,0.5,0.5,0.5
v587,0.8,0.6,0.2,0.5,0.4,0.0,0.4,0.4,0.5
v588,0.9,0.3,0.1,0.8,0.5,0.1,0.4,0.2,0.8
v589,0.9,0.3,0.0,0.3,0.3,0.0,0.5,0.5,0.3
v590,0.5,0.6,0.3,0.5,0.6,0.5,0.5,0.5,0.5
v591,0.6,0.8,0.1,0.6,0.6,0.6,0.6,0.6,0.5
v592,0.4,0.3,0.6,0.3,0.3,0.1,0.3,0.3,0.1
v593,0.0,0.9,0.0,0.0,0.3,0.0,0.0,0.0,0.0
v594,0.6,0.7,0.0,0.4,0.2,0.0,0.4,0.4,0.6
v595,0.6,0.8,0.0,0.0,0.0,0.0,0.0,0.5,0.5
v596,0.1,0.8,0.0,0.2,0.6,0.0,0.2,0.3,0.1
v597,0.0,0.9,0.0,0.5,0.5,1.0,0.5,1.0,0.5
v598,0.2,0.4,0.2,0.2,0.2,0.2,0.2,0.2,0.2
v599,0.6,0.6,0.6,0.5,0.5,0.5,0.5,0.5,0.5
v600,0.5,0.5,0.5,0.5,0.5,0.5,0.5,0.5,0.5
v601,0.3,0.5,0.0,0.0,0.5,0.8,0.0,0.0,0.1
v602,0.5,0.5,1.0,0.5,0.5,0.5,0.5,0.5,0.5
v603,0.8,0.0,0.6,1.0,0.0,0.0,0.0,0.0,0.7
v604,0.5,1.0,0.5,0.3,0.5,0.4,0.1,0.3,0.2
v605,0.5,0.7,0.1,0.5,0.1,0.1,0.5,0.2,0.5
v606,0.2,0.4,0.9,0.2,0.2,0.3,0.3,0.3,0.2
v607,0.7,0.2,0.5,0.5,0.3,0.1,0.5,0.2,0.5
v608,0.3,0.3,0.9,0.7,0.3,0.4,0.5,0.0,0.0
v609,0.5,0.5,0.5,0.5,0.5,0.5,0.5,0.5,0.5
v610,0.5,0.5,0.5,0.5,0.5,0.9,0.5,0.5,0.5
v611,0.2,0.5,0.9,0.6,0.1,0.1,0.6,0.1,0.1
v612,0.5,0.5,0.9,0.2,0.8,0.8,0.2,0.2,0.5
v613,0.4,0.6,0.0,0.6,0.5,0.4,0.0,0.0,0.5
v614,0.5,0.5,0.5,0.5,0.5,0.5,0.5,0.5,0.5
v615,0.5,0.4,0.4,0.5,0.5,0.5,0.5,0.5,0.3
v616,0.5,0.7,0.2,0.4,0.5,0.1,0.6,0.5,0.3
v617,0.0,0.0,0.0,0.0,0.0,0.0,0.0,0.0,0.0
v618,0.5,0.5,0.7,0.5,0.5,0.5,0.5,0.5,0.5
v619,0.2,0.0,1.0,0.0,0.0,0.0,0.0,0.0,0.1
v620,0.5,0.5,1.0,0.5,1.0,0.5,0.5,0.5,0.5
v621,0.5,0.5,0.5,0.5,0.5,0.5,0.5,0.5,0.5
v622,1.0,0.5,0.0,0.0,0.0,0.5,0.5,0.5,0.8
v623,0.0,0.2,0.0,0.0,1.0,1.0,0.1,0.2,0.0
v624,0.5,0.5,0.5,0.5,0.5,0.5,0.5,0.5,0.5
v625,0.5,0.4,0.4,0.3,0.3,0.3,0.3,0.3,0.3
v626,0.3,0.1,0.3,0.4,0.1,0.3,0.1,0.3,0.2
v627,0.1,1.0,0.0,0.1,0.1,0.1,0.1,0.1,0.1
v628,0.6,0.5,0.0,0.5,0.4,0.2,0.9,0.5,0.6
v629,0.7,0.2,0.7,0.5,0.1,0.1,,,0.5
v630,1.0,0.2,0.2,0.6,0.0,0.0,0.0,0.0,0.6
v631,0.4,0.5,1.0,0.3,0.3,0.4,0.1,0.2,0.2
v632,0.2,0.3,0.0,0.3,0.8,0.3,1.0,0.3,0.0
v633,0.6,0.3,0.6,0.3,0.1,0.0,0.0,0.1,0.6
v634,0.1,0.8,0.0,0.1,0.1,0.1,0.1,0.1,0.1
v635,0.3,0.8,0.4,0.3,0.3,0.3,0.3,0.3,0.3
v636,0.6,0.4,0.6,0.6,0.2,0.0,0.4,0.4,0.6
v637,0.4,0.7,0.2,0.5,0.6,0.0,0.5,0.8,0.5
v638,0.2,0.2,0.2,0.2,0.2,0.2,0.2,0.2,0.7
v639,0.0,0.0,0.0,0.0,0.0,0.0,0.0,0.0,1.0
v640,0.9,0.9,0.6,,,0.0,,,0.9
v641,0.6,0.6,0.5,0.5,0.5,0.5,0.5,0.5,0.5
v642,0.2,0.8,0.0,0.5,0.7,0.1,0.5,0.5,0.4
v643,0.8,0.8,0.0,0.9,0.7,0.4,0.6,0.6,0.5
v644,0.5,0.5,0.5,0.5,0.5,0.5,0.5,0.5,0.5
v645,0.6,0.0,0.9,0.3,0.1,0.0,0.3,0.4,0.3
v646,0.9,0.5,0.2,0.7,0.5,0.3,0.5,0.5,0.7
v647,0.0,1.0,0.0,0.0,0.0,0.1,0.0,0.1,0.0
v648,0.5,0.5,0.5,0.5,0.5,0.5,0.5,0.5,0.5
v649,0.5,0.5,0.5,0.5,0.5,0.5,0.5,0.5,0.5
v650,0.4,0.9,0.3,0.5,0.3,0.1,0.5,0.5,0.5
v651,0.5,0.5,0.5,0.5,0.5,0.5,0.5,0.5,0.5
v652,0.0,0.0,0.0,0.0,0.0,1.0,0.0,0.0,0.0
v653,1.0,0.0,0.2,0.5,0.1,0.0,0.0,0.0,0.5
v654,0.5,1.0,0.5,,0.5,0.5,,0.5,0.5
v655,0.0,0.7,0.0,0.0,0.3,0.0,0.5,0.5,0.0
v656,0.5,0.5,0.5,,0.4,0.4,0.5,0.5,0.4
v657,0.5,0.5,0.5,0.5,0.5,0.5,0.5,0.5,0.5
v658,0.8,0.5,0.8,0.5,0.0,0.0,0.6,0.3,0.7
v659,0.5,,0.5,0.5,0.5,0.5,0.5,0.5,0.5
v660,1.0,0.4,0.0,0.4,0.4,0.0,0.5,0.1,0.0
v661,0.5,0.5,0.0,0.5,0.4,0.4,0.5,0.0,0.5
v662,0.2,0.0,1.0,0.6,0.0,0.0,0.2,0.2,0.3
v663,0.2,0.0,1.0,0.5,0.0,0.0,0.0,0.0,0.2
v664,0.5,0.5,0.5,0.5,0.6,0.6,0.5,0.5,0.6
v665,0.5,0.5,0.0,0.3,0.3,0.3,0.3,0.3,0.3
v666,0.1,0.0,0.6,0.1,0.1,0.0,0.1,0.1,0.0
v667,0.5,0.5,0.8,0.5,0.5,0.5,0.5,0.5,0.5
v668,0.0,0.0,0.0,0.0,0.0,0.0,0.0,0.0,0.0
v669,0.5,0.7,0.0,0.1,0.6,0.5,1.0,0.5,0.5
v670,0.1,1.0,0.0,0.1,0.6,0.6,0.5,0.5,0.1
v671,0.4,0.5,0.3,0.5,0.5,0.5,0.4,0.5,0.3
v672,0.5,0.5,1.0,0.6,0.6,0.6,0.6,0.6,0.5
v673,0.6,0.1,0.6,0.3,0.2,0.1,0.2,0.4,0.4
v674,0.5,0.4,0.5,0.5,0.4,0.4,0.5,0.5,0.4
v675,0.2,0.8,0.6,,0.2,0.0,,0.2,0.0
v676,0.2,0.8,0.0,0.3,0.2,0.2,0.3,0.2,0.2
v677,0.5,0.8,0.3,0.5,0.5,0.5,0.5,0.5,0.5
v678,0.8,0.5,0.5,0.5,0.5,0.5,0.5,0.5,0.5
v679,0.7,0.7,0.0,0.5,0.5,0.5,0.5,0.5,0.5
v680,0.6,0.6,0.0,0.1,0.4,0.1,0.2,0.2,0.3
v681,0.7,0.8,1.0,0.5,0.5,0.7,0.5,0.5,1.0
v682,0.5,0.5,0.5,0.5,0.5,0.5,0.5,0.5,0.5
v683,0.6,0.7,0.0,0.5,0.5,0.5,0.5,0.5,0.5
v684,0.6,0.6,0.2,0.5,0.5,0.5,0.5,0.5,0.5
v685,0.8,0.5,0.2,,0.2,0.2,,0.2,0.3
v686,1.0,0.3,0.1,0.5,0.0,0.0,0.5,0.5,0.5
v687,0.5,0.5,0.5,0.5,0.5,0.5,0.5,0.5,0.5
v688,0.5,0.8,0.0,,0.5,0.2,,0.4,0.2
v689,0.2,0.9,0.2,0.5,0.7,0.5,0.5,0.5,0.2
v690,0.4,0.6,0.0,0.4,0.6,1.0,0.4,0.7,0.4
v691,0.5,0.4,0.5,0.4,0.5,0.5,0.4,0.5,0.5
v692,0.0,0.0,0.9,0.0,0.0,0.0,0.0,0.0,0.0
v693,0.6,0.0,0.8,0.5,0.1,0.2,0.2,0.2,0.5
v694,0.1,0.0,1.0,0.1,0.0,0.0,0.2,0.2,0.0
v695,0.0,1.0,0.0,0.0,0.6,0.6,0.1,0.3,0.0
v696,0.5,0.5,0.5,0.5,0.5,0.5,0.5,0.5,0.5
v697,0.4,0.8,0.0,0.2,0.6,0.2,0.6,0.5,0.1
v698,0.6,0.6,0.4,0.5,0.5,0.5,0.5,0.5,0.5
v699,0.0,0.0,1.0,0.0,0.0,0.0,0.0,0.0,0.0
v700,0.7,0.7,0.4,0.6,0.7,0.6,0.6,0.6,0.6
v701,0.5,0.5,0.5,0.4,0.5,0.4,0.4,0.4,0.5
v702,0.1,0.1,0.7,0.1,0.1,0.1,0.1,0.1,0.1
v703,0.6,0.2,0.8,0.5,0.2,0.1,0.5,0.2,0.7
v704,0.5,0.7,0.0,0.5,1.0,0.5,0.5,0.6,0.5
v705,0.5,0.5,0.5,0.5,0.5,0.5,0.5,0.5,0.5
v706,0.8,0.3,0.2,0.6,0.1,0.2,0.5,0.2,0.7
v707,0.4,1.0,0.1,0.1,0.5,0.4,0.6,0.6,0.1
v708,0.4,0.6,0.6,0.5,0.3,0.3,0.4,0.5,0.4
v709,0.4,0.7,0.0,0.1,0.6,0.6,0.6,,0.4
v710,0.2,0.2,1.0,0.3,0.2,0.4,0.3,0.3,0.2
v711,0.4,0.6,0.2,0.4,0.5,0.4,0.6,0.5,0.4
v712,0.9,0.0,0.0,0.1,0.3,0.1,0.1,0.0,0.5
v713,0.0,0.6,0.0,0.1,1.0,1.0,0.5,0.8,0.0
v714,0.0,0.9,0.0,0.5,0.7,0.0,0.5,0.5,0.5
v715,0.5,0.5,0.5,0.5,0.5,0.5,0.5,0.5,0.5
v716,0.3,0.5,0.7,0.3,0.3,0.1,0.3,0.3,0.1
v717,0.6,0.6,0.5,0.8,0.5,0.5,0.8,0.6,0.6
v718,0.3,0.2,1.0,0.2,0.1,0.0,0.5,0.5,0.2
v719,0.7,0.5,0.4,0.7,0.5,0.5,0.5,0.5,0.6
v720,0.5,0.5,0.5,0.5,0.5,0.7,0.5,0.5,0.5
v721,0.5,0.1,0.0,0.1,0.1,0.1,0.1,0.1,0.2
v722,0.6,0.6,0.4,0.6,0.7,0.5,0.5,0.6,0.6
v723,0.0,1.0,0.0,0.0,1.0,1.0,0.0,1.0,0.0
v724,0.4,0.9,0.0,0.0,0.3,0.1,0.5,0.3,0.4
v725,0.0,0.0,1.0,0.0,0.0,0.0,0.0,0.0,0.0
v726,0.5,0.6,0.5,,0.5,0.5,,0.4,0.4
v727,0.5,0.5,0.6,0.5,0.5,0.6,0.5,0.5,0.5
v728,0.4,0.8,0.1,0.5,0.3,0.1,0.3,0.2,0.3
v729,0.6,0.6,0.5,0.5,0.6,0.4,0.6,0.6,0.5
v730,0.5,0.5,0.5,0.2,0.3,0.1,0.0,0.3,0.1
v731,0.0,0.8,0.0,,0.0,0.2,,0.5,0.0
v732,0.7,0.5,0.1,0.8,0.5,0.4,0.6,0.5,0.3
v733,0.3,0.3,0.3,0.3,0.3,0.6,0.3,0.3,0.3
v734,1.0,0.0,0.0,0.3,0.0,0.0,0.0,0.0,0.2
v735,0.6,0.2,0.6,0.5,0.2,0.1,0.5,0.2,0.5
v736,0.0,0.0,0.0,0.0,0.0,0.0,0.0,0.0,0.0
v737,0.5,0.5,0.5,0.5,0.5,0.5,0.5,0.5,0.5
v738,0.9,0.6,0.5,0.6,0.5,0.5,0.5,0.6,0.5
v739,0.0,0.2,0.9,0.0,0.3,0.0,0.0,0.4,0.0
v740,0.5,0.5,0.5,0.5,0.5,0.5,0.5,0.5,0.5
v741,0.4,0.4,0.0,0.0,0.3,0.1,0.1,0.9,0.4
v742,0.8,0.4,0.2,,,,,,
v743,0.0,0.5,0.0,0.1,0.4,1.0,0.0,0.0,0.0
v744,0.8,0.0,0.0,0.0,0.0,0.0,0.0,0.0,0.0
v745,0.3,0.7,0.5,0.4,0.3,0.2,0.3,0.5,0.4
v746,0.0,0.7,0.0,0.0,0.3,0.5,0.0,0.0,0.0
v747,0.5,0.5,1.0,0.5,0.5,0.5,0.5,0.5,0.5
v748,0.7,0.0,0.7,0.5,0.1,0.0,0.5,0.1,0.5
v749,0.5,0.5,0.5,0.5,0.5,0.5,0.5,0.5,0.5
v750,0.8,0.2,0.1,0.5,0.1,0.5,0.5,0.5,0.5
v751,0.6,0.6,0.9,0.8,0.5,0.0,0.7,0.6,0.1
v752,0.5,0.5,0.5,0.5,0.5,0.5,0.5,0.5,0.5
v753,0.3,0.6,0.1,0.5,0.5,0.9,0.6,0.5,0.5
v754,0.5,1.0,0.5,0.5,1.0,0.5,0.5,0.5,0.5
v755,0.8,0.5,1.0,0.5,0.5,0.2,0.5,0.5,0.5
v756,0.5,0.5,0.5,0.5,0.5,0.5,0.5,0.5,0.5
v757,0.4,0.7,0.4,0.4,0.4,0.4,0.4,0.4,0.4
v758,0.1,0.8,0.0,0.2,0.5,0.6,0.5,0.5,0.2
v759,0.4,0.4,1.0,0.2,0.2,0.2,0.2,0.2,0.2
v760,0.5,0.5,0.0,0.3,0.3,0.3,0.5,0.4,0.1
v761,0.1,0.1,0.9,0.5,0.1,0.1,0.1,0.1,0.1
v762,0.5,0.5,1.0,0.5,0.5,0.5,0.5,0.5,0.5
v763,1.0,0.5,0.8,0.4,0.2,0.0,0.3,0.5,0.9
v764,0.4,0.7,0.5,0.4,0.5,0.4,0.5,0.4,0.5
v765,0.2,0.2,0.2,0.1,0.2,0.2,0.2,0.2,0.2
v766,0.2,0.9,0.0,0.5,0.3,0.2,0.1,0.4,0.5
v767,0.0,0.5,0.0,0.3,0.4,0.3,0.2,0.5,0.2
v768,0.3,0.0,1.0,0.0,0.0,0.0,0.0,0.0,0.0
v769,0.2,1.0,0.1,0.5,0.5,0.6,0.5,0.5,0.0
v770,0.3,0.5,0.9,0.5,0.9,0.7,0.6,0.9,0.2
v771,1.0,0.5,0.5,0.5,0.5,0.5,0.5,0.5,0.5
v772,0.0,0.0,0.0,0.0,0.0,0.0,0.0,0.0,0.0
v773,0.5,1.0,0.5,0.4,0.4,0.4,0.6,0.9,0.4
v774,0.5,0.5,0.5,0.5,0.5,0.5,0.5,0.5,0.5
v775,0.3,0.5,0.0,0.3,0.5,0.2,0.6,0.5,0.3
v776,0.7,0.6,0.0,0.4,0.1,0.1,0.1,0.1,0.3
v777,0.0,0.9,0.0,0.0,0.5,0.0,0.5,0.0,0.0
v778,0.5,0.5,0.0,0.5,0.5,0.5,,0.5,0.5
v779,0.4,0.8,0.0,0.5,0.7,0.2,0.5,0.5,0.5
v780,0.9,0.7,0.0,0.8,0.0,0.0,0.7,0.8,0.8
v781,0.4,0.8,0.1,0.2,0.2,0.1,0.3,0.3,0.2
v782,0.0,0.0,,,,,,,
v783,0.2,0.6,0.8,0.5,0.6,0.0,0.5,0.5,0.5
v784,0.9,0.6,0.9,0.5,0.3,0.1,0.2,0.1,0.8
v785,0.1,0.6,0.0,0.1,0.1,0.1,0.7,0.3,0.1
v786,0.5,0.5,0.5,0.5,0.5,0.5,0.5,0.5,0.5
v787,0.6,0.6,0.3,0.4,0.6,0.4,0.5,0.6,0.4
v788,0.5,0.5,0.5,0.5,0.5,0.5,0.5,0.5,0.5
v789,0.8,0.6,0.6,0.5,0.2,0.1,0.5,0.5,0.5
v790,0.0,0.5,0.0,0.0,0.5,1.0,0.5,0.5,0.0
v791,0.3,0.9,0.0,0.5,0.6,0.2,0.5,0.7,0.6
v792,0.8,0.4,0.0,0.5,0.7,0.3,0.5,0.5,0.4
v793,0.0,0.4,0.0,0.0,0.4,0.8,0.2,0.2,0.0
v794,0.2,0.3,0.4,0.6,1.0,0.6,0.0,0.1,0.1
v795,0.7,0.8,0.2,0.5,0.6,0.7,0.6,0.7,0.5
v796,0.5,0.5,0.0,0.4,0.0,0.0,0.0,0.0,0.0
v797,0.1,0.5,0.0,0.4,0.7,1.0,0.7,0.4,0.2
v798,0.5,0.8,0.0,0.5,0.5,0.3,0.3,0.5,0.5
v799,0.9,0.0,0.6,0.8,0.0,0.0,0.0,0.0,0.9
v800,0.6,0.6,0.4,0.5,0.5,0.4,0.5,0.5,0.5
v801,0.4,0.6,0.4,0.2,0.2,0.3,0.3,0.3,0.4
v802,0.5,1.0,0.0,0.5,0.5,0.4,0.5,0.5,0.5
v803,0.7,0.7,0.0,0.9,0.5,0.4,0.8,0.5,0.7
v804,0.5,0.5,0.5,0.5,0.5,0.5,0.5,0.5,0.5
v805,0.5,0.5,0.5,0.5,0.5,0.5,0.5,0.5,0.5
v806,0.5,0.3,0.5,0.8,0.5,0.5,0.5,0.1,0.3
v807,0.2,0.9,0.5,0.5,0.2,0.2,0.5,0.2,0.0
v808,0.5,1.0,0.0,0.5,0.5,0.5,0.5,0.5,0.5
v809,0.2,0.2,,,0.2,0.2,,0.5,0.2
v810,0.2,1.0,0.1,0.2,0.5,0.6,0.6,0.5,0.1
v811,0.5,0.8,0.0,1.0,0.5,0.5,0.5,0.5,0.5
v812,0.8,0.6,0.7,0.6,0.5,0.5,0.6,0.4,0.5
v813,1.0,0.5,0.8,0.5,0.3,0.1,0.6,0.2,0.9
v814,0.5,0.5,0.5,0.5,0.5,0.5,0.5,0.5,0.5
v815,0.3,1.0,0.0,0.2,0.2,0.1,0.1,0.1,0.2
v816,0.0,0.7,,0.0,0.0,0.0,0.0,0.0,0.0
v817,0.0,0.9,0.0,0.0,0.6,0.6,0.0,0.5,0.0
v818,0.5,0.5,0.5,0.5,0.5,0.5,0.5,0.5,0.5
v819,0.5,0.9,0.4,0.4,0.6,0.6,0.6,0.7,0.4
v820,0.9,0.5,0.7,0.8,0.0,0.5,0.3,0.7,0.3
v821,0.5,0.5,0.5,0.5,0.5,0.5,0.5,0.5,0.5
v822,0.2,0.9,0.0,0.5,0.8,0.0,0.5,0.5,0.5
v823,0.9,0.1,0.5,0.1,0.1,0.1,0.1,0.5,0.6
v824,0.5,0.7,0.2,0.5,0.5,0.5,0.5,0.5,0.5
v825,0.5,0.5,1.0,0.5,0.5,0.5,0.5,0.5,0.5
v826,0.5,0.5,0.5,0.5,0.5,0.5,0.5,0.5,0.5
v827,0.5,0.5,1.0,0.5,0.5,1.0,0.5,0.5,0.5
v828,0.5,0.5,0.5,0.5,0.5,0.5,0.5,0.5,0.5
v829,0.1,1.0,0.0,0.1,0.7,0.2,0.2,0.5,0.1
v830,0.0,1.0,0.0,0.5,0.7,0.0,0.6,0.6,0.3
v831,0.1,0.9,0.0,0.1,0.5,0.5,0.5,0.5,0.0
v832,0.3,0.8,0.1,0.5,0.6,0.3,0.3,0.6,0.3
v833,0.7,0.7,0.9,0.5,0.5,0.0,,0.7,0.5
v834,1.0,0.1,0.0,0.1,0.1,0.1,0.1,0.1,0.8
v835,0.0,0.4,0.0,0.0,0.5,0.0,0.5,0.5,0.0
v836,1.0,0.5,0.8,0.6,0.3,0.0,0.6,0.4,0.7
v837,1.0,0.5,0.8,0.4,0.2,0.0,0.6,0.6,0.8
v838,0.5,1.0,0.5,0.5,0.5,0.5,0.5,0.5,0.5
v839,0.3,0.8,0.4,0.2,0.2,0.4,0.3,0.1,0.2
v840,0.7,0.5,0.8,0.6,0.2,0.2,0.5,0.6,0.5
v841,0.6,0.6,0.2,0.4,0.8,0.7,0.5,0.5,0.5
v842,0.3,0.4,0.0,0.4,0.3,0.4,0.4,0.3,0.2
v843,0.5,0.8,0.1,0.5,0.5,0.5,0.5,0.5,0.5
v844,0.8,0.4,0.4,0.6,0.4,0.5,0.5,0.5,0.5
v845,0.8,0.4,0.9,0.4,0.1,0.5,0.1,0.3,0.4
v846,0.2,0.7,0.4,,0.2,0.2,0.5,0.2,0.3
v847,0.1,0.7,0.0,0.5,0.6,0.5,0.2,0.5,0.1
v848,0.8,0.7,0.0,,0.0,0.0,,0.5,0.6
v849,0.5,0.5,0.5,0.5,0.5,0.5,0.5,0.5,0.5
v850,0.0,0.5,0.0,0.0,0.0,0.0,0.0,0.0,0.0
v851,0.8,0.3,0.4,0.7,0.1,0.2,0.6,0.2,0.5
v852,0.5,0.5,0.5,0.5,0.5,0.5,0.5,0.5,0.5
v853,0.5,0.5,0.8,0.5,0.5,0.5,0.5,0.5,0.5
v854,0.5,0.5,0.5,0.5,0.5,0.5,0.5,0.5,0.5
v855,0.7,0.0,,0.2,0.5,0.7,0.1,0.5,0.2
v856,0.5,0.5,0.5,0.5,0.5,0.5,0.5,0.5,0.5
v857,0.3,0.1,0.0,0.0,0.3,0.2,0.6,0.0,0.2
v858,0.6,0.6,0.1,0.5,0.6,0.4,0.5,0.5,0.5
v859,0.5,0.5,0.5,0.5,0.5,0.5,0.5,0.5,0.5
v860,0.1,0.8,0.3,0.5,0.6,0.0,0.5,0.5,0.5
v861,0.4,0.3,0.6,0.7,0.3,0.2,0.3,0.3,0.4
v862,0.5,0.9,0.4,,0.8,0.3,0.5,0.4,0.4
v863,0.5,0.9,0.8,0.5,0.2,0.3,0.5,0.8,0.2
v864,0.5,0.5,0.5,0.5,0.5,0.5,0.5,0.5,0.5
v865,1.0,0.4,0.0,0.7,0.0,0.0,0.5,0.2,0.6
v866,0.7,0.5,0.0,0.5,0.2,0.2,0.5,0.4,0.2
v867,0.2,0.9,0.1,0.3,0.6,0.6,0.5,0.4,0.2
v868,0.5,0.5,0.9,0.5,0.5,0.5,0.5,0.5,0.5
v869,0.3,0.6,0.3,0.1,0.9,1.0,0.7,0.3,0.0
v870,0.0,1.0,0.0,0.0,0.6,0.5,0.6,0.5,0.0
v871,0.5,0.5,0.5,0.5,0.5,0.5,0.5,0.5,0.5
v872,0.4,0.8,0.7,0.5,0.5,0.0,0.5,0.8,0.5
v873,0.0,1.0,0.1,0.5,0.5,0.6,0.5,0.5,0.1
v874,0.2,0.8,0.1,0.5,0.5,0.5,0.5,0.5,0.5
v875,0.4,0.8,0.0,0.2,0.5,0.2,0.2,0.2,0.2
v876,1.0,0.0,0.0,0.5,0.0,0.0,0.0,0.0,0.9
v877,0.7,0.3,0.9,0.5,0.1,0.1,0.5,0.5,0.5
v878,0.4,0.5,0.1,0.5,0.4,0.3,0.7,0.5,0.5
v879,0.3,1.0,0.0,0.5,0.6,0.5,0.5,0.8,0.3
v880,0.5,0.5,1.0,0.5,0.5,0.5,0.5,0.5,0.5
v881,0.0,0.0,1.0,0.0,0.0,0.0,0.0,0.0,0.0
v882,0.0,0.9,0.0,0.0,0.0,0.0,0.0,0.0,0.0
v883,0.5,0.5,0.8,0.5,0.5,0.5,0.5,0.5,0.5
v884,0.4,0.5,0.4,0.3,0.2,0.2,0.2,0.4,0.3
v885,0.5,0.6,0.0,0.5,0.7,0.0,0.5,0.5,0.5
v886,0.5,0.5,0.5,0.5,0.5,0.5,0.5,0.5,0.5
v887,0.5,0.5,0.8,0.5,0.5,0.5,0.5,0.5,0.5
v888,0.5,0.5,0.0,0.5,0.5,0.5,0.5,0.5,0.5
v889,0.6,0.9,0.0,0.3,0.8,0.6,0.8,0.5,0.6
v890,0.5,0.5,1.0,0.5,0.4,0.3,0.4,0.5,0.5
v891,0.5,0.8,0.0,0.3,0.5,0.5,0.3,0.2,0.4
v892,0.5,0.5,0.5,0.5,0.5,0.5,0.5,0.5,0.5
v893,0.5,0.5,0.7,0.5,0.5,0.5,0.5,0.5,0.5
v894,0.3,0.9,0.1,0.4,0.5,0.5,0.5,0.5,0.3
v895,0.5,0.5,0.5,0.5,0.5,0.5,0.5,0.5,0.5
v896,0.6,0.9,0.7,0.5,0.7,0.5,0.5,0.7,0.5
v897,0.6,0.7,0.2,0.5,0.6,0.2,,0.6,0.5
v898,0.5,0.5,0.4,0.5,0.5,0.4,0.5,0.5,0.4
v899,0.9,0.6,0.7,0.8,0.7,0.2,0.7,0.7,0.5
v900,0.6,0.6,0.1,0.5,0.5,0.3,0.5,0.5,0.5
v901,0.5,0.5,0.7,0.5,0.5,0.5,0.5,0.5,0.5
v902,0.6,0.0,1.0,0.6,0.2,0.0,0.5,0.6,0.6
v903,0.5,0.5,1.0,0.5,0.5,0.5,0.5,0.5,0.5
v904,0.5,0.5,0.5,0.5,0.5,0.5,0.5,0.5,0.5
v905,0.6,0.6,0.7,0.5,0.5,0.4,0.5,0.5,0.3
v906,0.4,0.7,0.5,0.2,0.3,0.3,0.2,0.1,0.3
v907,0.2,0.4,0.0,0.3,0.6,0.1,0.5,0.7,0.2
v908,0.5,0.5,0.5,0.5,0.5,0.5,0.5,0.5,0.5
v909,0.6,0.6,0.1,0.3,0.3,0.3,0.3,0.2,0.2
v910,0.5,0.8,0.5,0.5,0.5,0.5,0.5,0.5,0.5
v911,0.7,0.7,0.0,0.5,0.5,0.3,0.4,0.5,0.5
v912,0.6,0.7,,,0.2,,0.5,0.5,0.5
v913,0.5,0.5,0.5,0.5,0.5,0.5,0.5,0.5,0.5
v914,0.3,1.0,0.1,0.5,0.8,0.7,0.5,0.6,0.1
v915,0.5,0.5,0.5,0.5,0.5,0.5,0.5,0.5,0.5
v916,0.5,0.0,0.0,0.5,0.0,0.0,0.0,0.5,0.5
v917,0.6,0.2,0.0,1.0,0.5,0.2,,0.3,
v918,0.3,0.2,1.0,0.3,0.2,0.2,0.3,0.2,0.3
v919,0.5,0.6,0.4,0.5,0.6,0.5,0.5,0.7,0.5
v920,1.0,0.5,0.9,0.3,0.2,0.0,0.6,0.3,0.8
v921,0.2,0.9,0.0,0.0,0.3,0.1,0.5,0.5,0.0
v922,0.6,0.6,0.6,0.8,0.7,0.5,0.7,0.5,0.2
v923,0.5,0.5,0.5,0.5,0.5,0.5,0.5,0.5,0.5
v924,0.3,0.6,0.5,0.5,0.3,0.2,0.5,0.2,0.2
v925,0.4,0.7,0.4,0.3,0.3,0.2,0.3,0.4,0.4
v926,0.2,0.2,0.0,0.5,1.0,0.7,1.0,0.5,0.2
v927,0.5,0.5,0.7,0.5,0.5,0.5,0.5,0.5,0.5
v928,0.1,,0.1,,0.4,0.5,,0.5,0.4
v929,0.6,0.5,0.8,0.4,0.1,0.0,0.3,0.5,0.2
v930,1.0,0.7,0.1,0.5,0.2,0.2,0.2,0.2,0.5
v931,0.9,0.2,0.0,0.2,0.1,0.2,0.2,0.2,0.1
v932,1.0,0.5,0.8,0.3,0.2,0.0,0.4,0.6,0.9
v933,0.6,0.4,0.5,0.7,0.5,0.4,0.4,0.5,0.5
v934,0.9,0.4,0.8,0.8,0.1,0.0,0.0,0.2,0.0
v935,0.8,0.5,0.5,0.5,0.5,0.5,0.5,0.5,0.5
v936,0.5,0.8,0.1,0.6,0.2,0.3,0.4,0.1,0.2
v937,0.9,0.2,0.9,0.4,0.0,0.3,0.6,0.5,0.6
v938,0.5,0.5,1.0,0.5,0.5,0.5,0.5,0.5,0.5
v939,0.4,0.8,0.0,,0.4,0.2,,,
v940,0.5,0.5,0.0,,0.5,0.5,,0.5,0.4
v941,0.5,0.5,0.5,0.5,0.5,0.5,0.5,0.5,0.5
v942,0.1,0.1,0.2,0.1,0.1,0.1,0.1,0.1,0.8
v943,0.7,0.9,0.7,0.6,0.1,0.2,0.5,0.2,0.4
v944,0.6,0.8,0.0,0.6,0.7,0.6,0.7,0.6,0.6
v945,0.5,0.5,0.5,0.5,0.5,0.5,0.5,0.5,0.5
v946,1.0,0.5,0.0,,0.0,0.0,,0.5,0.7
v947,0.6,0.4,1.0,0.6,0.0,0.1,0.4,0.2,0.8
v948,0.2,1.0,0.0,0.0,0.7,0.7,0.8,0.1,0.1
v949,0.0,0.0,0.0,0.0,0.0,0.0,0.0,0.0,0.0
