,A,B
v1,0.1,0.7
v2,0.6,0.4
v3,0.1,0.8
v4,0.5,0.1
v5,1.0,0.0
v6,0.5,1.0
v7,0.5,0.5
v8,0.8,0.2
v9,0.7,0.5
v10,0.1,0.8
v11,0.0,1.0
v12,0.3,0.7
v13,0.9,0.0
v14,0.3,0.7
v15,0.3,0.3
v16,0.3,0.4
v17,0.9,0.4
v18,1.0,0.0
v19,0.0,1.0
v20,0.0,1.0
v21,1.0,0.2
v22,0.9,0.4
v23,0.0,0.7
v24,0.0,1.0
v25,0.5,0.3
v26,0.7,0.2
v27,0.6,0.4
v28,0.0,0.8
v29,0.0,0.4
v30,0.4,0.0
v31,1.0,0.0
v32,1.0,0.0
v33,0.0,0.7
v34,0.5,0.5
v35,0.0,0.7
v36,0.2,0.6
v37,1.0,0.0
v38,0.0,1.0
v39,0.4,0.3
v40,1.0,0.0
v41,0.0,0.8
v42,0.4,0.8
v43,0.9,0.2
v44,0.3,0.3
v45,0.0,0.8
v46,0.2,0.8
v47,0.3,0.5
v48,0.0,0.6
v49,0.0,0.0
v50,0.5,0.5
v51,0.3,0.6
v52,1.0,0.3
v53,0.3,0.7
v54,0.7,0.5
v55,0.0,1.0
v56,1.0,0.0
v57,0.8,0.0
v58,0.3,0.3
v59,0.3,1.0
v60,0.4,0.6
v61,0.8,0.0
v62,0.0,0.8
v63,0.5,0.5
v64,1.0,0.0
v65,0.5,0.5
v66,0.3,0.8
v67,0.0,1.0
v68,0.9,0.1
v69,0.8,0.5
v70,0.7,0.2
v71,0.8,0.3
v72,0.5,0.8
v73,0.0,0.9
v74,0.3,0.7
v75,1.0,0.0
v76,0.0,0.1
v77,0.5,0.5
v78,0.0,0.6
v79,0.1,0.8
v80,0.8,0.0
v81,0.9,0.1
v82,0.0,0.9
v83,0.0,1.0
v84,0.8,0.2
v85,0.8,0.0
v86,0.5,0.5
v87,0.9,0.1
v88,0.0,1.0
v89,0.6,0.5
v90,0.0,0.5
v91,0.7,0.4
v92,0.3,0.2
v93,0.8,0.0
v94,0.2,1.0
v95,0.2,0.7
v96,0.0,0.8
v97,0.3,0.3
v98,0.4,0.1
v99,0.0,0.8
v100,0.4,0.8
v101,0.0,0.9
v102,0.0,0.0
v103,0.4,0.8
v104,0.9,0.1
v105,0.5,1.0
v106,0.7,0.9
v107,0.4,1.0
v108,0.0,0.9
v109,0.7,0.5
v110,0.8,0.5
v111,0.1,1.0
v112,0.0,0.8
v113,1.0,0.2
v114,0.6,0.3
v115,0.7,0.9
v116,0.5,0.5
v117,1.0,0.6
v118,0.8,0.0
v119,0.8,0.0
v120,0.2,0.8
v121,0.7,0.3
v122,0.3,0.5
v123,0.1,0.8
v124,0.1,0.1
v125,0.5,0.0
v126,0.0,0.8
v127,0.8,0.3
v128,0.9,0.1
v129,0.8,0.4
v130,0.5,0.4
v131,0.5,0.5
v132,0.6,0.0
v133,0.9,0.2
v134,1.0,0.5
v135,0.3,0.6
v136,0.9,0.2
v137,0.5,0.5
v138,0.8,0.3
v139,0.0,0.9
v140,0.1,1.0
v141,0.0,1.0
v142,0.1,0.7
v143,0.8,0.5
v144,0.0,0.6
v145,0.0,1.0
v146,0.1,0.7
v147,0.8,0.2
v148,0.5,0.5
v149,0.5,0.5
v150,0.0,0.8
v151,0.7,0.4
v152,0.4,0.6
v153,0.6,0.5
v154,0.7,0.2
v155,0.7,0.3
v156,0.9,0.0
v157,0.5,0.5
v158,0.8,0.1
v159,0.6,0.2
v160,0.0,1.0
v161,0.1,0.7
v162,1.0,0.1
v163,0.2,0.1
v164,0.7,0.3
v165,0.3,0.1
v166,0.7,0.0
v167,0.1,1.0
v168,0.0,0.8
v169,0.1,0.9
v170,0.4,0.8
v171,0.7,0.7
v172,0.3,0.8
v173,0.5,0.5
v174,0.7,0.1
v175,0.1,0.8
v176,1.0,0.0
v177,0.3,0.6
v178,0.5,0.5
v179,0.8,0.6
v180,0.3,0.1
v181,0.3,0.7
v182,0.4,0.7
v183,0.0,0.8
v184,0.8,0.3
v185,0.8,0.4
v186,0.6,0.4
v187,0.8,0.0
v188,0.9,0.1
v189,0.2,0.7
v190,0.7,0.3
v191,0.5,0.7
v192,1.0,0.0
v193,0.9,0.0
v194,0.7,0.0
v195,0.1,1.0
v196,0.8,0.1
v197,0.0,1.0
v198,1.0,0.5
v199,0.0,0.6
v200,0.0,0.6
v201,0.8,0.0
v202,0.0,1.0
v203,0.7,0.5
v204,0.2,0.1
v205,0.2,1.0
v206,0.4,0.7
v207,0.8,0.2
v208,0.0,0.8
v209,0.3,0.8
v210,1.0,0.1
v211,0.9,0.1
v212,0.1,0.8
v213,0.4,0.4
v214,1.0,0.0
v215,0.4,0.7
v216,0.0,0.5
v217,0.0,0.8
v218,1.0,0.0
v219,0.0,0.0
v220,0.8,0.0
v221,0.7,0.7
v222,0.1,0.8
v223,1.0,0.0
v224,0.2,0.9
v225,0.7,0.2
v226,1.0,0.0
v227,0.0,0.9
v228,0.7,0.4
v229,0.3,0.1
v230,1.0,1.0
v231,0.1,1.0
v232,0.7,0.8
v233,0.8,0.2
v234,0.1,0.6
v235,0.3,0.8
v236,0.9,0.1
v237,0.7,0.6
v238,0.0,0.9
v239,0.0,1.0
v240,0.1,0.8
v241,0.1,0.9
v242,0.0,0.7
v243,0.0,0.7
v244,0.9,0.0
v245,0.8,0.3
v246,0.8,0.2
v247,0.8,0.2
v248,0.2,0.8
v249,0.0,0.0
v250,0.0,0.5
v251,0.8,0.0
v252,0.2,0.7
v253,0.8,0.3
v254,0.8,0.0
v255,1.0,0.2
v256,0.1,0.6
v257,0.2,0.8
v258,0.7,0.4
v259,0.2,1.0
v260,0.2,0.7
v261,0.2,0.7
v262,0.8,0.0
v263,0.0,1.0
v264,0.5,0.5
v265,1.0,0.0
v266,0.5,0.6
v267,0.3,0.8
v268,0.0,0.0
v269,0.3,0.7
v270,0.7,0.6
v271,1.0,0.0
v272,0.8,0.0
v273,0.9,0.4
v274,0.1,0.8
v275,0.7,0.3
v276,0.0,0.6
v277,0.7,0.4
v278,0.5,0.6
v279,0.8,0.0
v280,0.4,0.8
v281,0.7,0.3
v282,0.1,0.9
v283,0.0,1.0
v284,0.5,0.5
v285,0.0,0.8
v286,0.5,0.5
v287,0.7,0.3
v288,0.6,0.4
v289,0.5,0.8
v290,1.0,0.0
v291,0.5,0.5
v292,0.0,0.0
v293,0.2,0.9
v294,0.0,0.7
v295,1.0,0.4
v296,0.9,0.0
v297,0.2,0.0
v298,0.2,0.7
v299,0.0,1.0
v300,0.1,0.7
v301,0.3,0.7
v302,0.8,0.1
v303,0.0,0.5
v304,0.0,1.0
v305,1.0,0.0
v306,0.8,0.6
v307,0.7,0.5
v308,0.1,0.1
v309,0.8,0.4
v310,0.4,0.8
v311,0.2,0.8
v312,0.5,0.5
v313,0.0,0.4
v314,0.3,0.9
v315,0.4,0.0
v316,0.0,0.2
v317,0.5,0.5
v318,0.0,0.8
v319,0.1,0.9
v320,0.5,0.5
v321,1.0,0.0
v322,0.1,0.6
v323,0.8,0.0
v324,0.4,0.6
v325,0.5,0.5
v326,0.8,0.0
v327,0.2,0.2
v328,0.7,0.7
v329,0.6,0.1
v330,0.9,0.2
v331,0.9,0.1
v332,1.0,1.0
v333,0.3,0.8
v334,0.4,0.9
v335,0.4,0.7
v336,0.3,0.2
v337,0.6,0.8
v338,0.3,0.6
v339,0.3,0.5
v340,0.5,0.5
v341,0.1,0.7
v342,1.0,0.0
v343,0.2,0.0
v344,0.0,0.9
v345,0.0,0.4
v346,1.0,0.0
v347,0.8,0.2
v348,0.0,0.0
v349,0.5,0.8
v350,1.0,0.0
v351,1.0,0.0
v352,0.1,0.8
v353,0.0,0.0
v354,1.0,0.0
v355,1.0,0.2
v356,0.3,1.0
v357,1.0,0.2
v358,0.0,1.0
v359,0.8,0.2
v360,0.4,0.7
v361,0.1,0.8
v362,0.3,0.8
v363,0.4,0.5
v364,0.0,1.0
v365,1.0,0.0
v366,0.9,0.0
v367,0.6,0.3
v368,1.0,0.0
v369,0.1,1.0
v370,0.0,0.4
v371,1.0,0.0
v372,0.7,0.1
v373,0.8,0.0
v374,0.4,0.8
v375,0.0,1.0
v376,0.8,0.0
v377,0.0,
v378,0.9,0.1
v379,0.9,0.0
v380,1.0,0.0
v381,0.8,0.1
v382,0.8,0.3
v383,0.8,0.2
v384,0.0,1.0
v385,0.0,1.0
v386,0.3,0.8
v387,0.8,1.0
v388,0.2,0.6
v389,0.8,0.5
v390,0.4,0.4
v391,0.0,0.8
v392,1.0,0.3
v393,0.8,0.4
v394,0.1,0.1
v395,0.0,0.8
v396,0.9,0.1
v397,0.7,0.5
v398,0.1,0.8
v399,0.9,0.1
v400,0.8,0.2
v401,0.5,0.5
v402,0.8,0.5
v403,1.0,0.8
v404,0.3,0.8
v405,0.8,0.2
v406,0.8,0.1
v407,0.8,0.3
v408,1.0,0.0
v409,0.5,0.5
v410,1.0,0.0
v411,0.2,0.2
v412,0.7,0.3
v413,0.5,0.5
v414,0.8,0.3
v415,0.5,0.2
v416,0.1,0.8
v417,0.2,0.2
v418,0.9,0.8
v419,0.3,1.0
v420,0.4,0.0
v421,0.1,0.8
v422,0.0,0.7
v423,0.4,0.8
v424,0.0,1.0
v425,0.2,0.5
v426,0.0,0.0
v427,0.2,0.7
v428,1.0,0.0
v429,0.0,0.8
v430,0.8,0.4
v431,0.0,0.8
v432,1.0,0.0
v433,0.5,0.2
v434,0.7,0.0
v435,0.8,0.2
v436,0.3,0.7
v437,0.0,0.0
v438,0.0,0.5
v439,0.6,0.7
v440,0.9,0.2
v441,0.2,0.7
v442,1.0,1.0
v443,0.6,0.5
v444,0.2,0.8
v445,0.2,1.0
v446,0.0,0.9
v447,0.0,1.0
v448,0.5,0.5
v449,0.5,0.5
v450,0.0,0.9
v451,0.1,1.0
v452,0.5,1.0
v453,0.2,0.8
v454,1.0,0.7
v455,0.3,0.9
v456,0.5,0.1
v457,0.6,0.0
v458,0.8,0.1
v459,1.0,1.0
v460,0.5,0.8
v461,0.8,0.0
v462,0.4,0.7
v463,0.0,1.0
v464,0.2,0.6
v465,0.4,0.6
v466,0.2,0.8
v467,0.0,0.3
v468,0.8,0.2
v469,0.9,0.0
v470,0.2,0.1
v471,0.5,0.5
v472,0.0,1.0
v473,0.0,0.8
v474,0.9,0.0
v475,0.9,0.0
v476,0.5,0.7
v477,0.9,0.0
v478,0.4,0.4
v479,0.9,1.0
v480,0.9,0.2
v481,0.8,0.0
v482,0.0,0.5
v483,0.0,1.0
v484,0.0,1.0
v485,1.0,0.0
v486,0.1,0.7
v487,0.8,0.3
v488,0.0,0.3
v489,0.7,0.3
v490,1.0,0.0
v491,0.0,0.7
v492,0.1,0.7
v493,0.0,1.0
v494,0.8,0.0
v495,1.0,0.0
v496,0.0,1.0
v497,0.8,0.4
v498,0.3,0.7
v499,0.9,0.2
v500,0.0,0.1
v501,1.0,0.0
v502,0.8,0.1
v503,0.4,0.8
v504,0.0,0.5
v505,0.1,1.0
v506,1.0,0.0
v507,0.4,1.0
v508,0.2,0.4
v509,0.0,0.0
v510,0.1,0.6
v511,0.9,0.0
v512,0.9,0.2
v513,0.8,0.6
v514,0.0,0.9
v515,1.0,1.0
v516,0.7,0.0
v517,0.6,0.0
v518,0.3,0.9
v519,1.0,0.0
v520,0.3,0.6
v521,0.2,1.0
v522,0.3,0.8
v523,1.0,0.0
v524,0.7,0.1
v525,0.3,0.9
v526,0.4,0.4
v527,0.0,1.0
v528,0.2,0.8
v529,0.6,0.4
v530,0.6,0.6
v531,0.0,0.0
v532,0.9,0.0
v533,0.2,0.8
v534,0.8,0.0
v535,0.0,0.7
v536,0.5,0.5
v537,0.0,1.0
v538,0.0,1.0
v539,0.5,0.6
v540,0.8,0.3
v541,0.8,0.0
v542,0.1,0.7
v543,0.8,0.1
v544,0.9,0.3
v545,0.6,0.4
v546,0.5,0.8
v547,0.9,0.2
v548,0.9,0.0
v549,0.1,0.6
v550,0.9,0.1
v551,0.5,0.5
v552,0.9,0.1
v553,0.5,0.1
v554,0.9,0.0
v555,0.5,0.8
v556,0.1,0.7
v557,0.0,1.0
v558,0.5,0.5
v559,0.0,0.9
v560,0.1,0.8
v561,0.7,0.5
v562,0.4,0.7
v563,0.6,0.7
v564,0.0,0.9
v565,0.8,0.7
v566,0.0,1.0
v567,0.0,0.8
v568,0.4,0.5
v569,0.2,0.2
v570,0.5,0.7
v571,0.9,0.0
v572,0.0,0.9
v573,0.9,0.1
v574,1.0,0.0
v575,1.0,0.0
v576,0.7,0.0
v577,0.5,1.0
v578,0.3,1.0
v579,0.5,0.5
v580,0.0,1.0
v581,0.2,1.0
v582,0.3,0.0
v583,0.2,0.4
v584,0.8,0.8
v585,0.6,1.0
v586,0.1,1.0
v587,0.6,0.6
v588,0.6,0.5
v589,0.0,0.1
v590,0.8,0.3
v591,0.9,0.1
v592,0.0,0.8
v593,0.2,0.7
v594,1.0,0.0
v595,0.4,0.8
v596,0.7,0.0
v597,0.0,1.0
v598,0.0,1.0
v599,0.5,0.5
v600,0.2,0.8
v601,0.0,0.5
v602,0.1,0.7
v603,0.9,0.0
v604,1.0,0.0
v605,0.2,0.6
v606,0.3,0.7
v607,0.8,0.2
v608,0.0,0.8
v609,1.0,0.1
v610,0.0,0.0
v611,0.1,0.1
v612,0.0,1.0
v613,0.7,0.2
v614,0.3,0.8
v615,0.5,0.0
v616,0.7,0.3
v617,0.6,0.9
v618,0.4,0.8
v619,0.0,1.0
v620,0.1,0.2
v621,0.0,0.8
v622,0.8,0.0
v623,0.6,0.3
v624,1.0,0.0
v625,0.8,0.0
v626,1.0,0.0
v627,0.1,1.0
v628,0.1,0.8
v629,1.0,0.0
v630,0.5,0.5
v631,0.4,0.9
v632,0.2,0.9
v633,0.0,0.9
v634,0.8,0.5
v635,0.8,0.3
v636,0.8,0.2
v637,0.8,0.0
v638,0.7,0.0
v639,0.0,0.4
v640,0.5,0.3
v641,0.0,0.3
v642,0.0,0.5
v643,0.6,0.7
v644,0.0,0.7
v645,0.9,0.0
v646,0.0,0.7
v647,0.0,0.9
v648,0.1,0.3
v649,0.7,0.3
v650,0.5,0.0
v651,0.3,0.3
v652,0.1,0.5
v653,1.0,0.0
v654,0.1,0.7
v655,0.5,0.5
v656,0.8,0.4
v657,0.0,1.0
v658,0.9,0.0
v659,0.2,0.9
v660,0.3,0.5
v661,0.3,0.9
v662,0.5,0.5
v663,0.2,0.8
v664,0.2,0.7
v665,0.2,0.5
v666,0.7,0.3
v667,0.2,0.8
v668,0.9,0.0
v669,0.7,0.3
v670,0.8,0.0
v671,0.8,0.3
v672,0.5,0.5
v673,0.5,0.5
v674,0.5,0.5
v675,0.8,0.4
v676,0.5,0.7
v677,0.7,0.0
v678,0.3,1.0
v679,0.2,0.8
v680,0.7,0.4
v681,0.6,0.5
v682,0.0,1.0
v683,0.7,0.0
v684,0.0,1.0
v685,0.4,0.4
v686,1.0,0.8
v687,0.0,0.0
v688,0.0,1.0
v689,0.2,0.8
v690,0.1,0.5
v691,0.3,0.9
v692,0.7,0.5
v693,0.4,0.6
v694,0.5,0.6
v695,0.2,1.0
v696,0.1,0.8
v697,0.8,0.5
v698,1.0,1.0
v699,0.9,0.0
v700,0.5,0.5
v701,0.8,0.0
v702,0.3,0.3
v703,0.6,0.5
v704,1.0,0.0
v705,0.1,0.8
v706,0.2,0.1
v707,0.9,0.0
v708,0.4,0.9
v709,0.0,1.0
v710,0.3,0.3
v711,0.0,0.7
v712,0.7,0.1
v713,0.7,0.5
v714,1.0,0.0
v715,0.3,0.9
v716,0.2,0.8
v717,0.1,0.5
v718,0.5,1.0
v719,0.6,0.3
v720,0.0,0.8
v721,0.2,0.2
v722,0.5,0.7
v723,0.1,1.0
v724,0.7,0.5
v725,0.7,0.3
v726,0.3,0.8
v727,0.5,0.7
v728,0.0,0.5
v729,0.9,0.1
v730,0.0,0.2
v731,0.0,1.0
v732,0.0,0.7
v733,1.0,0.0
v734,0.0,1.0
v735,0.7,0.6
v736,1.0,0.0
v737,0.7,0.0
v738,0.0,1.0
v739,0.2,0.8
v740,0.2,0.3
v741,0.1,0.8
v742,0.0,0.9
v743,0.5,0.5
v744,0.4,0.5
v745,0.8,0.3
v746,0.7,0.2
v747,0.0,0.7
v748,0.8,0.3
v749,0.2,0.0
v750,1.0,0.0
v751,0.2,0.8
v752,0.0,1.0
v753,1.0,0.3
v754,0.0,0.8
v755,0.2,0.6
v756,0.6,0.2
v757,0.2,0.8
v758,0.7,0.0
v759,0.2,0.7
v760,0.7,0.7
v761,0.9,0.1
v762,0.1,0.9
v763,0.1,1.0
v764,0.5,0.0
v765,0.4,0.6
v766,0.0,0.6
v767,0.2,0.8
v768,0.3,0.4
v769,0.6,0.3
v770,0.8,0.4
v771,0.9,0.3
v772,0.2,0.8
v773,0.9,0.6
v774,0.9,0.1
v775,0.7,0.0
v776,0.5,0.5
v777,0.0,1.0
v778,0.9,0.0
v779,0.0,0.5
v780,0.0,0.5
v781,0.6,0.1
v782,0.5,0.5
v783,0.3,0.7
v784,0.5,0.3
v785,0.1,0.9
v786,1.0,0.0
v787,0.8,0.3
v788,0.0,0.7
v789,0.5,0.3
v790,0.3,1.0
v791,0.3,0.5
v792,0.8,0.3
v793,0.6,0.0
v794,0.6,0.4
v795,0.0,0.5
v796,0.6,0.0
v797,0.2,1.0
v798,0.0,0.8
v799,0.3,0.8
v800,0.2,0.1
v801,0.0,0.6
v802,0.5,0.5
v803,0.8,0.0
v804,0.2,0.6
v805,0.3,0.7
v806,0.1,0.5
v807,0.0,0.6
v808,0.0,1.0
v809,0.0,1.0
v810,1.0,0.0
v811,0.8,0.7
v812,0.5,0.5
v813,0.0,1.0
v814,1.0,0.3
v815,0.4,0.2
v816,0.4,1.0
v817,0.2,0.6
v818,0.7,0.8
v819,1.0,0.0
v820,0.8,0.2
v821,0.2,0.8
v822,0.5,0.8
v823,0.8,0.2
v824,0.9,0.0
v825,0.6,0.5
v826,0.7,0.0
v827,0.2,0.8
v828,0.8,0.3
v829,1.0,0.0
v830,0.0,0.7
v831,0.6,0.5
v832,0.0,1.0
v833,1.0,0.0
v834,1.0,0.5
v835,0.9,0.0
v836,0.0,1.0
v837,0.0,1.0
v838,0.6,0.0
v839,0.2,0.6
v840,1.0,0.0
v841,0.6,0.0
v842,0.8,0.1
v843,0.9,0.4
v844,0.1,0.9
v845,0.8,0.5
v846,0.8,0.5
v847,0.8,0.0
v848,0.9,0.3
v849,0.0,0.7
v850,0.9,0.0
v851,0.8,0.4
v852,0.0,0.8
v853,0.7,0.0
v854,0.4,0.4
v855,0.6,0.7
v856,1.0,0.0
v857,0.6,0.3
v858,0.5,0.5
v859,0.1,0.7
v860,1.0,0.2
v861,1.0,0.0
v862,0.1,0.8
v863,0.6,0.0
v864,0.3,0.8
v865,0.7,0.4
v866,0.0,1.0
v867,0.3,1.0
v868,0.4,0.9
v869,0.9,0.0
v870,0.6,0.0
v871,0.4,0.7
v872,0.1,0.7
v873,0.5,0.6
v874,0.1,0.7
v875,0.3,0.8
v876,0.0,1.0
v877,0.8,0.0
v878,1.0,0.0
v879,1.0,0.0
v880,0.0,1.0
v881,0.6,0.4
v882,0.0,0.7
v883,0.1,0.7
v884,0.0,0.7
v885,0.1,0.9
v886,0.0,0.8
v887,0.0,0.9
v888,0.6,0.7
v889,0.0,0.5
v890,1.0,0.5
v891,0.8,0.2
v892,0.8,0.2
v893,0.7,0.2
v894,1.0,0.0
v895,0.6,0.6
v896,0.6,0.3
v897,1.0,0.0
v898,0.0,0.9
v899,1.0,0.0
v900,0.9,0.0
v901,0.3,0.9
v902,0.7,0.0
v903,0.5,0.2
v904,0.7,0.2
v905,0.0,1.0
v906,0.5,0.5
v907,1.0,0.6
v908,0.0,0.8
v909,0.2,0.8
v910,0.6,0.0
v911,0.5,1.0
v912,0.3,0.8
v913,1.0,0.2
v914,0.4,0.7
v915,0.9,0.4
v916,0.1,1.0
v917,0.7,0.7
v918,0.1,0.6
v919,0.2,0.7
v920,0.1,0.9
v921,0.0,1.0
v922,0.4,1.0
v923,0.4,0.6
v924,0.2,0.8
v925,0.0,0.8
v926,0.7,0.5
v927,0.8,0.6
v928,0.4,0.2
v929,0.5,0.6
v930,0.2,0.9
v931,0.5,0.5
v932,0.7,0.3
v933,0.0,1.0
v934,0.6,0.3
v935,1.0,1.0
v936,0.8,0.1
v937,0.6,0.0
v938,0.0,1.0
v939,0.2,1.0
v940,0.7,0.4
v941,0.7,0.6
v942,0.7,0.6
v943,0.0,1.0
v944,0.0,0.9
v945,0.6,0.3
v946,0.6,0.5
v947,0.2,0.6
v948,0.0,1.0
v949,0.3,0.8
v950,0.2,0.9
v951,0.0,0.8
v952,0.5,0.5
v953,0.2,0.7
v954,0.2,0.8
v955,0.7,0.3
v956,0.7,0.5
v957,0.7,0.9
v958,0.4,0.5
v959,0.7,0.5
v960,0.7,0.3
v961,0.0,0.0
v962,0.4,0.7
v963,1.0,0.0
v964,0.7,0.3
v965,0.6,0.3
v966,0.3,1.0
v967,0.8,0.0
v968,0.9,0.7
v969,0.0,0.9
v970,0.0,0.8
v971,0.9,0.2
v972,0.3,0.8
v973,0.0,1.0
v974,0.3,0.8
v975,0.1,0.8
v976,0.0,1.0
v977,0.4,0.8
v978,0.7,0.2
v979,0.8,0.5
v980,0.8,0.3
v981,0.9,0.1
v982,0.8,0.1
v983,0.5,0.5
v984,0.9,0.5
v985,0.1,0.1
v986,0.8,0.2
v987,0.0,0.0
v988,0.0,1.0
v989,0.3,0.6
v990,0.4,1.0
v991,0.9,0.0
v992,0.6,0.3
v993,0.9,0.1
v994,0.7,0.4
v995,0.5,0.5
v996,1.0,0.0
v997,1.0,0.0
v998,0.2,0.1
v999,0.3,0.7
v1000,0.0,0.6
v1001,0.7,0.0
v1002,0.8,0.2
v1003,0.9,0.4
v1004,0.6,0.2
v1005,0.2,0.3
v1006,0.6,0.8
v1007,0.6,0.4
v1008,0.2,0.8
v1009,0.8,0.3
v1010,0.9,0.0
v1011,0.5,0.0
v1012,0.0,0.0
v1013,0.0,0.2
v1014,0.5,0.1
v1015,0.0,0.9
v1016,0.2,0.7
v1017,0.2,0.8
v1018,0.0,0.8
v1019,0.8,0.0
v1020,0.8,0.1
v1021,0.6,0.6
v1022,0.1,0.6
v1023,0.1,0.5
v1024,0.2,0.6
v1025,0.9,0.3
v1026,0.3,0.8
v1027,0.7,0.1
v1028,0.8,0.3
v1029,0.0,0.8
v1030,0.5,0.5
v1031,0.5,0.4
v1032,0.8,0.3
v1033,0.1,1.0
v1034,0.6,0.7
v1035,0.8,0.0
v1036,0.5,0.5
v1037,0.6,0.6
v1038,0.1,0.8
v1039,0.5,0.6
v1040,0.2,0.8
v1041,0.6,0.8
v1042,0.2,0.8
v1043,0.5,0.3
v1044,0.6,0.0
v1045,0.0,0.9
v1046,0.2,0.6
v1047,0.3,0.7
v1048,0.0,0.8
v1049,0.6,0.2
v1050,0.5,0.6
v1051,0.0,0.0
v1052,0.0,0.3
v1053,0.2,0.6
v1054,0.0,1.0
v1055,1.0,0.0
v1056,0.2,0.7
v1057,0.5,0.5
v1058,0.5,0.5
v1059,0.9,0.1
v1060,0.5,0.5
v1061,0.1,0.8
v1062,0.5,0.5
v1063,0.4,0.6
v1064,0.4,0.8
v1065,0.7,0.9
v1066,0.9,0.0
v1067,0.2,1.0
v1068,0.1,0.7
v1069,0.0,0.4
v1070,0.0,0.7
v1071,0.0,0.9
v1072,0.4,0.4
v1073,0.9,0.6
v1074,0.5,1.0
v1075,0.3,0.5
v1076,0.5,0.0
v1077,1.0,0.0
v1078,0.1,0.7
v1079,0.5,0.3
v1080,0.6,0.2
v1081,0.0,0.8
v1082,1.0,0.0
v1083,0.2,0.7
v1084,0.5,0.5
v1085,1.0,0.1
v1086,0.8,0.2
v1087,0.3,0.4
v1088,0.8,0.0
v1089,0.0,1.0
v1090,0.7,1.0
v1091,0.4,0.6
v1092,0.6,0.1
v1093,0.8,0.1
v1094,0.7,0.2
v1095,0.1,0.5
v1096,0.0,0.9
v1097,0.1,0.6
v1098,0.1,0.8
v1099,0.7,0.5
v1100,0.3,0.7
v1101,0.8,0.2
v1102,0.4,0.9
v1103,0.0,1.0
v1104,0.0,0.9
v1105,0.8,0.2
v1106,0.0,0.8
v1107,0.4,0.8
v1108,0.8,0.3
v1109,0.8,0.1
v1110,0.0,0.8
v1111,0.5,1.0
v1112,0.8,0.0
v1113,1.0,0.0
v1114,1.0,0.1
v1115,0.9,0.1
v1116,0.6,0.0
v1117,0.8,0.3
v1118,0.4,0.7
v1119,0.8,0.0
v1120,0.8,0.3
v1121,0.3,0.8
v1122,0.9,0.1
v1123,0.4,0.3
v1124,0.0,0.8
v1125,0.8,0.2
v1126,0.0,0.6
v1127,0.0,0.9
v1128,0.0,1.0
v1129,0.5,0.5
v1130,0.8,0.0
v1131,0.0,1.0
v1132,0.9,0.2
v1133,0.3,0.3
v1134,0.2,0.7
v1135,0.0,0.9
v1136,0.8,0.3
v1137,0.5,0.5
v1138,0.7,0.7
v1139,0.7,0.2
v1140,0.5,0.5
v1141,0.8,0.3
v1142,0.5,0.5
v1143,0.0,0.7
v1144,1.0,0.0
v1145,0.7,0.4
v1146,0.2,1.0
v1147,0.6,0.6
v1148,0.2,0.8
v1149,0.8,0.4
v1150,0.1,0.9
v1151,0.2,0.8
v1152,0.7,0.0
v1153,0.3,0.6
v1154,0.5,0.5
v1155,0.0,0.0
v1156,0.0,0.8
v1157,0.0,0.8
v1158,0.7,0.5
v1159,0.4,0.7
v1160,1.0,0.0
v1161,0.3,0.8
v1162,0.7,0.3
v1163,0.2,0.8
v1164,0.2,0.5
v1165,0.0,0.7
v1166,0.7,0.2
v1167,0.0,1.0
v1168,0.0,0.8
v1169,0.2,0.9
v1170,1.0,0.0
v1171,0.8,0.0
v1172,0.9,0.1
v1173,0.7,0.0
v1174,0.2,0.9
v1175,0.1,0.6
v1176,0.4,0.9
v1177,0.1,0.7
v1178,0.1,0.8
v1179,0.9,
v1180,0.1,0.2
v1181,0.3,0.5
v1182,0.5,0.9
v1183,0.8,0.0
v1184,0.0,0.6
v1185,0.7,0.0
v1186,0.8,0.0
v1187,0.8,0.2
v1188,0.8,0.6
v1189,0.9,0.7
v1190,0.0,0.0
v1191,0.0,0.8
v1192,1.0,0.7
v1193,0.0,1.0
v1194,0.0,0.7
v1195,1.0,1.0
v1196,1.0,0.0
v1197,0.5,0.8
v1198,0.9,0.2
v1199,0.0,0.9
v1200,1.0,0.0
v1201,0.0,0.9
v1202,0.0,0.8
v1203,0.2,0.8
v1204,0.1,0.7
v1205,0.7,0.3
v1206,0.5,0.5
v1207,1.0,0.2
v1208,1.0,1.0
v1209,1.0,0.1
v1210,0.7,0.4
v1211,0.5,0.0
v1212,0.7,0.1
v1213,0.0,1.0
v1214,0.8,0.2
v1215,0.8,0.7
v1216,0.0,0.5
v1217,0.8,0.2
v1218,1.0,0.6
v1219,0.7,0.6
v1220,0.0,1.0
v1221,0.1,0.7
v1222,0.2,0.8
v1223,0.2,0.4
v1224,0.5,0.5
v1225,1.0,0.0
v1226,0.2,0.9
v1227,1.0,0.0
v1228,0.0,1.0
v1229,0.2,0.9
v1230,0.9,0.1
v1231,0.5,0.8
v1232,0.5,0.5
v1233,0.0,0.6
v1234,0.5,0.0
v1235,0.0,0.7
v1236,0.5,0.5
v1237,0.4,0.1
v1238,0.0,0.7
v1239,1.0,0.3
v1240,0.8,0.2
v1241,0.0,0.9
v1242,0.0,0.6
v1243,0.6,0.5
v1244,0.2,0.8
v1245,0.2,0.8
v1246,0.9,0.1
v1247,0.4,0.8
v1248,0.8,0.1
v1249,0.3,1.0
v1250,0.6,0.1
v1251,0.7,0.5
v1252,0.0,1.0
v1253,0.3,0.8
v1254,0.7,0.2
v1255,0.4,0.5
v1256,0.3,0.7
v1257,0.0,1.0
v1258,0.3,0.6
v1259,0.6,
v1260,0.2,0.1
v1261,1.0,0.5
v1262,1.0,0.0
v1263,0.9,0.3
v1264,0.7,0.1
v1265,0.6,0.4
v1266,0.5,0.5
v1267,0.9,0.9
v1268,0.3,0.8
v1269,0.0,1.0
v1270,0.8,0.0
v1271,1.0,0.0
v1272,0.1,0.8
v1273,0.3,0.7
v1274,0.2,0.3
v1275,0.6,0.3
v1276,0.1,0.7
v1277,0.8,0.1
v1278,0.0,0.9
v1279,0.0,1.0
v1280,1.0,0.0
v1281,0.3,0.7
v1282,0.2,0.8
v1283,0.0,0.9
v1284,0.8,0.0
v1285,0.6,0.4
v1286,0.3,0.3
v1287,0.3,0.5
v1288,0.2,0.7
v1289,0.3,0.5
v1290,1.0,0.0
v1291,0.5,0.3
v1292,0.9,0.2
v1293,1.0,0.0
v1294,0.4,0.7
v1295,0.9,0.1
v1296,0.0,0.9
v1297,0.5,0.5
v1298,1.0,0.0
v1299,0.8,0.2
v1300,0.4,1.0
v1301,0.0,0.7
v1302,1.0,0.0
v1303,0.0,0.8
v1304,0.4,0.9
v1305,0.7,0.0
v1306,1.0,0.0
v1307,0.7,0.0
v1308,0.7,0.6
v1309,0.8,0.2
v1310,1.0,0.0
v1311,0.2,0.8
v1312,1.0,0.0
v1313,0.1,1.0
v1314,0.1,0.7
v1315,0.7,0.2
v1316,0.6,0.6
v1317,0.8,0.1
v1318,0.1,0.7
v1319,0.7,0.2
v1320,1.0,0.2
v1321,0.0,0.0
v1322,0.1,0.9
v1323,1.0,1.0
v1324,0.5,0.3
v1325,0.3,0.3
v1326,0.7,0.1
v1327,0.4,0.5
v1328,0.5,0.6
v1329,0.2,0.3
v1330,0.2,0.3
v1331,0.1,1.0
v1332,0.5,0.9
v1333,0.3,0.6
v1334,0.0,1.0
v1335,0.2,1.0
v1336,0.0,0.9
v1337,0.8,0.0
v1338,0.7,0.3
v1339,0.5,0.5
v1340,0.5,0.5
v1341,0.6,0.5
v1342,0.7,0.3
v1343,0.3,0.8
v1344,0.2,0.9
v1345,0.0,1.0
v1346,1.0,1.0
v1347,0.6,0.4
v1348,0.3,0.3
v1349,0.8,0.4
v1350,0.0,0.9
v1351,0.5,0.5
v1352,0.1,0.3
v1353,0.2,0.6
v1354,0.7,0.8
v1355,1.0,0.0
v1356,0.5,0.9
v1357,0.0,0.9
v1358,0.1,0.9
v1359,1.0,0.0
v1360,0.0,0.8
v1361,0.9,0.0
v1362,1.0,0.4
v1363,1.0,0.0
v1364,0.3,0.0
v1365,0.0,0.5
v1366,0.2,0.3
v1367,0.5,0.5
v1368,0.8,0.0
v1369,0.4,0.7
v1370,0.8,0.9
v1371,0.8,0.2
v1372,0.3,0.8
v1373,0.6,0.2
v1374,0.2,0.6
v1375,0.5,1.0
v1376,0.4,0.8
v1377,0.7,0.7
v1378,0.3,0.5
v1379,0.6,0.4
v1380,0.7,0.1
v1381,0.8,0.2
v1382,0.0,0.8
v1383,0.0,1.0
v1384,0.0,1.0
v1385,0.5,0.2
v1386,0.5,0.5
v1387,0.0,0.6
v1388,0.8,0.3
v1389,0.8,0.2
v1390,1.0,0.0
v1391,0.0,0.5
v1392,0.3,0.8
v1393,0.8,0.5
v1394,1.0,0.0
v1395,0.2,0.8
v1396,0.7,0.5
v1397,0.4,0.7
v1398,0.0,0.8
v1399,0.8,0.1
v1400,0.1,1.0
v1401,0.6,0.4
v1402,0.1,0.9
v1403,0.9,0.1
v1404,0.4,0.7
v1405,0.0,1.0
v1406,0.0,1.0
v1407,1.0,0.1
v1408,0.5,0.5
v1409,0.4,0.5
v1410,0.6,0.6
v1411,0.8,0.0
v1412,0.3,1.0
v1413,0.3,0.8
v1414,0.0,1.0
v1415,0.9,0.2
v1416,0.3,0.8
v1417,0.7,0.0
v1418,1.0,1.0
v1419,0.8,0.0
v1420,0.8,0.2
v1421,0.0,0.0
v1422,0.0,0.8
v1423,0.5,0.5
v1424,1.0,0.0
v1425,0.7,0.4
v1426,0.3,0.9
v1427,0.0,0.0
v1428,0.0,0.9
v1429,0.0,0.7
v1430,0.6,0.0
v1431,0.4,0.5
v1432,0.4,0.4
v1433,0.6,0.2
v1434,0.9,0.0
v1435,0.5,0.5
v1436,0.0,0.5
v1437,0.4,0.6
v1438,0.0,0.6
v1439,0.8,0.3
v1440,0.2,0.5
v1441,0.2,0.7
v1442,0.2,0.7
v1443,0.3,0.8
v1444,1.0,0.0
v1445,0.8,0.0
v1446,0.5,0.9
v1447,0.2,0.5
v1448,0.3,0.7
v1449,1.0,0.0
v1450,0.4,0.7
v1451,0.8,0.0
v1452,0.1,0.8
v1453,0.6,0.0
v1454,0.4,0.5
v1455,0.8,0.2
v1456,0.3,0.7
v1457,0.2,0.8
v1458,0.1,0.5
v1459,0.7,0.5
v1460,1.0,0.0
v1461,0.0,1.0
v1462,0.0,1.0
v1463,0.2,1.0
v1464,0.9,0.0
v1465,1.0,0.0
v1466,0.8,0.0
v1467,0.9,0.1
v1468,0.0,0.8
v1469,0.7,0.1
v1470,0.0,0.9
v1471,0.8,0.0
v1472,0.7,0.3
v1473,0.4,0.6
v1474,0.7,0.4
v1475,0.2,0.8
v1476,1.0,0.0
v1477,0.1,0.1
v1478,0.5,0.5
v1479,0.0,0.8
v1480,0.9,0.0
v1481,0.3,0.8
v1482,1.0,0.0
v1483,0.7,0.2
v1484,0.0,0.8
v1485,0.5,0.8
v1486,0.4,0.6
v1487,0.4,0.8
v1488,0.4,0.6
v1489,0.1,0.6
v1490,0.6,0.3
v1491,0.2,0.8
v1492,0.1,0.9
v1493,0.1,0.7
v1494,0.8,0.0
v1495,0.9,0.1
v1496,0.5,0.5
v1497,0.9,0.1
v1498,0.3,0.7
v1499,0.1,1.0
v1500,0.8,0.3
v1501,0.6,0.3
v1502,0.4,0.5
v1503,0.0,1.0
v1504,0.2,0.7
v1505,0.7,0.0
v1506,0.8,0.7
v1507,0.3,0.6
v1508,0.4,0.6
v1509,0.8,0.0
v1510,0.7,0.3
v1511,0.7,0.0
v1512,0.6,0.6
v1513,0.1,0.6
v1514,0.0,1.0
v1515,0.9,0.2
v1516,0.8,0.3
v1517,0.5,0.5
v1518,0.0,1.0
v1519,0.4,0.8
v1520,0.4,0.8
v1521,0.8,0.3
v1522,1.0,0.0
v1523,0.0,0.8
v1524,0.3,0.9
v1525,0.9,0.1
v1526,0.7,0.1
v1527,0.2,0.8
v1528,0.4,0.7
v1529,0.1,0.7
v1530,0.5,0.0
v1531,0.0,0.6
v1532,0.5,0.7
v1533,0.0,1.0
v1534,0.8,0.3
v1535,1.0,0.0
v1536,0.1,0.4
v1537,0.6,0.2
v1538,0.3,0.4
v1539,0.0,0.5
v1540,0.3,0.7
v1541,1.0,0.0
v1542,0.4,0.2
v1543,0.9,1.0
v1544,0.0,1.0
v1545,0.1,0.9
v1546,0.9,0.0
v1547,0.9,0.3
v1548,0.0,1.0
v1549,0.5,0.0
v1550,0.4,0.8
v1551,0.7,0.3
v1552,0.2,1.0
v1553,0.8,0.2
v1554,0.9,0.2
v1555,0.9,0.0
v1556,0.5,0.5
v1557,0.4,0.6
v1558,0.7,0.0
v1559,0.6,0.6
v1560,0.1,0.8
v1561,0.2,0.6
v1562,0.5,0.7
v1563,0.1,0.8
v1564,0.8,0.0
v1565,0.9,0.0
v1566,0.9,0.2
v1567,0.8,0.1
v1568,0.1,0.6
v1569,0.1,0.9
v1570,0.8,0.3
v1571,0.3,0.3
v1572,0.7,0.0
v1573,0.0,0.7
v1574,0.0,0.7
v1575,1.0,0.0
v1576,0.1,0.3
v1577,0.3,0.8
v1578,0.0,0.9
v1579,0.0,0.8
v1580,0.8,0.2
v1581,0.4,1.0
v1582,0.7,0.4
v1583,0.1,0.7
v1584,0.3,1.0
v1585,0.5,0.5
v1586,0.5,0.8
v1587,0.7,0.0
v1588,0.0,0.9
v1589,0.0,0.9
v1590,0.7,0.0
v1591,0.3,0.3
v1592,1.0,0.0
v1593,0.0,0.7
v1594,1.0,0.0
v1595,0.4,0.7
v1596,1.0,0.0
v1597,0.4,0.4
v1598,0.0,0.7
v1599,1.0,0.0
v1600,0.1,0.0
v1601,0.0,0.1
v1602,0.0,0.6
v1603,0.5,0.0
v1604,0.8,0.2
v1605,0.9,0.1
v1606,0.3,0.5
v1607,0.5,0.7
v1608,0.0,0.6
v1609,1.0,0.0
v1610,0.5,0.3
v1611,0.3,0.8
v1612,0.2,0.7
v1613,0.2,0.5
v1614,0.8,0.4
v1615,0.2,0.9
v1616,0.5,0.4
v1617,0.0,0.8
v1618,0.7,0.9
v1619,0.4,0.7
v1620,1.0,1.0
v1621,0.3,0.9
v1622,0.9,0.1
v1623,0.0,0.6
v1624,0.0,0.5
v1625,0.0,0.8
v1626,0.7,0.8
v1627,0.2,0.9
v1628,0.0,1.0
v1629,0.9,0.0
v1630,1.0,0.0
v1631,1.0,0.1
v1632,0.0,0.0
v1633,0.0,1.0
v1634,0.7,0.6
v1635,0.0,0.9
v1636,1.0,0.7
v1637,0.8,0.3
v1638,0.9,0.1
v1639,1.0,1.0
v1640,0.9,0.0
v1641,0.1,0.8
v1642,1.0,0.0
v1643,0.9,0.0
v1644,0.2,0.7
v1645,0.9,0.2
v1646,0.8,0.0
v1647,0.5,0.7
v1648,1.0,0.0
v1649,0.2,1.0
v1650,0.8,0.2
v1651,0.5,0.8
v1652,1.0,0.0
v1653,0.8,0.1
v1654,0.0,0.8
v1655,0.4,0.7
v1656,0.9,0.9
v1657,0.4,0.8
v1658,1.0,0.0
v1659,0.2,0.9
v1660,0.1,0.5
v1661,0.9,0.3
v1662,0.8,0.2
v1663,0.8,0.2
v1664,0.7,0.1
v1665,0.8,0.3
v1666,0.5,0.7
v1667,0.4,0.1
v1668,0.0,0.9
v1669,0.0,0.9
v1670,0.1,0.7
v1671,0.5,0.5
v1672,0.1,0.5
v1673,0.5,0.1
v1674,0.0,0.7
v1675,0.6,0.6
v1676,0.6,0.2
v1677,0.1,0.9
v1678,0.7,0.2
v1679,0.5,0.7
v1680,1.0,0.0
v1681,0.5,0.2
v1682,0.8,0.2
v1683,0.5,0.7
v1684,1.0,1.0
v1685,0.0,1.0
v1686,0.0,1.0
v1687,0.0,1.0
v1688,0.0,0.8
v1689,0.5,1.0
v1690,0.8,0.3
v1691,0.5,0.5
v1692,0.5,0.4
v1693,0.3,0.6
v1694,0.8,0.2
v1695,0.0,1.0
v1696,0.5,1.0
v1697,0.0,1.0
v1698,0.5,0.5
v1699,0.9,0.3
v1700,0.3,1.0
v1701,1.0,0.0
v1702,0.0,0.5
v1703,0.7,0.4
v1704,0.5,0.5
v1705,0.2,0.7
v1706,0.1,0.7
v1707,0.9,0.5
v1708,0.5,0.4
v1709,0.8,0.2
v1710,0.3,0.8
v1711,0.3,0.5
v1712,0.7,0.4
v1713,0.5,0.5
v1714,0.6,0.7
v1715,0.0,1.0
v1716,0.5,0.8
v1717,0.3,0.8
v1718,0.5,0.9
v1719,0.7,0.3
v1720,0.8,0.0
v1721,0.2,0.8
v1722,0.0,0.8
v1723,0.0,0.9
v1724,1.0,0.0
v1725,0.8,0.3
v1726,0.1,0.9
v1727,0.3,0.7
v1728,0.0,0.9
v1729,0.7,0.4
v1730,0.4,0.7
v1731,0.4,0.7
v1732,0.4,0.8
v1733,0.9,0.5
v1734,0.0,1.0
v1735,0.7,0.1
v1736,0.3,0.9
v1737,0.8,0.3
v1738,0.1,0.8
v1739,0.1,0.9
v1740,0.8,0.3
v1741,0.0,0.8
v1742,0.0,1.0
v1743,0.3,0.8
v1744,0.9,0.0
v1745,0.5,0.1
v1746,0.7,0.4
v1747,0.6,0.4
v1748,0.9,0.1
v1749,0.0,0.6
v1750,0.8,0.0
v1751,0.2,0.8
v1752,0.6,0.8
v1753,0.2,0.6
v1754,1.0,0.0
v1755,1.0,0.0
v1756,0.8,0.4
v1757,1.0,0.0
v1758,0.9,0.0
v1759,1.0,0.1
v1760,1.0,0.0
v1761,0.4,0.7
v1762,0.5,0.2
v1763,0.5,0.8
v1764,0.3,1.0
v1765,0.6,0.4
v1766,0.3,0.3
v1767,1.0,0.2
v1768,0.3,0.3
v1769,1.0,0.0
v1770,0.3,0.7
v1771,0.2,0.8
v1772,0.6,0.4
v1773,0.5,0.5
v1774,0.0,0.8
v1775,0.0,0.6
v1776,0.6,0.6
v1777,1.0,0.0
v1778,0.2,0.8
v1779,0.9,0.0
v1780,0.5,0.5
v1781,0.0,0.6
v1782,0.3,0.7
v1783,0.1,0.9
v1784,0.0,0.2
v1785,0.7,0.0
v1786,0.7,0.0
v1787,0.9,0.0
v1788,1.0,0.0
v1789,0.4,0.7
v1790,0.1,0.9
v1791,0.0,0.9
v1792,0.0,0.9
v1793,1.0,0.0
v1794,0.0,0.7
v1795,0.2,1.0
v1796,0.4,0.4
v1797,0.2,0.4
v1798,0.9,0.3
v1799,1.0,0.0
v1800,0.9,0.0
v1801,1.0,0.0
v1802,0.6,0.5
v1803,0.0,0.6
v1804,0.0,0.8
v1805,0.8,0.0
v1806,0.0,1.0
v1807,0.8,0.2
v1808,0.4,0.6
v1809,0.5,0.7
v1810,1.0,0.0
v1811,0.8,0.3
v1812,0.9,0.0
v1813,0.0,1.0
v1814,0.9,0.0
v1815,0.1,0.7
v1816,0.5,0.0
v1817,0.5,0.3
v1818,0.8,0.2
v1819,0.0,0.7
v1820,0.8,0.1
v1821,0.7,0.3
v1822,0.0,0.7
v1823,0.7,0.3
v1824,0.5,0.5
v1825,0.9,0.0
v1826,0.0,0.3
v1827,0.2,1.0
v1828,0.2,0.8
v1829,1.0,0.0
v1830,0.5,0.6
v1831,0.7,0.0
v1832,1.0,0.3
v1833,0.0,1.0
v1834,0.8,0.2
v1835,0.0,0.3
v1836,0.0,0.8
v1837,0.3,0.7
v1838,0.0,0.7
v1839,0.4,0.8
v1840,0.3,0.8
v1841,0.0,0.8
v1842,0.0,0.9
v1843,0.2,0.9
v1844,0.0,0.6
v1845,0.0,0.0
v1846,0.0,1.0
v1847,0.7,0.0
v1848,0.0,0.5
v1849,1.0,0.0
v1850,0.7,0.3
v1851,1.0,0.7
v1852,0.4,0.7
v1853,0.0,1.0
v1854,0.0,0.8
v1855,0.7,0.4
v1856,0.9,0.1
v1857,1.0,0.0
v1858,0.0,0.7
v1859,0.0,0.8
v1860,0.8,0.2
v1861,0.3,1.0
v1862,0.1,0.9
v1863,0.3,0.7
v1864,0.0,1.0
v1865,0.5,0.5
v1866,0.3,0.8
v1867,0.3,0.2
v1868,0.5,0.5
v1869,0.0,0.8
v1870,1.0,0.0
v1871,0.8,0.0
v1872,0.5,0.4
v1873,0.2,0.7
v1874,0.9,0.0
v1875,0.8,0.2
v1876,0.9,0.0
v1877,0.5,0.7
v1878,0.6,0.2
v1879,0.8,0.2
v1880,0.2,0.7
v1881,0.0,1.0
v1882,0.5,0.7
v1883,0.4,0.7
v1884,0.9,0.0
v1885,0.2,0.3
v1886,0.7,0.0
v1887,0.8,0.3
v1888,0.8,0.7
v1889,0.3,0.2
v1890,1.0,0.0
v1891,0.0,1.0
v1892,0.1,0.8
v1893,0.8,0.0
v1894,1.0,0.0
v1895,0.5,0.5
v1896,0.9,0.0
v1897,0.0,0.8
v1898,1.0,0.0
v1899,0.0,0.7
v1900,0.4,0.4
v1901,0.0,0.8
v1902,0.8,0.0
v1903,0.1,0.8
v1904,1.0,0.0
v1905,0.7,0.0
v1906,0.6,0.2
v1907,0.0,0.8
v1908,0.1,0.8
v1909,0.0,1.0
v1910,0.0,1.0
v1911,0.5,0.5
v1912,0.2,0.9
v1913,0.3,0.8
v1914,0.7,0.0
v1915,0.8,0.0
v1916,0.1,0.8
v1917,0.5,0.4
v1918,0.5,0.7
v1919,0.5,0.5
v1920,0.9,0.1
v1921,0.5,0.5
v1922,0.0,0.8
v1923,0.6,0.5
v1924,0.1,0.6
v1925,0.3,0.5
v1926,0.9,0.3
v1927,0.4,0.0
v1928,0.7,0.7
v1929,0.8,0.1
v1930,0.8,0.0
v1931,0.3,0.7
v1932,0.1,0.9
v1933,0.5,0.5
v1934,1.0,0.0
v1935,0.1,0.7
v1936,0.2,0.6
v1937,0.4,0.8
v1938,0.0,0.0
v1939,0.3,0.8
v1940,0.7,0.3
v1941,0.6,0.4
v1942,0.8,0.0
v1943,1.0,0.2
v1944,0.8,0.6
v1945,0.4,0.7
v1946,0.4,0.4
v1947,0.2,0.8
v1948,0.5,0.6
v1949,0.4,0.5
v1950,0.7,0.0
v1951,0.6,0.7
v1952,0.1,0.8
v1953,0.6,0.8
v1954,0.8,0.2
v1955,0.8,0.2
v1956,0.8,0.3
v1957,0.8,0.1
v1958,0.0,0.8
v1959,0.0,0.8
v1960,0.2,0.8
v1961,0.5,0.7
v1962,0.5,0.5
v1963,0.0,0.4
v1964,0.2,0.4
v1965,0.5,0.3
v1966,0.0,0.7
v1967,0.4,1.0
v1968,0.9,0.0
v1969,0.7,1.0
v1970,0.5,0.7
v1971,1.0,0.0
v1972,0.8,0.0
v1973,0.0,0.3
v1974,0.9,0.5
v1975,0.5,0.7
v1976,0.0,0.1
v1977,0.2,0.9
v1978,0.0,0.8
v1979,0.6,0.3
v1980,0.5,0.6
v1981,0.2,0.7
v1982,0.4,0.8
v1983,0.6,0.4
v1984,0.9,0.2
v1985,0.7,0.7
v1986,0.0,0.8
v1987,0.3,0.9
v1988,0.0,1.0
v1989,0.2,0.6
v1990,0.5,0.7
v1991,0.9,0.0
v1992,0.8,0.0
v1993,0.6,0.0
v1994,0.6,0.8
v1995,0.0,1.0
v1996,0.7,0.4
v1997,0.8,0.3
v1998,0.6,0.3
v1999,0.9,0.2
v2000,0.1,0.2
v2001,0.8,0.0
v2002,0.0,1.0
v2003,0.2,0.6
v2004,0.5,0.9
v2005,0.7,0.0
v2006,0.5,0.4
v2007,0.9,0.1
v2008,1.0,0.0
v2009,0.0,0.9
v2010,0.8,0.1
v2011,0.5,0.5
v2012,0.0,1.0
v2013,0.4,0.7
v2014,0.5,0.1
v2015,0.9,0.6
v2016,0.7,0.3
v2017,0.0,0.9
v2018,0.6,0.1
v2019,0.6,0.0
v2020,0.9,0.1
v2021,0.5,0.5
v2022,1.0,0.1
v2023,0.0,0.6
v2024,0.5,0.3
v2025,0.3,0.8
v2026,0.0,1.0
v2027,1.0,0.0
v2028,0.6,0.0
v2029,0.5,0.5
v2030,1.0,0.2
v2031,0.8,0.0
v2032,0.3,0.7
v2033,1.0,0.3
v2034,0.0,1.0
v2035,0.0,1.0
v2036,0.0,0.0
v2037,0.3,0.8
v2038,0.0,1.0
v2039,0.9,0.1
v2040,0.2,0.8
v2041,0.0,1.0
v2042,1.0,0.5
v2043,0.4,0.8
v2044,0.0,1.0
v2045,1.0,0.6
v2046,0.8,0.0
v2047,0.7,0.7
v2048,0.0,0.3
v2049,0.0,0.8
v2050,0.0,0.3
v2051,0.6,0.2
v2052,0.9,0.2
v2053,0.9,0.0
v2054,0.5,0.8
v2055,1.0,1.0
v2056,0.2,0.8
v2057,1.0,0.0
v2058,0.8,0.5
v2059,0.9,0.7
v2060,0.4,1.0
v2061,0.0,0.9
v2062,0.4,0.3
v2063,0.3,0.8
v2064,0.8,0.1
v2065,0.5,0.5
v2066,0.5,0.7
v2067,0.0,0.7
v2068,1.0,1.0
v2069,0.8,0.9
v2070,0.0,0.8
v2071,0.8,0.2
v2072,0.8,0.0
v2073,0.9,0.1
v2074,0.0,0.6
v2075,1.0,0.0
v2076,0.8,0.0
v2077,0.1,1.0
v2078,0.0,0.8
v2079,0.8,0.0
v2080,0.1,0.7
v2081,0.7,0.3
v2082,0.1,0.8
v2083,0.8,0.5
v2084,0.3,1.0
v2085,0.2,0.9
v2086,0.0,0.8
v2087,0.5,0.1
v2088,0.4,0.9
v2089,0.3,0.7
v2090,0.0,0.0
v2091,0.5,0.2
v2092,0.9,0.3
v2093,0.0,0.9
v2094,0.1,0.3
v2095,0.5,0.2
v2096,0.6,0.0
v2097,0.5,0.5
v2098,0.8,0.5
v2099,0.8,0.2
v2100,0.0,1.0
v2101,0.7,0.0
v2102,0.3,0.8
v2103,0.5,0.5
v2104,0.3,0.8
v2105,0.8,0.5
v2106,0.1,0.5
v2107,1.0,0.1
v2108,0.0,0.8
v2109,0.0,0.7
v2110,0.0,0.8
v2111,0.4,0.4
v2112,0.0,0.7
v2113,0.9,0.0
v2114,0.0,0.6
v2115,0.2,0.4
v2116,0.6,0.0
v2117,1.0,0.1
v2118,0.0,0.0
v2119,0.5,0.5
v2120,1.0,0.0
v2121,0.3,0.2
v2122,0.8,0.2
v2123,0.9,0.0
v2124,0.7,0.1
v2125,0.0,1.0
v2126,0.2,0.6
v2127,0.3,0.6
v2128,0.7,0.0
v2129,0.0,1.0
v2130,0.2,1.0
v2131,0.0,0.0
v2132,0.0,0.7
v2133,0.4,0.5
v2134,0.4,0.9
v2135,0.8,0.0
v2136,0.0,0.4
v2137,0.8,0.0
v2138,0.9,0.0
v2139,0.9,0.2
v2140,0.9,0.0
v2141,0.1,0.9
v2142,0.1,0.7
v2143,0.0,0.9
v2144,0.2,0.8
v2145,0.3,0.0
v2146,0.7,0.5
v2147,0.1,1.0
v2148,0.5,0.5
v2149,0.1,0.8
v2150,0.6,0.4
v2151,0.9,0.2
v2152,0.3,0.7
v2153,0.0,0.7
v2154,0.8,0.8
v2155,0.4,0.6
v2156,0.0,0.7
v2157,0.4,0.9
v2158,1.0,1.0
v2159,0.0,1.0
v2160,0.3,0.8
v2161,0.2,0.3
v2162,0.0,0.9
v2163,0.3,0.8
v2164,0.8,0.2
v2165,0.0,0.7
v2166,0.9,0.0
v2167,0.0,0.9
v2168,0.8,0.2
v2169,0.3,0.5
v2170,0.9,0.3
v2171,0.4,0.8
v2172,0.0,0.6
v2173,0.0,1.0
v2174,0.5,0.4
v2175,0.8,0.3
v2176,0.1,0.9
v2177,0.0,0.7
v2178,0.9,0.1
v2179,0.0,0.5
v2180,0.2,0.9
v2181,0.9,0.1
v2182,0.8,0.4
v2183,0.7,0.0
v2184,0.4,0.6
v2185,0.9,0.0
v2186,0.2,0.4
v2187,0.0,1.0
v2188,0.8,0.5
v2189,0.9,0.0
v2190,0.7,0.3
v2191,0.3,0.8
v2192,0.9,0.0
v2193,0.7,0.0
v2194,0.9,0.1
v2195,0.0,1.0
v2196,0.5,0.5
v2197,0.8,0.5
v2198,0.7,0.0
v2199,0.1,1.0
v2200,1.0,0.0
v2201,0.0,0.2
v2202,0.6,0.3
v2203,0.4,0.5
v2204,1.0,0.0
v2205,0.0,0.8
v2206,0.1,0.1
v2207,1.0,1.0
v2208,0.5,0.3
v2209,0.5,0.6
v2210,0.8,0.3
v2211,0.5,0.5
v2212,0.5,0.5
v2213,0.9,0.0
v2214,1.0,0.4
v2215,0.0,1.0
v2216,0.2,0.2
v2217,0.5,0.5
v2218,0.5,0.5
v2219,0.1,0.9
v2220,0.4,0.3
v2221,0.7,0.3
v2222,0.9,0.7
v2223,0.9,0.4
v2224,0.8,0.0
v2225,0.5,0.1
v2226,0.0,0.8
v2227,0.7,0.1
v2228,0.2,0.7
v2229,0.5,0.8
v2230,0.9,0.4
v2231,0.8,0.3
v2232,1.0,0.0
v2233,0.0,1.0
v2234,0.7,0.3
v2235,0.4,0.0
v2236,0.8,0.0
v2237,0.0,1.0
v2238,0.6,0.6
v2239,0.1,0.9
v2240,1.0,1.0
v2241,0.9,0.2
v2242,0.0,0.8
v2243,0.0,0.7
v2244,0.5,0.5
v2245,0.6,0.6
v2246,0.7,0.0
v2247,0.1,0.8
v2248,0.3,0.8
v2249,0.6,0.2
v2250,0.0,1.0
v2251,0.1,0.5
v2252,0.6,0.3
v2253,0.1,0.8
v2254,0.1,0.1
v2255,0.9,0.0
v2256,0.1,0.9
v2257,0.7,0.0
v2258,0.7,0.4
v2259,0.0,0.4
v2260,0.4,0.0
v2261,0.6,0.6
v2262,0.1,0.9
v2263,0.5,0.5
v2264,0.0,1.0
v2265,0.4,0.6
v2266,0.7,0.7
v2267,0.7,0.2
v2268,0.3,0.9
v2269,0.5,0.8
v2270,0.1,0.5
v2271,0.2,0.8
v2272,0.4,0.9
v2273,0.3,0.6
v2274,0.0,0.7
v2275,0.6,0.3
v2276,0.7,0.3
v2277,0.2,0.9
v2278,1.0,0.0
v2279,1.0,0.4
v2280,0.0,0.8
v2281,0.1,0.5
v2282,0.7,0.3
v2283,1.0,1.0
v2284,0.5,1.0
v2285,1.0,0.0
v2286,0.5,0.5
v2287,0.3,1.0
v2288,1.0,0.0
v2289,0.6,0.0
v2290,0.7,0.5
v2291,0.9,0.1
v2292,0.9,0.5
v2293,0.2,0.8
v2294,0.8,0.4
v2295,0.0,0.8
v2296,0.1,0.6
v2297,0.8,0.0
v2298,1.0,0.0
v2299,0.0,1.0
v2300,0.8,0.9
v2301,0.8,0.2
v2302,1.0,0.1
v2303,1.0,0.0
v2304,1.0,0.0
v2305,0.6,0.8
v2306,0.2,0.5
v2307,1.0,0.0
v2308,0.5,0.4
v2309,0.5,0.8
v2310,0.2,0.8
v2311,0.2,0.8
v2312,0.8,0.3
v2313,0.8,0.0
v2314,0.2,0.8
v2315,0.0,0.8
v2316,0.8,0.2
v2317,0.2,0.8
v2318,0.9,1.0
v2319,0.6,0.7
v2320,0.2,0.8
v2321,0.6,0.0
v2322,0.5,0.5
v2323,0.0,0.7
v2324,0.5,0.5
v2325,0.3,0.8
v2326,0.0,0.0
v2327,0.7,0.4
v2328,0.2,0.8
v2329,1.0,0.0
v2330,0.1,0.7
v2331,0.2,0.8
v2332,0.6,0.4
v2333,0.5,0.2
v2334,0.4,0.5
v2335,0.8,0.9
v2336,0.4,0.6
v2337,0.2,0.5
v2338,0.8,0.0
v2339,0.8,0.0
v2340,0.4,1.0
v2341,0.1,0.5
v2342,0.5,0.5
v2343,0.0,1.0
v2344,0.0,0.5
v2345,0.5,0.5
v2346,0.0,0.0
v2347,0.3,0.8
v2348,0.3,0.7
v2349,0.8,0.4
v2350,0.1,0.6
v2351,0.2,0.8
v2352,0.0,1.0
v2353,0.0,0.6
v2354,0.0,1.0
v2355,0.8,0.0
v2356,0.5,0.5
v2357,0.8,0.0
v2358,0.0,0.7
v2359,1.0,0.0
v2360,0.4,0.8
v2361,0.0,0.9
v2362,0.2,0.1
v2363,1.0,0.5
v2364,0.9,0.3
v2365,1.0,1.0
v2366,0.0,0.0
v2367,1.0,0.0
v2368,0.7,0.5
v2369,0.6,0.0
v2370,0.3,0.4
v2371,0.5,0.6
v2372,0.3,0.8
v2373,0.0,0.4
v2374,0.4,0.8
v2375,0.5,0.5
v2376,0.6,0.3
v2377,0.8,0.2
v2378,0.2,0.9
v2379,0.7,0.1
v2380,0.0,0.8
v2381,0.9,0.0
v2382,1.0,0.0
v2383,0.5,0.5
v2384,0.5,0.5
v2385,0.0,0.8
v2386,0.2,0.7
v2387,0.5,0.5
v2388,1.0,0.1
v2389,0.4,0.0
v2390,0.2,0.7
v2391,0.0,0.8
v2392,0.2,0.4
v2393,0.1,0.5
v2394,0.7,0.5
v2395,0.0,0.8
v2396,0.0,0.9
v2397,0.2,0.2
v2398,0.0,0.9
v2399,0.0,1.0
v2400,0.0,0.7
v2401,0.2,0.9
v2402,0.7,0.1
v2403,1.0,0.7
v2404,1.0,0.0
v2405,0.0,0.8
v2406,0.6,0.7
v2407,0.9,1.0
v2408,0.2,0.7
v2409,0.6,0.3
v2410,0.7,0.2
v2411,1.0,0.0
v2412,0.1,0.6
v2413,0.3,0.7
v2414,0.0,0.8
v2415,0.5,0.5
v2416,0.9,0.2
v2417,0.3,0.0
v2418,0.0,1.0
v2419,0.9,0.0
v2420,0.5,0.5
v2421,0.9,0.0
v2422,0.6,0.9
v2423,1.0,0.0
v2424,0.0,0.7
v2425,0.6,0.3
v2426,0.8,0.2
v2427,0.0,0.9
v2428,0.0,0.8
v2429,0.8,0.3
v2430,0.6,0.6
v2431,1.0,0.0
v2432,0.6,0.2
v2433,0.1,0.9
v2434,0.7,0.2
v2435,0.2,1.0
v2436,0.0,0.1
v2437,0.1,0.6
v2438,0.0,0.7
v2439,0.8,0.2
v2440,0.5,0.5
v2441,0.8,0.1
v2442,0.0,0.8
v2443,0.0,1.0
v2444,0.7,0.2
v2445,0.5,0.9
v2446,1.0,0.0
v2447,0.2,0.7
v2448,0.1,0.7
v2449,0.0,0.6
v2450,1.0,0.0
v2451,0.2,0.7
v2452,0.8,0.0
v2453,0.2,0.8
v2454,0.8,0.2
v2455,1.0,0.0
v2456,1.0,0.0
v2457,1.0,1.0
v2458,0.3,0.5
v2459,0.4,0.7
v2460,1.0,0.0
v2461,0.6,0.7
v2462,0.2,0.9
v2463,0.0,0.7
v2464,0.2,0.6
v2465,0.6,0.3
v2466,0.5,0.2
v2467,0.5,0.5
v2468,0.0,0.9
v2469,0.0,0.7
v2470,0.5,0.5
v2471,0.2,0.5
v2472,0.1,0.1
v2473,0.0,0.7
v2474,0.7,0.4
v2475,0.8,0.0
v2476,0.7,0.4
v2477,0.8,0.1
v2478,0.1,0.1
v2479,0.0,0.9
v2480,1.0,0.0
v2481,0.5,0.3
v2482,0.8,0.2
v2483,0.7,0.2
v2484,0.1,0.9
v2485,0.2,0.9
v2486,1.0,0.2
v2487,0.8,0.0
v2488,0.3,0.8
v2489,0.4,0.9
v2490,0.5,0.7
v2491,0.0,0.9
v2492,1.0,0.2
v2493,0.4,0.5
v2494,0.5,0.1
v2495,0.3,0.2
v2496,0.0,0.7
v2497,1.0,0.0
v2498,0.2,0.5
v2499,0.2,0.7
v2500,0.5,0.5
v2501,0.0,1.0
v2502,0.3,0.3
v2503,0.0,0.4
v2504,0.3,0.8
v2505,0.7,0.0
v2506,0.6,0.5
v2507,0.0,1.0
v2508,0.8,0.0
v2509,0.5,0.5
v2510,0.8,0.4
v2511,1.0,0.5
v2512,0.6,0.2
v2513,0.5,0.3
v2514,0.1,0.5
v2515,0.4,0.9
v2516,0.4,0.5
v2517,0.8,0.2
v2518,0.5,0.3
v2519,0.7,0.1
v2520,0.3,0.8
v2521,0.5,0.5
v2522,0.1,0.9
v2523,0.0,1.0
v2524,0.9,0.3
v2525,1.0,0.0
v2526,1.0,0.0
v2527,0.3,0.9
v2528,0.2,0.4
v2529,0.0,0.7
v2530,0.5,0.5
v2531,1.0,0.0
v2532,0.4,0.3
v2533,0.2,0.8
v2534,0.5,0.5
v2535,1.0,0.0
v2536,1.0,1.0
v2537,0.8,0.5
v2538,0.0,1.0
v2539,0.1,0.6
v2540,0.1,0.7
v2541,0.5,0.5
v2542,0.1,0.1
v2543,0.0,1.0
v2544,0.0,0.9
v2545,0.3,0.5
v2546,0.0,0.7
v2547,0.2,0.8
v2548,0.8,0.0
v2549,0.0,1.0
v2550,0.4,0.9
v2551,0.6,0.4
v2552,0.6,0.3
v2553,0.0,0.5
v2554,0.1,0.7
v2555,0.5,0.5
v2556,0.6,0.0
v2557,1.0,0.0
v2558,1.0,0.0
v2559,0.2,0.8
v2560,0.4,0.7
v2561,0.3,0.7
v2562,0.0,0.8
v2563,0.3,0.3
v2564,0.0,0.8
v2565,0.5,0.7
v2566,0.8,0.0
v2567,0.4,0.4
v2568,0.0,0.8
v2569,0.6,0.3
v2570,0.0,1.0
v2571,0.2,1.0
v2572,0.5,0.8
v2573,1.0,0.0
v2574,0.0,1.0
v2575,0.7,0.0
v2576,0.0,0.7
v2577,0.8,0.0
v2578,0.3,0.5
v2579,0.0,0.8
v2580,0.3,0.8
v2581,0.8,0.2
v2582,0.8,0.4
v2583,1.0,0.1
v2584,0.4,0.2
v2585,0.0,1.0
v2586,0.8,0.1
v2587,0.6,0.5
v2588,0.7,0.4
v2589,0.9,0.0
v2590,0.6,0.8
v2591,0.3,1.0
v2592,0.3,0.7
v2593,0.0,0.2
v2594,0.4,0.5
v2595,0.5,0.5
v2596,0.2,0.7
v2597,0.0,0.7
v2598,0.5,0.8
v2599,0.7,0.8
v2600,0.3,0.3
v2601,0.9,0.1
v2602,0.8,0.0
v2603,0.6,0.0
v2604,0.0,0.7
v2605,0.9,0.0
v2606,0.2,0.9
v2607,0.0,0.4
v2608,0.6,0.7
v2609,0.5,1.0
v2610,0.5,0.5
v2611,0.7,0.6
v2612,0.7,0.3
v2613,1.0,0.0
v2614,0.5,0.8
v2615,0.0,0.8
v2616,0.8,0.1
v2617,0.8,0.0
v2618,0.9,0.1
v2619,0.5,0.5
v2620,0.3,0.6
v2621,0.2,0.6
v2622,0.5,0.5
v2623,0.0,1.0
v2624,0.6,0.6
v2625,0.5,0.5
v2626,0.5,0.5
v2627,0.3,0.0
v2628,0.7,0.0
v2629,0.0,1.0
v2630,0.8,0.1
v2631,0.1,1.0
v2632,0.0,0.8
v2633,1.0,0.0
v2634,0.6,0.3
v2635,0.2,0.7
v2636,0.2,0.9
v2637,0.5,0.7
v2638,0.5,0.3
v2639,0.3,1.0
v2640,0.4,0.7
v2641,0.6,1.0
v2642,0.7,0.4
v2643,0.3,0.7
v2644,0.5,0.2
v2645,0.2,1.0
v2646,0.4,0.3
v2647,0.9,0.1
v2648,0.0,1.0
v2649,0.9,0.9
v2650,0.5,0.5
v2651,1.0,0.0
v2652,0.0,0.6
v2653,0.0,0.8
v2654,1.0,0.3
v2655,0.0,1.0
v2656,0.8,0.8
v2657,0.1,0.9
v2658,0.0,0.2
v2659,0.2,0.3
v2660,0.0,0.5
v2661,0.1,0.7
v2662,0.7,0.1
v2663,0.0,0.4
v2664,0.4,0.4
v2665,0.0,0.9
v2666,0.8,0.2
v2667,0.6,0.2
v2668,0.0,0.8
v2669,0.6,0.0
v2670,0.5,0.7
v2671,0.3,0.9
v2672,0.0,1.0
v2673,0.7,0.0
v2674,0.5,1.0
v2675,0.3,0.6
v2676,0.9,0.0
v2677,0.4,0.5
v2678,0.0,0.9
v2679,0.2,0.5
v2680,0.6,0.6
v2681,0.7,0.0
v2682,0.8,0.0
v2683,0.6,0.1
v2684,0.4,0.3
v2685,0.8,0.2
v2686,0.9,0.0
v2687,0.3,0.3
v2688,0.0,0.8
v2689,0.8,0.2
v2690,0.6,0.4
v2691,0.3,0.0
v2692,0.7,0.2
v2693,0.7,0.3
v2694,0.0,0.9
v2695,0.5,0.5
v2696,0.7,0.1
v2697,0.0,0.9
v2698,0.8,0.0
v2699,0.4,0.5
v2700,0.0,0.6
v2701,0.4,0.4
v2702,0.8,0.1
v2703,0.8,1.0
v2704,0.2,0.5
v2705,0.2,0.9
v2706,1.0,0.0
v2707,0.9,0.0
v2708,0.0,1.0
v2709,0.4,0.8
v2710,0.5,0.7
v2711,0.6,0.3
v2712,0.8,0.5
v2713,1.0,0.0
v2714,0.7,0.0
v2715,1.0,0.0
v2716,0.5,0.5
v2717,1.0,0.0
v2718,0.5,0.3
v2719,0.8,0.0
v2720,0.7,0.0
v2721,1.0,0.0
v2722,0.0,0.8
v2723,0.5,0.7
v2724,0.5,0.6
v2725,0.2,0.8
v2726,0.0,1.0
v2727,0.1,0.7
v2728,0.0,0.8
v2729,0.7,0.2
v2730,0.0,0.9
v2731,0.7,0.5
v2732,1.0,0.1
v2733,0.7,0.6
v2734,0.0,0.0
v2735,1.0,0.3
v2736,0.9,0.2
v2737,0.0,0.9
v2738,1.0,0.0
v2739,0.9,0.0
v2740,0.7,0.3
v2741,1.0,0.0
v2742,0.0,0.9
v2743,0.8,0.3
v2744,0.3,0.3
v2745,0.7,0.1
v2746,0.5,0.5
v2747,0.0,0.9
v2748,0.0,0.8
v2749,0.1,0.7
v2750,0.8,0.5
v2751,0.0,1.0
v2752,0.2,1.0
v2753,0.0,0.6
v2754,0.5,0.5
v2755,0.6,0.8
v2756,1.0,0.0
v2757,1.0,0.0
v2758,0.6,0.7
v2759,0.6,0.9
v2760,0.8,0.0
v2761,1.0,0.0
v2762,0.9,0.1
v2763,0.5,0.7
v2764,0.0,1.0
v2765,0.4,0.1
v2766,0.6,0.5
v2767,0.1,0.9
v2768,0.6,0.0
v2769,0.1,0.1
v2770,0.5,0.5
v2771,0.3,0.9
v2772,0.6,0.4
v2773,0.9,0.1
v2774,0.0,1.0
v2775,1.0,0.0
v2776,0.0,1.0
v2777,0.0,0.8
v2778,0.8,0.2
v2779,0.9,0.0
v2780,0.8,0.1
v2781,0.0,0.2
v2782,0.0,1.0
v2783,0.8,0.0
v2784,0.7,0.8
v2785,0.0,1.0
v2786,0.4,0.8
v2787,0.7,0.2
v2788,0.2,1.0
v2789,0.0,0.9
v2790,0.0,1.0
v2791,0.0,1.0
v2792,0.9,0.7
v2793,0.8,0.1
v2794,0.9,0.2
v2795,0.2,0.8
v2796,0.6,0.7
v2797,0.4,0.5
v2798,0.0,0.8
v2799,0.5,0.6
v2800,0.1,0.7
v2801,0.9,0.0
v2802,0.0,0.5
v2803,0.3,0.5
v2804,0.0,0.9
v2805,0.5,0.8
v2806,1.0,0.0
v2807,0.9,0.0
v2808,0.2,0.9
v2809,0.4,0.0
v2810,0.2,0.8
v2811,0.0,0.8
v2812,0.0,1.0
v2813,0.8,0.0
v2814,0.9,0.0
v2815,0.8,0.0
v2816,0.2,0.8
v2817,0.9,0.7
v2818,1.0,0.0
v2819,0.8,0.1
v2820,0.0,0.7
v2821,0.1,1.0
v2822,0.0,0.6
v2823,1.0,0.0
v2824,0.0,0.8
v2825,0.0,0.8
v2826,0.0,1.0
v2827,0.0,0.6
v2828,0.9,0.0
v2829,0.0,0.8
v2830,0.7,0.5
v2831,0.2,0.7
v2832,0.0,0.4
v2833,0.0,1.0
v2834,0.2,0.9
v2835,0.8,0.2
v2836,0.6,0.2
v2837,0.5,0.2
v2838,0.0,0.9
v2839,0.7,0.1
v2840,0.8,0.2
v2841,1.0,0.0
v2842,0.0,0.3
v2843,0.5,0.3
v2844,0.5,0.5
v2845,0.0,0.8
v2846,1.0,0.0
v2847,0.8,0.0
v2848,0.4,0.6
v2849,0.0,0.5
v2850,0.0,1.0
v2851,0.0,1.0
v2852,1.0,0.0
v2853,0.5,0.5
v2854,0.3,0.5
v2855,0.7,0.6
v2856,0.4,0.5
v2857,0.0,0.5
v2858,0.3,0.9
v2859,1.0,0.5
v2860,0.9,0.4
v2861,0.0,0.0
v2862,0.6,1.0
v2863,0.3,0.8
v2864,0.3,0.5
v2865,0.2,1.0
v2866,0.6,0.6
v2867,0.8,0.4
v2868,0.0,0.6
v2869,0.8,0.8
v2870,0.2,0.8
v2871,0.2,0.8
v2872,0.8,0.0
v2873,1.0,0.0
v2874,0.8,0.3
v2875,0.3,0.9
v2876,0.2,1.0
v2877,1.0,0.0
v2878,0.0,0.4
v2879,0.1,0.9
v2880,0.9,0.1
v2881,1.0,0.0
v2882,0.4,1.0
v2883,0.3,0.8
v2884,0.8,0.1
v2885,0.2,0.6
v2886,0.8,0.2
v2887,0.1,0.5
v2888,0.3,0.2
v2889,1.0,0.0
v2890,0.6,0.2
v2891,0.3,0.6
v2892,0.4,0.3
v2893,0.3,0.4
v2894,0.2,0.0
v2895,0.6,0.7
v2896,0.5,0.5
v2897,0.2,0.7
v2898,0.2,1.0
v2899,0.4,0.5
v2900,0.9,0.0
v2901,0.6,0.1
v2902,0.0,0.8
v2903,0.8,0.5
v2904,0.6,0.4
v2905,0.8,0.4
v2906,0.7,0.3
v2907,0.8,0.2
v2908,0.5,0.5
v2909,0.0,0.9
v2910,0.4,0.7
v2911,0.4,1.0
v2912,0.7,0.0
v2913,0.6,0.5
v2914,0.6,0.8
v2915,0.0,0.3
v2916,0.3,0.7
v2917,0.0,0.2
v2918,0.5,0.6
v2919,0.2,0.7
v2920,0.1,0.6
v2921,0.0,0.9
v2922,0.1,0.9
v2923,0.8,0.7
v2924,0.3,0.2
v2925,0.9,0.0
v2926,0.0,0.6
v2927,1.0,0.0
v2928,0.4,0.6
v2929,0.0,0.9
v2930,0.2,0.7
v2931,0.0,0.9
v2932,0.6,0.4
v2933,0.0,1.0
v2934,0.7,1.0
v2935,0.3,0.3
v2936,0.0,1.0
v2937,0.8,0.0
v2938,1.0,0.0
v2939,0.0,0.8
v2940,0.2,0.8
v2941,0.6,0.0
v2942,0.1,0.7
v2943,0.0,0.8
v2944,1.0,0.0
v2945,1.0,0.0
v2946,0.9,0.2
v2947,0.2,0.8
v2948,0.8,0.5
v2949,0.5,0.0
v2950,0.3,0.5
v2951,0.7,0.3
v2952,0.1,1.0
v2953,0.7,0.7
v2954,0.8,0.0
v2955,0.6,0.8
v2956,0.0,0.8
v2957,0.0,0.4
v2958,0.9,0.2
v2959,0.9,0.2
v2960,0.1,0.8
v2961,0.1,0.9
v2962,0.0,1.0
v2963,0.3,0.8
v2964,0.8,0.1
v2965,0.2,0.7
v2966,0.0,0.0
v2967,0.0,0.1
v2968,0.0,0.6
v2969,0.4,0.8
v2970,0.5,0.3
v2971,0.1,0.8
v2972,0.4,0.7
v2973,0.5,0.5
v2974,0.0,1.0
v2975,0.4,0.5
v2976,0.2,1.0
v2977,0.2,0.8
v2978,0.5,0.5
v2979,0.8,0.0
v2980,0.1,0.7
v2981,0.9,0.1
v2982,0.6,0.6
v2983,0.3,0.6
v2984,0.8,0.0
v2985,0.0,0.8
v2986,0.7,0.3
v2987,0.0,1.0
v2988,0.0,1.0
v2989,0.2,0.8
v2990,0.5,0.4
v2991,0.8,0.0
v2992,0.5,0.5
v2993,0.0,0.9
v2994,0.6,0.4
v2995,0.0,1.0
v2996,0.8,0.0
v2997,0.5,0.5
v2998,0.0,1.0
v2999,0.5,0.3
v3000,0.0,1.0
v3001,1.0,0.0
v3002,0.5,0.6
v3003,0.6,0.1
v3004,0.7,0.4
v3005,0.5,0.5
v3006,1.0,0.0
v3007,0.2,0.6
v3008,0.9,0.0
v3009,0.0,0.9
v3010,0.3,0.7
v3011,0.5,0.5
v3012,0.0,0.8
v3013,1.0,0.0
v3014,0.1,0.7
v3015,0.5,0.6
v3016,1.0,0.0
v3017,0.8,0.0
v3018,1.0,0.0
v3019,0.6,0.4
v3020,0.4,0.0
v3021,0.7,0.0
v3022,0.9,0.2
v3023,0.5,0.5
v3024,0.8,0.0
v3025,0.8,0.0
v3026,0.6,0.8
v3027,0.6,0.5
v3028,0.0,0.8
v3029,0.0,0.7
v3030,0.0,0.5
v3031,0.0,0.7
v3032,0.9,0.5
v3033,0.0,1.0
v3034,0.0,1.0
v3035,0.8,0.6
v3036,0.7,0.1
v3037,0.1,0.8
v3038,0.8,0.8
v3039,0.7,0.2
v3040,1.0,1.0
v3041,0.5,0.5
v3042,0.2,1.0
v3043,0.0,1.0
v3044,0.7,0.0
v3045,1.0,0.0
v3046,0.4,0.7
v3047,1.0,0.0
v3048,0.3,0.7
v3049,0.0,0.8
v3050,0.0,0.8
v3051,0.3,0.8
v3052,0.3,0.7
v3053,1.0,0.0
v3054,0.1,0.9
v3055,1.0,0.8
v3056,0.9,0.1
v3057,0.9,0.4
v3058,0.6,0.0
v3059,0.5,0.5
v3060,1.0,0.0
v3061,0.0,0.8
v3062,0.4,0.7
v3063,0.5,0.2
v3064,0.2,0.6
v3065,0.8,0.3
v3066,0.8,0.1
v3067,0.1,0.8
v3068,0.0,0.8
v3069,0.8,0.0
v3070,0.5,0.5
v3071,0.0,0.0
v3072,0.5,0.0
v3073,0.8,1.0
v3074,0.2,0.7
v3075,0.1,0.9
v3076,0.1,0.9
v3077,0.6,0.0
v3078,0.3,0.7
v3079,1.0,0.0
v3080,0.8,0.2
v3081,0.7,0.5
v3082,0.1,0.7
v3083,0.5,0.5
v3084,0.2,0.2
v3085,0.6,0.5
v3086,0.5,0.2
v3087,0.9,0.1
v3088,0.5,0.5
v3089,0.0,0.0
v3090,0.5,0.3
v3091,0.4,0.6
v3092,0.0,0.9
v3093,1.0,0.0
v3094,0.0,0.9
v3095,0.0,0.8
v3096,0.8,0.0
v3097,1.0,0.0
v3098,0.8,0.3
v3099,0.3,0.8
v3100,0.5,0.4
v3101,0.1,0.8
v3102,0.4,0.7
v3103,0.0,0.9
v3104,0.7,0.3
v3105,0.6,0.0
v3106,1.0,0.0
v3107,0.5,0.8
v3108,0.6,0.6
v3109,0.7,0.3
v3110,0.4,0.4
v3111,0.0,0.2
v3112,0.0,1.0
v3113,1.0,0.0
v3114,0.4,0.6
v3115,0.0,1.0
v3116,0.7,0.7
v3117,0.7,0.5
v3118,0.4,0.6
v3119,0.0,0.7
v3120,0.9,0.1
v3121,0.2,0.8
v3122,0.2,1.0
v3123,0.9,0.5
v3124,0.4,0.5
v3125,0.8,0.7
v3126,0.2,0.8
v3127,0.0,0.4
v3128,0.5,0.5
v3129,0.1,0.6
v3130,0.2,0.7
v3131,0.0,0.8
v3132,1.0,0.0
v3133,0.5,0.7
v3134,0.5,0.5
v3135,0.8,0.6
v3136,0.7,0.5
v3137,0.8,0.0
v3138,0.1,0.9
v3139,0.3,0.7
v3140,0.4,0.6
v3141,0.7,0.5
v3142,0.0,0.5
v3143,0.6,0.4
v3144,0.3,0.7
v3145,0.3,0.0
v3146,0.4,1.0
v3147,0.1,0.9
v3148,0.1,0.8
v3149,0.9,0.1
v3150,0.0,0.9
v3151,0.7,0.0
v3152,0.0,0.8
v3153,1.0,0.2
v3154,0.4,0.2
v3155,0.7,0.4
v3156,0.8,0.0
v3157,0.1,0.9
v3158,0.8,0.2
v3159,0.9,0.3
v3160,1.0,1.0
v3161,1.0,0.0
v3162,0.5,0.5
v3163,1.0,0.0
v3164,0.0,1.0
v3165,0.5,0.5
v3166,0.0,0.7
v3167,0.5,0.5
v3168,0.7,0.3
v3169,1.0,0.2
v3170,0.3,1.0
v3171,0.5,1.0
v3172,0.1,1.0
v3173,0.0,1.0
v3174,1.0,0.0
v3175,1.0,0.0
v3176,0.7,1.0
v3177,0.2,0.9
v3178,0.5,0.6
v3179,0.8,0.2
v3180,0.4,0.1
v3181,0.5,0.3
v3182,1.0,0.3
v3183,0.6,0.0
v3184,0.1,1.0
v3185,0.3,0.7
v3186,0.5,0.6
v3187,0.2,0.6
v3188,0.7,0.0
v3189,0.2,0.8
v3190,0.8,0.0
v3191,0.1,0.8
v3192,0.8,0.3
v3193,0.4,0.9
v3194,0.0,0.9
v3195,0.6,0.4
v3196,0.5,0.5
v3197,0.0,0.7
v3198,0.2,0.9
v3199,0.7,0.0
v3200,0.9,0.0
v3201,1.0,0.0
v3202,0.0,0.6
v3203,0.6,0.0
v3204,0.0,0.8
v3205,0.0,0.5
v3206,0.7,0.3
v3207,0.6,1.0
v3208,0.0,1.0
v3209,0.9,0.3
v3210,1.0,0.0
v3211,0.0,0.1
v3212,0.1,0.7
v3213,0.3,0.9
v3214,0.1,0.7
v3215,0.7,0.4
v3216,1.0,0.0
v3217,0.0,0.8
v3218,0.6,0.5
v3219,0.5,0.1
v3220,0.7,0.3
v3221,0.6,0.4
v3222,0.3,0.8
v3223,0.1,0.3
v3224,0.5,1.0
v3225,0.9,0.0
v3226,0.9,0.0
v3227,0.4,0.7
v3228,0.1,0.5
v3229,1.0,0.0
v3230,0.0,0.5
v3231,0.2,0.8
v3232,0.3,0.0
v3233,0.0,0.0
v3234,0.0,1.0
v3235,0.8,0.2
v3236,0.8,0.0
v3237,0.2,0.0
v3238,0.9,0.4
v3239,0.2,0.4
v3240,0.1,0.9
v3241,0.8,0.2
v3242,0.9,0.1
v3243,0.4,0.2
v3244,0.6,0.8
v3245,0.3,0.0
v3246,0.1,0.7
v3247,0.6,0.4
v3248,0.0,0.8
v3249,0.9,0.0
v3250,0.5,0.2
v3251,0.5,1.0
v3252,0.1,0.2
v3253,0.3,0.3
v3254,0.1,0.0
v3255,0.2,0.8
v3256,1.0,0.0
v3257,0.7,0.0
v3258,0.0,0.9
v3259,0.3,0.9
v3260,0.7,0.0
v3261,0.0,0.0
v3262,0.6,0.6
v3263,0.4,0.8
v3264,0.5,0.8
v3265,0.9,0.3
v3266,0.2,1.0
v3267,0.2,0.7
v3268,0.6,0.5
v3269,0.0,0.6
v3270,0.8,0.2
v3271,0.7,0.2
v3272,0.0,0.5
v3273,0.5,0.1
v3274,0.9,0.5
v3275,0.2,0.8
v3276,0.7,0.0
v3277,0.9,0.3
v3278,0.2,0.7
v3279,0.6,0.3
v3280,0.5,0.5
v3281,0.8,0.1
v3282,0.2,0.9
v3283,0.8,0.0
v3284,0.0,1.0
v3285,0.8,0.8
v3286,0.5,0.6
v3287,1.0,0.3
v3288,1.0,0.0
v3289,1.0,0.0
v3290,0.0,0.9
v3291,0.6,0.5
v3292,1.0,0.0
v3293,0.8,0.2
v3294,0.6,0.0
v3295,0.1,0.1
v3296,0.8,0.2
v3297,0.0,0.8
v3298,1.0,0.0
v3299,0.9,0.1
v3300,0.1,0.7
v3301,0.7,0.3
v3302,0.2,0.2
v3303,0.1,0.8
v3304,0.2,0.7
v3305,0.2,0.2
v3306,1.0,0.0
v3307,0.0,1.0
v3308,0.6,0.5
v3309,0.7,0.0
v3310,0.2,1.0
v3311,0.0,0.8
v3312,1.0,0.0
v3313,0.8,0.3
v3314,1.0,0.0
v3315,0.7,0.2
v3316,0.4,0.7
v3317,0.0,1.0
v3318,0.0,0.8
v3319,0.4,0.6
v3320,0.9,0.2
v3321,0.0,0.7
v3322,0.2,0.4
v3323,1.0,0.1
v3324,0.1,0.5
v3325,0.2,0.8
v3326,0.5,0.6
v3327,0.5,0.6
v3328,0.2,0.9
v3329,0.6,0.2
v3330,0.8,0.3
v3331,0.2,0.8
v3332,0.7,0.4
v3333,0.1,0.1
v3334,0.1,0.7
v3335,0.7,1.0
v3336,0.4,0.2
v3337,0.2,0.8
v3338,0.3,0.8
v3339,0.2,0.8
v3340,0.5,0.7
v3341,0.0,0.3
v3342,0.8,0.2
v3343,0.0,0.7
v3344,0.6,0.6
v3345,1.0,0.0
v3346,0.2,0.9
v3347,0.9,0.1
v3348,0.5,0.5
v3349,0.7,0.2
v3350,0.4,0.3
v3351,0.8,0.0
v3352,0.5,0.4
v3353,0.5,1.0
v3354,0.6,0.8
v3355,0.8,0.2
v3356,0.0,0.7
v3357,0.7,0.4
v3358,0.1,0.6
v3359,0.0,1.0
v3360,0.0,0.8
v3361,0.7,0.4
v3362,0.7,0.3
v3363,1.0,0.0
v3364,0.0,1.0
v3365,0.7,0.4
v3366,0.7,0.3
v3367,0.9,0.1
v3368,0.0,1.0
v3369,0.5,0.5
v3370,1.0,0.0
v3371,0.8,0.3
v3372,0.1,0.7
v3373,0.2,0.7
v3374,1.0,0.0
v3375,0.9,0.2
v3376,0.4,0.2
v3377,0.5,0.5
v3378,0.5,0.5
v3379,0.8,0.8
v3380,1.0,0.1
v3381,0.0,1.0
v3382,0.3,0.7
v3383,0.7,0.2
v3384,0.8,0.3
v3385,0.6,0.0
v3386,0.1,0.8
v3387,0.6,0.1
v3388,0.8,0.4
v3389,0.3,0.0
v3390,0.7,0.0
v3391,0.1,0.8
v3392,0.1,0.8
v3393,0.9,0.2
v3394,0.6,0.1
v3395,0.5,0.4
v3396,0.8,0.3
v3397,0.5,0.5
v3398,0.3,0.6
v3399,0.7,0.0
v3400,0.2,0.2
v3401,0.2,0.9
v3402,0.1,0.8
v3403,0.0,1.0
v3404,0.2,1.0
v3405,1.0,0.0
v3406,0.6,0.0
v3407,0.6,0.2
v3408,1.0,0.2
v3409,0.1,0.7
v3410,0.9,0.3
v3411,0.7,0.3
v3412,0.0,0.8
v3413,0.2,0.5
v3414,0.5,0.6
v3415,1.0,0.1
v3416,0.8,0.0
v3417,0.5,0.8
v3418,0.0,1.0
v3419,0.7,0.2
v3420,0.7,0.5
v3421,0.0,0.5
v3422,0.8,0.2
v3423,0.5,0.5
v3424,0.4,0.2
v3425,0.7,0.4
v3426,0.5,0.8
v3427,0.4,0.8
v3428,0.0,0.9
v3429,0.2,0.2
v3430,0.4,0.5
v3431,0.7,0.7
v3432,0.3,0.0
v3433,0.5,0.8
v3434,0.1,0.9
v3435,0.0,0.9
v3436,0.3,0.7
v3437,0.0,0.1
v3438,0.4,0.7
v3439,0.5,0.7
v3440,0.6,0.6
v3441,0.8,0.7
v3442,0.0,1.0
v3443,1.0,0.5
v3444,0.5,0.5
v3445,0.5,0.5
v3446,0.5,0.6
v3447,0.5,0.7
v3448,0.0,0.6
v3449,0.7,0.4
v3450,0.2,0.8
v3451,0.7,0.5
v3452,0.3,0.5
v3453,0.0,1.0
v3454,0.0,0.0
v3455,0.4,0.3
v3456,1.0,0.0
v3457,0.1,0.8
v3458,1.0,0.7
v3459,0.5,0.7
v3460,0.5,1.0
v3461,0.8,0.0
v3462,0.0,1.0
v3463,0.8,0.2
v3464,1.0,0.0
v3465,0.2,0.4
v3466,1.0,0.0
v3467,0.4,0.7
v3468,0.2,0.8
v3469,0.4,0.8
v3470,0.5,0.8
v3471,0.0,0.7
v3472,0.0,1.0
v3473,1.0,0.2
v3474,0.4,0.4
v3475,0.0,1.0
v3476,0.3,0.5
v3477,0.5,0.8
v3478,0.1,0.6
v3479,0.2,0.7
v3480,0.9,0.4
v3481,0.0,0.4
v3482,0.5,0.5
v3483,1.0,0.4
v3484,0.1,1.0
v3485,0.2,0.9
v3486,0.9,0.0
v3487,0.2,0.4
v3488,0.9,0.1
v3489,0.0,0.9
v3490,0.9,0.0
v3491,0.2,0.8
v3492,0.0,0.9
v3493,0.7,0.2
v3494,0.0,0.0
v3495,0.0,0.8
v3496,0.6,0.1
v3497,0.4,0.9
v3498,0.7,0.0
v3499,0.1,0.8
v3500,0.0,0.8
v3501,0.0,0.0
v3502,0.3,0.5
v3503,1.0,0.0
v3504,0.4,0.6
v3505,0.4,0.5
v3506,0.0,0.7
v3507,0.5,0.5
v3508,0.7,0.3
v3509,0.8,0.0
v3510,1.0,0.1
v3511,0.0,0.9
v3512,0.1,0.7
v3513,0.2,0.6
v3514,1.0,0.0
v3515,1.0,0.0
v3516,0.2,0.8
v3517,0.8,0.2
v3518,0.3,0.3
v3519,0.3,0.7
v3520,1.0,0.0
v3521,0.0,0.8
v3522,0.0,0.9
v3523,0.7,0.3
v3524,0.0,0.4
v3525,0.3,0.3
v3526,0.0,0.3
v3527,0.1,0.9
v3528,0.0,0.8
v3529,0.4,0.8
v3530,0.3,0.6
v3531,0.0,0.2
v3532,0.8,0.3
v3533,1.0,0.0
v3534,0.2,0.7
v3535,0.3,0.7
v3536,0.7,0.1
v3537,0.1,0.8
v3538,0.5,0.4
v3539,0.6,0.4
v3540,0.0,0.8
v3541,0.9,0.1
v3542,0.5,0.3
v3543,0.2,0.3
v3544,1.0,0.0
v3545,0.7,0.5
v3546,0.4,0.4
v3547,0.9,0.0
v3548,0.8,0.2
v3549,0.8,0.6
v3550,0.0,1.0
v3551,0.7,0.4
v3552,0.6,0.4
v3553,0.1,0.8
v3554,0.5,0.3
v3555,0.8,0.4
v3556,0.0,0.7
v3557,1.0,0.0
v3558,0.7,0.2
v3559,0.2,0.8
v3560,0.8,0.2
v3561,0.5,0.3
v3562,0.0,0.3
v3563,0.0,0.8
v3564,0.6,0.1
v3565,0.3,0.8
v3566,1.0,0.0
v3567,0.3,0.7
v3568,0.6,0.5
v3569,0.3,0.7
v3570,1.0,0.4
v3571,0.4,0.6
v3572,0.0,0.7
v3573,0.5,0.2
v3574,0.8,0.1
v3575,0.0,0.3
v3576,0.3,0.8
v3577,1.0,0.0
v3578,0.2,0.7
v3579,0.6,0.9
v3580,0.7,0.8
v3581,0.4,0.3
v3582,0.0,0.8
v3583,1.0,0.0
v3584,0.1,0.5
v3585,0.5,1.0
v3586,0.4,0.4
v3587,0.8,0.2
v3588,0.0,1.0
v3589,0.7,0.0
v3590,0.8,0.3
v3591,0.9,0.0
v3592,0.0,1.0
v3593,0.0,1.0
v3594,0.5,0.8
v3595,0.0,0.6
v3596,0.3,0.7
v3597,0.1,0.6
v3598,1.0,0.0
v3599,1.0,0.3
v3600,0.7,0.0
v3601,0.0,0.0
v3602,0.1,1.0
v3603,0.1,0.9
v3604,0.8,0.2
v3605,0.5,0.6
v3606,0.6,0.4
v3607,0.1,0.7
v3608,0.4,0.8
v3609,0.5,0.5
v3610,0.1,0.8
v3611,0.1,0.3
v3612,0.8,0.2
v3613,0.4,0.8
v3614,0.2,0.8
v3615,0.6,0.3
v3616,0.8,0.0
v3617,0.5,0.0
v3618,0.4,0.6
v3619,0.1,0.6
v3620,0.6,0.7
v3621,0.5,0.5
v3622,0.0,0.7
v3623,0.5,0.5
v3624,0.5,0.5
v3625,0.5,0.4
v3626,0.8,0.8
v3627,0.5,0.6
v3628,0.0,1.0
v3629,1.0,0.0
v3630,0.9,0.1
v3631,1.0,0.0
v3632,0.0,0.8
v3633,0.7,0.0
v3634,0.4,0.7
v3635,1.0,0.0
v3636,0.5,0.5
v3637,0.0,1.0
v3638,0.2,1.0
v3639,0.7,0.3
v3640,0.8,0.5
v3641,0.6,0.4
v3642,0.7,0.3
v3643,0.1,0.7
v3644,0.0,1.0
v3645,1.0,0.2
v3646,0.9,0.4
v3647,0.7,0.3
v3648,0.3,0.9
v3649,0.5,0.5
v3650,0.0,0.0
v3651,0.5,0.5
v3652,0.9,0.0
v3653,0.7,0.3
v3654,0.0,0.7
v3655,0.5,0.7
v3656,0.3,1.0
v3657,0.0,1.0
v3658,1.0,0.5
v3659,0.8,0.2
v3660,0.5,0.5
v3661,0.3,0.9
v3662,0.2,0.7
v3663,0.8,0.0
v3664,0.3,0.8
v3665,0.9,0.5
v3666,0.0,0.8
v3667,0.5,0.4
v3668,0.7,0.1
v3669,0.1,0.9
v3670,0.7,0.1
v3671,0.6,0.8
v3672,0.4,0.0
v3673,0.7,0.0
v3674,0.9,0.1
v3675,0.5,0.8
v3676,0.6,0.5
v3677,1.0,0.0
v3678,0.0,0.8
v3679,1.0,0.0
v3680,0.0,0.8
v3681,0.4,0.2
v3682,0.5,0.6
v3683,0.9,0.2
v3684,0.5,0.5
v3685,0.9,0.0
v3686,0.0,0.4
v3687,0.9,0.2
v3688,0.5,0.5
v3689,0.1,0.9
v3690,0.5,0.5
v3691,0.0,1.0
v3692,0.9,0.1
v3693,0.9,0.0
v3694,0.0,0.7
v3695,0.5,0.5
v3696,0.2,1.0
v3697,1.0,0.5
v3698,0.1,1.0
v3699,0.1,0.5
v3700,0.8,0.4
v3701,0.8,0.2
v3702,0.0,0.9
v3703,0.0,0.7
v3704,0.8,0.1
v3705,1.0,0.0
v3706,0.1,0.9
v3707,0.0,1.0
v3708,0.7,1.0
v3709,0.1,0.2
v3710,0.5,0.4
v3711,0.4,1.0
v3712,0.7,0.9
v3713,0.5,0.5
v3714,0.5,0.8
v3715,0.8,0.7
v3716,0.0,0.8
v3717,0.4,0.4
v3718,0.2,0.8
v3719,0.5,0.5
v3720,0.8,0.0
v3721,0.0,1.0
v3722,0.5,0.6
v3723,0.4,0.6
v3724,0.2,0.0
v3725,0.6,0.2
v3726,0.6,0.5
v3727,0.8,0.0
v3728,0.7,0.0
v3729,0.6,0.2
v3730,1.0,0.0
v3731,0.5,0.5
v3732,0.4,0.7
v3733,0.9,0.5
v3734,0.5,0.5
v3735,0.2,1.0
v3736,0.5,0.5
v3737,0.6,0.5
v3738,0.5,0.5
v3739,0.4,0.7
v3740,0.0,0.7
v3741,0.8,0.4
v3742,0.1,0.8
v3743,0.0,0.7
v3744,1.0,0.0
v3745,0.2,0.7
v3746,0.5,0.0
v3747,0.2,0.7
v3748,0.9,0.1
v3749,0.0,1.0
v3750,0.0,0.4
v3751,0.6,0.2
v3752,0.8,0.0
v3753,0.0,1.0
v3754,0.0,0.4
v3755,0.0,0.8
v3756,0.8,0.2
v3757,0.8,0.3
v3758,0.8,0.0
v3759,0.0,0.7
v3760,0.0,1.0
v3761,0.0,0.6
v3762,0.0,1.0
v3763,0.8,0.0
v3764,0.2,0.6
v3765,0.8,0.2
v3766,0.6,0.5
v3767,0.3,0.5
v3768,1.0,0.0
v3769,0.5,0.5
v3770,0.6,0.0
v3771,0.4,0.3
v3772,0.5,0.2
v3773,0.0,0.8
v3774,0.3,0.7
v3775,0.8,0.1
v3776,0.5,0.5
v3777,0.5,0.5
v3778,0.8,0.0
v3779,0.5,0.7
v3780,0.0,0.9
v3781,0.3,0.3
v3782,0.8,0.3
v3783,0.4,0.9
v3784,0.4,1.0
v3785,0.2,1.0
v3786,0.8,0.5
v3787,0.0,1.0
v3788,0.1,0.6
v3789,0.0,1.0
v3790,0.2,0.8
v3791,0.1,0.7
v3792,0.5,0.6
v3793,0.8,0.0
v3794,0.4,0.7
v3795,0.8,0.3
v3796,0.0,1.0
v3797,0.6,0.5
v3798,0.5,1.0
v3799,0.5,0.5
v3800,0.8,0.2
v3801,0.6,0.7
v3802,0.4,0.7
v3803,0.8,0.6
v3804,0.4,0.7
v3805,0.2,0.6
v3806,0.6,0.4
v3807,1.0,0.0
v3808,0.1,0.8
v3809,0.5,0.0
v3810,1.0,0.0
v3811,0.2,0.7
v3812,0.2,0.1
v3813,0.9,0.7
v3814,1.0,0.0
v3815,0.6,0.3
v3816,0.0,0.9
v3817,0.3,0.8
v3818,0.7,0.0
v3819,1.0,0.0
v3820,0.2,0.5
v3821,0.5,0.5
v3822,1.0,1.0
v3823,0.9,0.3
v3824,0.2,0.8
v3825,0.8,0.3
v3826,0.8,0.3
v3827,0.0,0.7
v3828,0.2,0.5
v3829,0.3,0.8
v3830,0.1,1.0
v3831,0.3,0.9
v3832,0.3,1.0
v3833,0.0,0.3
v3834,0.2,0.8
v3835,0.0,1.0
v3836,0.3,0.1
v3837,0.5,0.5
v3838,0.7,0.1
v3839,0.0,0.9
v3840,0.5,0.5
v3841,0.2,0.1
v3842,0.0,1.0
v3843,1.0,0.0
v3844,0.5,0.5
v3845,0.2,0.6
v3846,0.6,0.1
v3847,1.0,0.0
v3848,0.2,0.7
v3849,0.6,1.0
v3850,0.3,0.9
v3851,0.0,0.8
v3852,0.5,0.5
v3853,0.1,0.9
v3854,0.7,0.1
v3855,0.8,0.2
v3856,0.2,0.7
v3857,1.0,0.0
v3858,0.0,0.2
v3859,0.4,0.9
v3860,0.3,1.0
v3861,0.5,0.9
v3862,0.0,1.0
v3863,0.2,0.0
v3864,0.0,0.8
v3865,0.7,0.1
v3866,0.7,0.0
v3867,0.8,0.0
v3868,0.3,0.7
v3869,1.0,0.0
v3870,0.0,0.9
v3871,0.6,0.4
v3872,0.5,0.4
v3873,0.8,0.2
v3874,0.1,0.9
v3875,0.0,0.9
v3876,0.2,0.8
v3877,1.0,0.0
v3878,0.9,0.0
v3879,0.1,0.7
v3880,1.0,0.0
v3881,0.7,0.5
v3882,0.5,0.5
v3883,0.2,0.9
v3884,0.9,0.2
v3885,1.0,0.0
v3886,0.6,0.9
v3887,0.1,1.0
v3888,0.3,0.7
v3889,0.6,0.4
v3890,0.7,0.0
v3891,0.8,0.2
v3892,0.0,0.8
v3893,1.0,0.0
v3894,0.4,0.4
v3895,0.5,0.8
v3896,0.5,0.7
v3897,0.2,0.6
v3898,0.0,0.8
v3899,0.4,0.5
v3900,0.2,0.8
v3901,0.0,0.9
v3902,0.4,0.2
v3903,0.0,0.7
v3904,0.7,0.4
v3905,0.5,0.0
v3906,0.6,0.0
v3907,0.2,0.2
v3908,1.0,0.0
v3909,0.0,1.0
v3910,0.5,0.5
v3911,0.9,0.2
v3912,0.8,0.2
v3913,0.9,0.0
v3914,0.6,1.0
v3915,0.2,0.7
v3916,0.0,0.8
v3917,0.5,0.5
v3918,0.5,0.5
v3919,1.0,0.1
v3920,0.7,0.0
v3921,0.9,0.6
v3922,0.2,0.7
v3923,0.1,0.8
v3924,0.0,0.9
v3925,0.1,0.9
v3926,0.9,0.1
v3927,0.6,0.5
v3928,0.0,0.9
v3929,0.2,0.9
v3930,1.0,0.0
v3931,1.0,0.0
v3932,0.8,0.2
v3933,0.9,0.1
v3934,0.0,1.0
v3935,0.8,0.0
v3936,0.1,0.9
v3937,0.2,1.0
v3938,1.0,0.0
v3939,0.4,0.8
v3940,0.5,0.9
v3941,0.6,0.4
v3942,0.6,0.8
v3943,0.8,0.2
v3944,1.0,0.3
v3945,0.7,0.2
v3946,0.8,0.2
v3947,0.9,0.2
v3948,0.0,0.9
v3949,0.3,0.7
v3950,0.8,0.6
v3951,0.0,1.0
v3952,0.5,0.7
v3953,0.8,0.8
v3954,0.4,0.6
v3955,0.0,0.8
v3956,0.0,0.8
v3957,0.1,0.1
v3958,0.0,1.0
v3959,0.8,0.2
v3960,0.0,0.6
v3961,0.9,0.3
v3962,0.0,0.8
v3963,0.1,0.8
v3964,1.0,0.3
v3965,0.8,0.1
v3966,0.0,1.0
v3967,0.6,0.3
v3968,0.3,0.8
v3969,0.5,0.0
v3970,0.0,0.8
v3971,0.8,0.3
v3972,0.9,0.0
v3973,0.8,0.0
v3974,0.3,0.8
v3975,0.1,1.0
v3976,0.8,0.0
v3977,0.0,1.0
v3978,0.5,0.7
v3979,0.4,0.5
v3980,0.5,0.3
v3981,0.0,0.8
v3982,0.6,0.6
v3983,0.7,0.3
v3984,0.0,1.0
v3985,0.5,0.5
v3986,0.3,0.8
v3987,0.5,0.2
v3988,0.8,0.3
v3989,0.5,0.5
v3990,0.2,1.0
v3991,0.0,1.0
v3992,0.5,0.5
v3993,0.8,0.2
v3994,0.5,0.3
v3995,0.2,0.0
v3996,0.9,0.0
v3997,0.0,0.8
v3998,0.8,0.0
v3999,0.9,0.6
v4000,0.1,0.8
v4001,0.8,0.0
v4002,0.2,0.8
v4003,0.5,1.0
v4004,0.5,0.5
v4005,0.1,0.9
v4006,0.5,0.6
v4007,0.7,0.3
v4008,0.2,1.0
v4009,0.0,1.0
v4010,0.2,0.9
v4011,0.5,0.6
v4012,0.0,0.8
v4013,0.0,1.0
v4014,0.5,0.5
v4015,0.0,0.7
v4016,0.0,0.8
v4017,0.5,0.5
v4018,0.5,0.6
v4019,0.3,0.7
v4020,0.8,0.2
v4021,0.9,0.1
v4022,0.1,0.9
v4023,0.4,0.8
v4024,0.5,0.5
v4025,0.6,0.1
v4026,0.8,0.2
v4027,0.7,0.5
v4028,0.0,0.8
v4029,0.3,0.3
v4030,0.8,0.1
v4031,0.8,0.6
v4032,0.4,0.6
v4033,0.5,0.0
v4034,0.5,0.5
v4035,0.2,1.0
v4036,1.0,0.2
v4037,0.9,0.1
v4038,0.5,0.2
v4039,0.3,0.2
v4040,0.0,0.8
v4041,0.2,1.0
v4042,0.0,0.8
v4043,1.0,0.0
v4044,0.5,0.4
v4045,0.1,0.3
v4046,0.8,0.2
v4047,0.8,0.4
v4048,0.0,0.7
v4049,0.1,0.9
v4050,0.1,1.0
v4051,1.0,0.0
v4052,0.0,0.9
v4053,0.2,0.6
v4054,0.0,0.3
v4055,0.5,0.6
v4056,0.3,1.0
v4057,0.3,0.6
v4058,0.5,0.7
v4059,0.5,0.5
v4060,0.0,1.0
v4061,0.7,0.2
v4062,0.4,0.4
v4063,0.6,0.6
v4064,1.0,0.1
v4065,0.3,0.2
v4066,1.0,0.0
v4067,0.3,0.4
v4068,0.3,0.6
v4069,0.0,0.9
v4070,0.5,0.5
v4071,0.5,0.5
v4072,0.1,0.8
v4073,0.5,0.5
v4074,0.6,0.2
v4075,0.7,0.2
v4076,0.0,0.7
v4077,0.7,0.3
v4078,0.8,0.0
v4079,0.9,0.0
v4080,0.5,0.5
v4081,0.5,0.5
v4082,0.1,1.0
v4083,0.8,0.3
v4084,0.8,0.0
v4085,0.0,1.0
v4086,0.9,0.3
v4087,0.0,0.7
v4088,0.7,0.5
v4089,0.9,0.0
v4090,0.8,0.1
v4091,0.0,0.0
v4092,0.5,0.7
v4093,0.7,0.0
v4094,0.2,0.8
v4095,0.1,0.5
v4096,0.0,0.4
v4097,0.7,0.0
v4098,0.3,0.6
v4099,0.8,0.0
v4100,0.1,0.7
v4101,0.8,0.1
v4102,1.0,0.0
v4103,0.0,0.9
v4104,0.5,0.5
v4105,0.5,0.8
v4106,0.4,0.6
v4107,0.5,0.5
v4108,0.0,1.0
v4109,0.9,0.0
v4110,0.7,0.0
v4111,0.0,0.9
v4112,0.1,0.5
v4113,0.0,0.7
v4114,0.0,0.5
v4115,0.0,0.0
v4116,0.4,0.8
v4117,0.1,0.5
v4118,0.1,0.8
v4119,0.5,0.6
v4120,0.8,0.7
v4121,0.3,0.2
v4122,0.5,0.5
v4123,1.0,0.0
v4124,1.0,0.2
v4125,0.0,0.5
v4126,0.0,0.9
v4127,0.2,0.2
v4128,0.7,0.2
v4129,0.0,1.0
v4130,1.0,0.0
v4131,0.7,0.1
v4132,0.0,1.0
v4133,0.1,0.7
v4134,0.6,0.2
v4135,0.4,1.0
v4136,0.0,1.0
v4137,0.5,0.5
v4138,0.6,0.2
v4139,0.0,1.0
v4140,0.8,0.2
v4141,0.0,1.0
v4142,1.0,0.0
v4143,0.6,0.3
v4144,1.0,0.0
v4145,0.3,0.7
v4146,0.6,0.4
v4147,0.0,1.0
v4148,0.1,0.6
v4149,0.9,0.3
v4150,0.0,1.0
v4151,0.6,0.4
v4152,0.8,0.1
v4153,0.5,0.5
v4154,0.0,0.8
v4155,0.9,0.1
v4156,0.6,0.6
v4157,0.4,0.3
v4158,0.0,1.0
v4159,0.7,0.2
v4160,0.0,0.0
v4161,0.2,0.7
v4162,0.4,0.5
v4163,0.5,0.5
v4164,0.5,0.3
v4165,0.1,0.6
v4166,0.0,1.0
v4167,0.8,0.1
v4168,0.6,0.6
v4169,0.7,0.1
v4170,0.8,
v4171,0.6,0.4
v4172,0.3,0.7
v4173,0.9,0.0
v4174,0.0,1.0
v4175,0.8,0.0
v4176,0.8,0.5
v4177,1.0,0.0
v4178,0.0,1.0
v4179,0.0,1.0
v4180,0.0,0.8
v4181,0.4,0.9
v4182,0.6,0.2
v4183,0.3,0.7
v4184,0.7,0.3
v4185,1.0,0.0
v4186,0.2,1.0
v4187,0.0,0.4
v4188,0.0,0.8
v4189,0.2,0.5
v4190,0.7,0.3
v4191,0.0,0.7
v4192,0.1,0.8
v4193,0.7,0.2
v4194,1.0,0.0
v4195,0.0,1.0
v4196,1.0,0.0
v4197,0.2,0.8
v4198,0.5,0.9
v4199,0.8,0.0
v4200,0.8,0.0
v4201,0.2,0.7
v4202,0.3,0.3
v4203,0.0,0.1
v4204,0.6,0.6
v4205,0.4,1.0
v4206,0.0,0.0
v4207,0.7,0.0
v4208,0.8,0.0
v4209,0.5,0.2
v4210,0.5,0.8
v4211,0.7,0.4
v4212,1.0,0.0
v4213,0.7,0.5
v4214,0.5,0.0
v4215,0.8,0.2
v4216,1.0,0.0
v4217,0.3,0.6
v4218,0.7,0.7
v4219,0.5,0.5
v4220,0.5,0.1
v4221,0.6,0.2
v4222,0.3,0.6
v4223,0.1,0.5
v4224,0.9,0.4
v4225,0.8,0.3
v4226,0.4,0.3
v4227,0.0,1.0
v4228,0.1,0.8
v4229,0.5,0.9
v4230,0.8,0.8
v4231,0.1,0.9
v4232,0.8,0.3
v4233,0.8,0.3
v4234,0.4,0.5
v4235,0.0,0.8
v4236,0.7,0.4
v4237,0.5,0.6
v4238,0.0,1.0
v4239,0.8,0.0
v4240,0.0,0.0
v4241,0.4,0.4
v4242,0.7,0.1
v4243,0.0,0.2
v4244,0.5,0.8
v4245,0.8,0.5
v4246,0.3,0.1
v4247,1.0,0.0
v4248,1.0,0.0
v4249,0.8,0.4
v4250,0.0,0.6
v4251,0.0,0.9
v4252,0.2,0.8
v4253,0.7,0.5
v4254,0.1,1.0
v4255,1.0,0.4
v4256,0.4,0.4
v4257,0.5,0.5
v4258,0.0,0.6
v4259,0.5,0.7
v4260,0.3,0.8
v4261,0.0,0.5
v4262,0.3,0.4
v4263,0.1,0.5
v4264,0.8,0.1
v4265,0.8,0.2
v4266,0.2,0.4
v4267,0.6,0.9
v4268,0.0,0.8
v4269,0.0,1.0
v4270,0.0,0.7
v4271,0.0,0.8
v4272,0.0,0.0
v4273,0.0,0.7
v4274,0.3,0.8
v4275,0.1,1.0
v4276,0.0,0.7
v4277,0.0,1.0
v4278,0.1,0.8
v4279,0.0,1.0
v4280,0.7,0.3
v4281,0.9,0.0
v4282,0.8,0.2
v4283,0.7,0.0
v4284,0.5,0.3
v4285,1.0,0.0
v4286,0.8,0.7
v4287,1.0,
v4288,0.5,0.5
v4289,0.5,0.5
v4290,0.8,0.5
v4291,0.2,1.0
v4292,1.0,0.0
v4293,0.0,1.0
v4294,0.2,0.3
v4295,1.0,0.0
v4296,0.5,0.0
v4297,0.0,0.8
v4298,0.2,0.8
v4299,0.2,0.8
v4300,0.4,0.3
v4301,0.8,0.1
v4302,0.5,0.5
v4303,0.7,0.2
v4304,0.8,0.2
v4305,1.0,0.0
v4306,0.5,0.3
v4307,0.3,0.8
v4308,0.9,0.0
v4309,0.0,0.0
v4310,1.0,0.3
v4311,0.7,0.5
v4312,0.0,1.0
v4313,0.3,0.7
v4314,0.7,0.0
v4315,1.0,0.0
v4316,0.6,0.3
v4317,0.4,0.2
v4318,0.2,0.8
v4319,0.2,0.2
v4320,0.1,0.5
v4321,0.0,0.8
v4322,0.8,0.3
v4323,0.0,0.6
v4324,0.0,1.0
v4325,0.1,0.8
v4326,0.2,0.7
v4327,0.1,0.6
v4328,0.4,0.1
v4329,1.0,0.0
v4330,0.8,0.5
v4331,0.6,0.0
v4332,0.2,0.8
v4333,0.0,0.6
v4334,0.6,0.3
v4335,0.8,0.5
v4336,0.9,0.2
v4337,0.0,1.0
v4338,0.0,1.0
v4339,0.2,0.2
v4340,0.3,0.6
v4341,1.0,0.0
v4342,0.0,1.0
v4343,0.3,0.8
v4344,0.3,0.8
v4345,0.8,0.5
v4346,0.9,0.1
v4347,0.3,0.7
v4348,0.5,0.5
v4349,0.1,0.2
v4350,0.1,0.9
v4351,0.3,0.7
v4352,0.0,0.3
v4353,0.8,0.0
v4354,0.8,0.0
v4355,0.0,0.9
v4356,0.8,0.5
v4357,0.5,0.5
v4358,0.9,0.0
v4359,0.7,0.8
v4360,0.2,0.9
v4361,0.8,0.7
v4362,0.0,0.5
v4363,0.9,0.4
v4364,1.0,0.8
v4365,0.6,0.3
v4366,0.2,0.0
v4367,0.7,0.0
v4368,1.0,0.0
v4369,0.6,0.9
v4370,0.5,0.5
v4371,0.0,0.7
v4372,0.7,0.6
v4373,0.3,0.3
v4374,0.9,0.0
v4375,0.6,0.6
v4376,1.0,0.0
v4377,0.0,1.0
v4378,0.9,0.0
v4379,0.5,0.6
v4380,0.1,0.8
v4381,0.8,0.3
v4382,0.5,0.3
v4383,0.6,0.7
v4384,0.0,1.0
v4385,0.7,0.1
v4386,0.2,0.6
v4387,0.2,0.7
v4388,1.0,0.7
v4389,1.0,0.0
v4390,0.1,0.9
v4391,0.1,0.2
v4392,0.5,1.0
v4393,0.5,0.5
v4394,0.7,0.3
v4395,0.0,0.7
v4396,0.0,1.0
v4397,0.7,0.0
v4398,0.1,0.6
v4399,0.4,0.7
v4400,0.4,0.7
v4401,0.5,0.7
v4402,0.0,1.0
v4403,0.0,1.0
v4404,1.0,0.0
v4405,0.0,0.9
v4406,0.0,1.0
v4407,0.0,0.6
v4408,0.0,0.7
v4409,0.0,1.0
v4410,0.2,0.7
v4411,0.0,1.0
v4412,0.4,0.8
v4413,1.0,0.5
v4414,0.2,0.8
v4415,1.0,0.4
v4416,0.2,1.0
v4417,0.0,0.0
v4418,0.9,0.3
v4419,1.0,0.0
v4420,0.1,0.6
v4421,0.9,0.0
v4422,0.5,1.0
v4423,0.7,0.0
v4424,0.2,1.0
v4425,0.8,0.0
v4426,0.5,0.5
v4427,1.0,0.0
v4428,0.7,0.1
v4429,0.5,0.5
v4430,0.0,1.0
v4431,0.7,0.3
v4432,1.0,0.2
v4433,0.8,0.1
v4434,1.0,0.1
v4435,0.6,0.2
v4436,0.9,0.1
v4437,0.0,1.0
v4438,1.0,0.0
v4439,0.0,0.9
v4440,1.0,0.0
v4441,0.0,0.7
v4442,0.0,0.7
v4443,1.0,0.1
v4444,0.0,0.8
v4445,0.0,0.9
v4446,0.8,0.4
v4447,0.9,0.0
v4448,1.0,0.0
v4449,0.0,0.8
v4450,0.5,0.7
v4451,0.0,0.7
v4452,0.0,1.0
v4453,0.7,0.0
v4454,0.0,0.5
v4455,0.0,1.0
v4456,0.4,0.7
v4457,0.0,1.0
v4458,0.2,0.1
v4459,1.0,0.0
v4460,0.0,1.0
v4461,0.5,0.0
v4462,0.7,0.7
v4463,0.9,0.1
v4464,0.3,0.7
v4465,0.1,0.9
v4466,0.4,0.7
v4467,0.4,0.2
v4468,0.5,0.9
v4469,0.7,0.2
v4470,0.0,1.0
v4471,0.5,0.5
v4472,0.0,1.0
v4473,0.3,0.7
v4474,1.0,0.0
v4475,0.5,0.4
v4476,0.1,0.7
v4477,0.7,0.4
v4478,0.5,0.7
v4479,0.0,0.9
v4480,1.0,0.8
v4481,0.0,0.5
v4482,0.8,0.6
v4483,0.3,1.0
v4484,0.0,0.6
v4485,0.0,0.5
v4486,0.6,0.1
v4487,0.4,0.3
v4488,0.3,0.6
v4489,0.5,0.5
v4490,0.0,0.6
v4491,0.0,0.0
v4492,0.6,0.3
v4493,0.2,0.6
v4494,0.1,0.8
v4495,1.0,0.2
v4496,0.6,0.8
v4497,0.6,0.0
v4498,0.6,0.4
v4499,0.8,0.2
v4500,0.0,0.8
v4501,0.0,0.9
v4502,0.5,0.9
v4503,1.0,0.0
v4504,0.0,1.0
v4505,0.1,1.0
v4506,0.2,0.3
v4507,1.0,0.0
v4508,0.5,0.5
v4509,0.5,0.5
v4510,0.2,0.8
v4511,0.5,0.3
v4512,0.0,1.0
v4513,0.0,0.8
v4514,1.0,0.0
v4515,0.0,0.4
v4516,0.7,0.3
v4517,0.7,0.0
v4518,0.2,0.2
v4519,0.0,1.0
v4520,0.5,0.5
v4521,0.0,0.8
v4522,1.0,0.0
v4523,0.5,0.0
v4524,0.9,0.1
v4525,0.4,0.8
v4526,0.1,0.6
v4527,0.0,0.7
v4528,0.1,0.6
v4529,0.9,0.1
v4530,0.0,1.0
v4531,0.0,1.0
v4532,0.6,0.0
v4533,0.5,0.7
v4534,0.5,0.3
v4535,0.4,0.6
v4536,0.3,0.9
v4537,0.4,0.7
v4538,0.2,0.7
v4539,0.8,0.0
v4540,0.0,1.0
v4541,0.8,0.0
v4542,1.0,0.3
v4543,0.5,0.0
v4544,1.0,0.0
v4545,0.0,0.9
v4546,0.6,0.4
v4547,0.8,0.1
v4548,0.0,0.0
v4549,0.5,0.5
v4550,0.0,1.0
v4551,0.5,0.5
v4552,0.0,0.8
v4553,0.4,0.7
v4554,0.7,0.2
v4555,0.0,0.8
v4556,0.4,0.7
v4557,1.0,0.0
v4558,0.9,0.0
v4559,0.8,0.8
v4560,0.7,0.3
v4561,0.9,0.0
v4562,0.2,0.7
v4563,0.6,0.2
v4564,0.1,0.8
v4565,0.1,1.0
v4566,0.9,0.1
v4567,0.5,0.5
v4568,0.0,1.0
v4569,0.1,0.8
v4570,0.1,0.5
v4571,0.0,0.8
v4572,0.7,0.6
v4573,1.0,0.0
v4574,0.0,0.4
v4575,0.3,0.2
v4576,0.2,0.7
v4577,0.0,0.8
v4578,0.9,0.1
v4579,0.8,0.3
v4580,0.7,0.6
v4581,0.5,0.2
v4582,0.4,0.4
v4583,1.0,0.1
v4584,0.3,0.7
v4585,0.5,0.5
v4586,0.6,0.1
v4587,0.5,0.5
v4588,0.0,1.0
v4589,0.5,0.5
v4590,0.0,1.0
v4591,1.0,0.1
v4592,0.0,1.0
v4593,0.4,0.7
v4594,0.7,0.0
v4595,0.9,0.2
v4596,1.0,0.0
v4597,1.0,0.1
v4598,0.4,0.8
v4599,0.8,0.2
v4600,0.7,0.5
v4601,0.2,0.6
v4602,0.6,0.8
v4603,0.1,
v4604,0.8,0.5
v4605,0.0,0.0
v4606,0.1,0.8
v4607,0.2,0.8
v4608,0.0,1.0
v4609,0.7,0.3
v4610,0.4,0.5
v4611,0.5,1.0
v4612,0.8,0.4
v4613,0.6,0.0
v4614,0.8,0.3
v4615,0.2,0.7
v4616,0.5,0.5
v4617,0.9,0.1
v4618,0.0,1.0
v4619,0.9,0.1
v4620,0.5,0.5
v4621,0.5,0.7
v4622,0.7,0.0
v4623,0.5,0.5
v4624,0.2,0.5
v4625,0.3,0.3
v4626,0.8,0.4
v4627,0.5,0.4
v4628,0.2,0.2
v4629,0.1,0.8
v4630,0.6,0.5
v4631,0.9,0.0
v4632,1.0,0.0
v4633,0.0,0.7
v4634,0.5,0.5
v4635,0.5,0.5
v4636,0.5,0.5
v4637,0.4,0.7
v4638,0.2,0.7
v4639,0.0,1.0
v4640,1.0,0.0
v4641,1.0,0.0
v4642,0.6,0.0
v4643,0.0,0.9
v4644,0.1,0.0
v4645,0.0,1.0
v4646,0.8,0.1
v4647,0.8,0.1
v4648,1.0,1.0
v4649,0.5,0.5
v4650,0.6,0.6
v4651,1.0,0.0
v4652,0.2,1.0
v4653,0.8,0.3
v4654,0.2,0.8
v4655,1.0,0.0
v4656,0.1,0.6
v4657,0.5,0.5
v4658,0.5,0.8
v4659,0.3,0.7
v4660,0.4,0.2
v4661,0.7,0.3
v4662,0.3,0.7
v4663,0.5,0.4
v4664,1.0,0.0
v4665,0.8,0.2
v4666,0.5,0.7
v4667,0.5,0.5
v4668,0.2,0.9
v4669,0.5,0.5
v4670,1.0,0.1
v4671,0.0,0.7
v4672,0.2,0.7
v4673,0.7,0.3
v4674,0.8,0.5
v4675,0.3,0.9
v4676,0.2,0.8
v4677,0.2,0.7
v4678,0.9,0.1
v4679,0.9,0.1
v4680,0.8,0.4
v4681,0.4,1.0
v4682,0.1,0.7
v4683,0.2,0.6
v4684,0.6,0.2
v4685,0.0,0.8
v4686,0.6,0.3
v4687,0.0,1.0
v4688,0.0,0.7
v4689,0.2,0.8
v4690,0.7,0.3
v4691,0.0,0.6
v4692,0.0,0.8
