,A,B,C,D
v1,0.3,0.6,0.5,0.4
v2,0.6,0.6,0.6,0.3
v3,0.7,0.4,0.4,0.4
v4,0.6,0.3,0.1,0.2
v5,0.3,0.3,0.3,0.3
v6,0.9,0.1,0.0,0.3
v7,1.0,0.0,0.0,0.0
v8,0.8,0.7,0.5,
v9,0.0,0.5,0.0,0.0
v10,0.8,0.2,0.5,0.6
v11,0.8,0.0,0.2,0.3
v12,0.7,0.6,0.6,0.6
v13,0.0,0.2,0.9,0.3
v14,0.9,0.0,0.0,0.3
v15,0.6,0.5,0.5,0.5
v16,0.6,0.2,0.0,0.3
v17,0.0,0.0,1.0,0.8
v18,0.4,0.5,0.5,0.5
v19,0.8,0.4,0.4,0.4
v20,1.0,0.0,0.0,0.7
v21,0.7,0.3,0.3,0.5
v22,0.8,0.3,0.1,0.5
v23,0.6,0.5,0.5,0.4
v24,0.5,0.5,0.0,0.0
v25,0.3,0.3,0.5,0.2
v26,0.8,0.3,0.3,0.8
v27,0.8,0.0,0.0,0.5
v28,0.4,0.3,0.7,0.5
v29,0.5,0.7,0.6,0.4
v30,0.3,0.6,1.0,0.5
v31,0.4,0.3,0.2,0.1
v32,0.8,0.4,0.4,0.6
v33,1.0,0.6,0.8,0.8
v34,0.4,0.3,0.6,0.4
v35,0.5,0.5,0.5,0.5
v36,0.9,0.8,0.6,0.6
v37,0.1,0.0,0.5,0.0
v38,0.5,0.5,0.6,0.2
v39,0.0,0.0,0.6,0.5
v40,0.7,0.4,0.6,0.6
v41,0.8,0.6,0.8,0.7
v42,0.7,0.5,0.9,0.8
v43,0.4,0.9,0.3,0.3
v44,0.6,0.3,0.8,0.6
v45,0.6,0.5,0.5,0.5
v46,0.0,0.9,0.0,0.0
v47,0.5,0.1,0.3,0.6
v48,0.1,0.3,0.8,0.4
v49,0.4,0.7,0.6,0.5
v50,0.2,0.7,0.1,0.0
v51,0.7,0.5,0.3,0.4
v52,0.8,0.0,0.0,0.8
v53,0.1,0.3,0.6,0.3
v54,0.3,0.5,0.6,0.5
v55,0.3,0.7,0.6,0.2
v56,0.7,0.6,0.0,0.0
v57,0.8,0.0,0.0,0.8
v58,0.4,0.7,0.3,0.2
v59,0.7,0.3,0.2,0.7
v60,0.5,0.5,0.5,0.1
v61,0.0,0.7,1.0,0.2
v62,0.1,0.8,0.3,0.2
v63,0.0,0.8,0.5,0.1
v64,0.1,0.5,0.4,0.3
v65,0.2,0.2,1.0,0.3
v66,0.3,0.6,0.4,0.4
v67,0.3,0.4,0.8,0.7
v68,0.0,0.5,0.6,0.0
v69,0.5,0.5,0.7,0.5
v70,0.6,0.4,0.4,0.4
v71,0.4,0.3,0.1,0.0
v72,0.0,1.0,0.2,0.2
v73,0.9,0.1,0.3,0.6
v74,0.2,0.1,0.3,0.0
v75,1.0,0.0,0.0,
v76,1.0,0.0,0.0,0.5
v77,0.0,0.0,0.5,0.5
v78,0.5,0.5,0.6,0.6
v79,0.2,0.6,0.6,
v80,0.8,0.2,0.0,0.4
v81,0.9,0.2,0.1,0.2
v82,0.8,0.0,0.0,0.4
v83,0.5,0.5,0.5,0.5
v84,0.8,0.8,0.8,0.8
v85,0.5,0.5,0.5,
v86,0.8,0.0,0.3,0.8
v87,0.6,0.6,0.3,0.1
v88,0.0,0.0,0.0,
v89,0.1,0.7,0.5,0.0
v90,0.7,0.2,0.5,0.5
v91,0.5,0.5,0.8,0.5
v92,0.5,0.5,0.5,0.5
v93,0.0,0.0,1.0,0.0
v94,0.5,0.3,0.7,0.2
v95,0.3,0.2,0.6,0.0
v96,0.1,0.8,0.0,0.0
v97,0.2,0.5,0.4,0.0
v98,0.8,0.0,0.0,0.7
v99,0.3,0.3,0.6,0.1
v100,0.5,0.5,0.5,0.5
v101,0.6,0.3,0.4,0.4
v102,0.0,0.5,1.0,0.5
v103,0.0,1.0,0.4,0.6
v104,0.0,0.8,0.1,0.0
v105,0.3,0.3,0.3,0.3
v106,0.9,0.0,0.5,0.3
v107,0.0,1.0,0.1,0.1
v108,0.5,0.5,0.5,0.5
v109,0.3,0.6,0.6,0.6
v110,0.0,0.0,0.1,0.1
v111,1.0,0.5,0.0,0.3
v112,0.1,0.5,0.2,0.0
v113,0.4,0.5,0.1,0.0
v114,0.7,0.3,0.4,
v115,0.4,0.8,0.5,0.3
v116,0.9,0.3,0.1,0.3
v117,0.7,0.4,0.2,0.5
v118,0.5,0.5,0.8,0.7
v119,0.2,0.5,0.5,0.3
v120,0.0,0.5,0.4,0.1
v121,0.3,0.7,0.7,0.6
v122,0.5,0.5,0.4,0.4
v123,0.0,0.0,1.0,0.0
v124,0.2,0.3,0.4,0.2
v125,0.5,0.0,0.3,0.3
v126,1.0,0.0,0.0,0.0
v127,0.5,0.5,0.3,0.3
v128,,0.2,,0.3
v129,0.1,0.3,0.1,
v130,0.4,0.4,0.3,0.2
v131,0.5,0.5,0.5,0.5
v132,0.6,0.0,0.7,0.0
v133,0.5,0.1,0.2,0.5
v134,0.6,0.4,0.3,
v135,0.5,0.2,0.4,0.4
v136,0.3,0.5,0.5,0.4
v137,0.2,0.6,1.0,0.5
v138,0.5,0.5,,
v139,0.2,0.7,,
v140,0.8,0.6,0.2,0.6
v141,0.6,0.6,0.7,0.7
v142,0.6,0.8,0.5,0.3
v143,0.9,0.4,0.2,0.4
v144,0.5,0.5,0.5,0.3
v145,0.8,0.5,0.0,0.0
v146,0.7,0.5,0.5,0.5
v147,0.1,0.7,0.3,0.1
v148,1.0,0.0,0.0,0.2
v149,0.0,0.2,0.0,0.0
v150,0.3,0.4,0.6,0.2
v151,0.4,0.9,0.3,0.2
v152,0.7,0.2,0.6,0.5
v153,0.5,0.5,0.5,0.5
v154,0.3,0.6,0.7,0.2
v155,0.3,0.8,0.1,0.0
v156,0.5,0.4,0.7,0.5
v157,0.5,0.8,0.8,0.3
v158,0.1,0.6,0.4,0.1
v159,1.0,0.7,0.6,0.5
v160,1.0,0.0,0.5,0.6
v161,0.6,0.4,0.4,0.4
v162,0.0,0.6,0.8,0.2
v163,0.6,0.5,0.0,0.3
v164,1.0,0.0,0.4,0.5
v165,0.6,0.5,0.7,
v166,0.4,0.8,0.3,
v167,0.8,0.4,0.8,
v168,0.6,0.6,0.5,
v169,0.2,0.6,0.1,0.0
v170,0.6,0.6,0.6,0.3
v171,1.0,0.1,0.0,0.0
v172,1.0,0.0,0.0,0.0
v173,0.6,0.7,0.1,0.1
v174,0.7,0.4,0.8,0.6
v175,1.0,0.0,0.0,0.5
v176,0.4,0.6,0.3,0.3
v177,0.2,0.6,0.2,0.1
v178,0.5,0.0,0.1,0.1
v179,0.4,0.4,0.3,0.1
v180,0.5,0.5,,
v181,0.0,0.2,1.0,0.4
v182,0.3,0.5,0.5,0.0
v183,0.6,0.3,0.6,0.6
v184,0.1,1.0,0.2,0.2
v185,0.6,0.3,0.5,0.6
v186,1.0,0.5,0.5,0.5
v187,0.0,0.7,0.2,0.1
v188,0.8,0.2,0.0,0.6
v189,0.2,0.8,0.5,0.0
v190,0.3,0.7,0.4,0.3
v191,0.4,0.5,0.6,0.5
v192,0.5,0.6,0.5,0.5
v193,0.7,0.5,0.4,0.5
v194,0.1,0.1,0.2,0.1
v195,0.8,0.2,0.2,0.2
v196,0.7,0.5,0.2,0.5
v197,0.8,0.2,0.2,0.2
v198,0.5,0.4,0.5,0.4
v199,0.5,0.5,0.5,0.5
v200,0.8,0.2,0.3,0.5
v201,0.4,0.7,0.8,0.5
v202,0.0,1.0,,
v203,0.4,0.6,0.7,0.5
v204,0.3,0.8,0.3,0.3
v205,0.0,0.3,0.7,0.0
v206,0.5,0.5,0.5,0.5
v207,0.5,0.5,0.5,0.0
v208,0.6,0.5,0.5,0.7
v209,0.3,0.4,0.5,0.5
v210,0.4,0.7,0.3,
v211,0.5,0.5,0.6,0.3
v212,0.8,0.7,,
v213,0.0,0.5,0.7,0.0
v214,0.2,0.4,0.3,0.1
v215,0.5,0.5,0.5,0.5
v216,0.7,0.3,0.5,0.5
v217,0.3,0.7,0.3,0.3
v218,0.4,0.6,0.5,0.5
v219,0.6,0.3,0.0,0.0
v220,0.5,0.7,0.4,0.3
v221,0.5,0.5,,
v222,0.4,0.8,0.5,
v223,0.4,0.6,0.6,0.3
v224,0.2,0.4,0.6,0.5
v225,0.2,0.8,0.0,0.0
v226,1.0,0.2,0.6,0.8
v227,0.9,0.0,0.0,0.0
v228,0.4,0.6,0.7,0.1
v229,1.0,0.5,0.2,0.5
v230,1.0,0.0,0.1,0.5
v231,1.0,0.0,,
v232,0.5,0.1,0.5,0.1
v233,1.0,0.5,0.5,0.5
v234,0.0,0.7,0.5,0.0
v235,1.0,0.5,0.8,0.5
v236,0.8,0.3,0.1,0.2
v237,0.4,0.2,0.6,0.1
v238,0.5,0.0,0.0,0.5
v239,0.9,0.0,0.0,0.0
v240,0.6,0.8,0.7,0.5
v241,0.1,0.9,0.0,0.0
v242,0.5,0.5,0.5,0.5
v243,0.3,0.4,0.8,0.7
v244,0.8,0.5,0.6,0.6
v245,0.5,0.5,0.6,0.6
v246,0.4,0.5,0.6,0.4
v247,1.0,0.4,0.2,0.8
v248,0.4,0.5,0.6,0.1
v249,0.5,0.5,0.3,0.0
v250,0.4,0.4,0.5,0.6
v251,0.6,0.0,0.8,0.7
v252,0.6,0.5,0.3,
v253,0.0,0.9,0.7,0.3
v254,0.0,0.9,,
v255,0.4,0.5,0.2,0.2
v256,1.0,0.0,0.5,0.8
v257,0.6,0.4,0.6,0.5
v258,0.7,0.0,0.3,0.1
v259,0.4,0.0,0.3,0.3
v260,0.5,0.6,0.6,0.6
v261,0.5,0.4,0.6,0.7
v262,0.8,0.4,0.4,0.5
v263,0.8,0.6,0.5,0.5
v264,0.6,0.0,0.0,0.4
v265,1.0,0.0,0.0,0.5
v266,0.5,0.6,0.5,0.4
v267,0.3,0.5,0.5,0.3
v268,0.5,0.3,0.1,0.2
v269,0.5,0.4,0.6,0.6
v270,0.8,0.4,0.7,0.5
v271,0.5,0.8,0.6,0.3
v272,0.3,0.5,0.5,0.5
v273,0.9,0.4,0.3,0.3
v274,0.5,0.5,0.5,0.5
v275,0.5,0.5,0.4,0.5
v276,0.4,0.3,0.5,0.3
v277,0.5,0.5,0.0,
v278,0.5,0.7,0.5,0.3
v279,0.9,0.3,0.3,0.3
v280,0.5,0.5,0.3,0.2
v281,0.8,0.5,0.4,0.6
v282,0.5,0.5,0.5,0.5
v283,0.7,0.3,0.3,0.5
v284,0.7,0.2,0.0,0.7
v285,0.5,0.5,0.5,0.3
v286,0.4,0.7,0.8,0.5
v287,0.5,0.3,0.1,0.6
v288,0.0,0.7,0.5,0.2
v289,0.3,0.7,0.6,0.3
v290,0.1,0.3,0.2,0.0
v291,0.8,0.0,0.0,0.0
v292,1.0,0.0,0.0,0.0
v293,0.3,0.7,0.4,0.4
v294,0.3,0.1,0.7,0.0
v295,0.2,0.5,0.7,0.0
v296,1.0,0.0,0.0,
v297,0.2,0.5,0.7,0.0
v298,0.4,0.6,0.7,
v299,0.5,0.3,0.6,0.2
v300,0.2,0.3,0.7,0.6
v301,0.3,0.2,0.4,0.2
v302,0.4,0.5,0.5,0.2
v303,0.6,0.7,0.6,0.3
v304,1.0,0.1,0.0,0.1
v305,0.4,0.6,0.7,0.4
v306,0.0,1.0,0.2,0.0
v307,0.3,0.5,0.1,0.5
v308,0.6,0.5,0.4,0.3
v309,0.0,0.5,0.2,0.0
v310,0.7,0.6,0.4,0.5
v311,0.0,0.6,0.2,0.1
v312,0.8,0.1,0.7,0.5
v313,0.5,0.5,0.6,0.5
v314,0.9,0.3,0.1,0.7
v315,0.2,0.8,0.5,0.2
v316,1.0,0.0,0.0,
v317,0.1,0.5,0.0,0.1
v318,0.7,0.4,0.3,0.2
v319,0.0,1.0,0.0,0.0
v320,0.9,0.3,0.1,0.5
v321,1.0,0.2,0.2,0.3
v322,0.8,0.7,0.8,0.3
v323,0.4,0.7,0.8,
v324,0.6,0.4,0.6,0.5
v325,0.1,0.5,0.1,0.1
v326,0.6,0.8,0.7,0.6
v327,0.3,0.6,0.7,0.2
v328,0.6,0.4,0.4,0.4
v329,0.7,0.4,0.3,0.5
v330,0.2,0.8,0.6,0.5
v331,0.3,0.9,0.2,0.1
v332,0.8,0.0,0.3,0.5
v333,0.5,0.5,0.0,
v334,0.8,0.6,0.5,0.3
v335,0.8,0.2,0.0,0.4
v336,0.6,0.4,0.4,0.4
v337,1.0,0.1,0.1,0.3
v338,0.3,0.8,0.0,0.0
v339,0.8,0.3,0.2,0.5
v340,0.5,0.7,0.5,
v341,0.8,0.2,0.5,0.5
v342,0.8,0.0,0.8,0.5
v343,0.2,1.0,0.2,0.6
v344,0.5,0.5,0.5,
v345,0.5,0.8,0.8,0.5
v346,0.2,0.9,0.6,0.2
v347,1.0,0.0,0.0,0.5
v348,0.5,0.5,0.5,0.5
v349,0.5,0.9,0.5,0.5
v350,0.1,0.1,0.5,0.5
v351,0.0,1.0,0.0,
v352,0.5,0.5,0.5,0.5
v353,0.7,0.6,0.5,0.5
v354,0.4,0.2,0.2,0.4
v355,0.1,0.5,0.2,
v356,1.0,0.3,0.2,
v357,0.5,0.7,0.3,0.2
v358,0.3,0.8,0.5,0.2
v359,0.3,0.4,0.2,0.1
v360,0.0,0.8,0.4,0.0
v361,0.5,0.5,0.3,0.1
v362,0.0,0.5,0.5,0.0
v363,0.2,0.6,0.3,0.1
v364,0.2,0.2,0.8,0.5
v365,0.0,1.0,0.5,0.3
v366,0.5,0.5,0.5,0.3
v367,0.9,0.2,0.2,0.6
v368,0.4,0.2,0.7,0.7
v369,0.3,0.9,0.5,0.4
v370,0.5,0.5,0.7,0.6
v371,0.5,0.6,0.8,
v372,0.2,0.6,0.2,0.2
v373,0.5,0.5,0.5,0.5
v374,0.3,0.2,0.7,0.3
v375,0.9,0.5,0.7,0.7
v376,0.3,0.6,0.5,0.0
v377,0.0,0.8,,
v378,0.7,0.4,0.5,0.6
v379,0.3,0.3,0.3,0.3
v380,0.0,0.8,0.3,0.0
v381,0.6,0.7,0.3,0.0
v382,0.5,0.5,0.5,0.5
v383,0.8,0.6,0.4,0.3
v384,0.5,0.4,0.1,0.1
v385,0.8,0.4,0.1,0.5
v386,0.4,0.3,0.4,0.3
v387,0.8,0.5,0.4,0.3
v388,0.6,0.0,0.3,0.4
v389,0.9,0.2,0.3,
v390,0.8,0.4,0.6,0.5
v391,0.0,0.0,0.0,0.0
v392,0.7,0.6,0.8,0.3
v393,0.7,0.5,0.6,0.6
v394,0.5,0.5,0.7,0.5
v395,0.5,0.5,0.5,0.5
v396,0.3,0.7,0.6,0.2
v397,0.7,0.4,0.2,0.4
v398,0.6,0.7,0.7,0.5
v399,0.3,0.6,0.1,0.0
v400,0.9,0.2,0.9,
v401,0.5,0.2,0.2,0.5
v402,0.9,0.1,0.1,1.0
v403,0.4,0.4,0.7,0.2
v404,0.0,0.3,0.5,0.0
v405,0.4,0.6,0.5,0.0
v406,0.4,0.8,0.5,0.5
v407,0.5,0.5,0.5,0.5
v408,1.0,0.0,0.0,0.5
v409,0.1,0.9,0.1,0.1
v410,0.0,0.0,0.9,0.9
v411,0.3,0.8,0.2,0.1
v412,0.8,0.5,0.5,0.5
v413,0.5,0.5,0.5,0.5
v414,0.9,0.5,0.5,0.5
v415,0.5,0.5,0.5,0.5
v416,0.8,0.6,0.6,0.7
v417,0.3,0.4,0.5,0.0
v418,0.4,0.8,0.3,0.2
v419,0.8,0.5,0.1,0.1
v420,0.6,0.3,0.9,0.3
v421,0.0,0.5,0.5,0.0
v422,0.5,0.4,0.5,0.5
v423,0.7,0.2,0.2,0.3
v424,1.0,0.0,0.2,0.3
v425,0.6,0.0,0.5,0.3
v426,0.7,0.5,0.5,0.5
v427,0.4,0.7,0.3,0.2
v428,0.0,1.0,0.0,0.0
v429,0.8,1.0,0.6,0.6
v430,0.6,0.0,0.0,0.8
v431,0.5,0.3,0.0,0.0
v432,0.8,0.0,0.0,0.7
v433,0.4,0.5,0.7,0.0
v434,0.8,0.5,0.4,0.6
v435,1.0,0.2,0.2,0.2
v436,0.5,0.5,0.5,0.5
v437,1.0,0.0,0.0,0.0
v438,0.5,0.5,0.4,
v439,0.7,0.4,0.7,0.3
v440,1.0,0.0,0.0,0.0
v441,0.6,0.5,0.7,0.6
v442,0.5,0.5,0.2,0.2
v443,0.6,0.7,0.7,0.5
v444,0.8,0.2,0.0,0.9
v445,0.4,0.5,0.5,0.5
v446,0.5,0.5,0.5,0.5
v447,0.7,0.6,0.8,0.9
v448,0.2,0.6,0.5,0.2
v449,0.8,0.1,0.2,0.5
v450,0.5,0.5,0.5,
v451,0.1,0.5,1.0,0.3
v452,0.0,0.5,0.5,0.5
v453,0.8,0.0,0.0,0.7
v454,0.8,0.5,0.5,0.8
v455,0.3,0.6,0.5,0.3
v456,1.0,0.1,0.2,
v457,0.9,0.7,0.3,0.3
v458,0.8,0.7,0.6,0.5
v459,0.4,0.5,0.7,0.2
v460,0.0,0.1,0.0,0.0
v461,0.5,0.7,0.0,0.0
v462,0.6,0.6,0.4,
v463,0.8,0.4,0.3,0.6
v464,0.8,0.0,0.0,0.3
v465,0.6,0.5,0.7,0.6
v466,0.3,0.7,0.3,0.3
v467,0.5,0.6,0.7,0.3
v468,0.5,0.5,0.5,0.2
v469,0.5,0.5,0.5,0.5
v470,0.2,0.4,0.5,0.0
v471,0.1,0.7,0.3,0.2
v472,0.7,0.4,0.7,0.5
v473,0.4,0.7,0.8,0.6
v474,0.8,0.7,0.3,
v475,0.2,0.8,0.5,0.5
v476,0.0,0.2,1.0,0.2
v477,0.7,0.0,0.0,0.2
v478,0.0,0.8,0.2,0.2
v479,0.7,0.5,0.3,0.1
v480,0.5,0.5,,
v481,0.6,0.3,0.2,0.6
v482,0.6,0.3,0.5,0.5
v483,1.0,1.0,1.0,0.0
v484,0.3,0.8,0.6,0.2
v485,0.0,1.0,0.5,0.3
v486,0.0,0.3,1.0,0.1
v487,1.0,0.0,0.0,0.2
v488,0.6,0.5,0.4,0.4
v489,0.3,0.8,0.8,0.3
v490,0.3,0.7,0.2,0.0
v491,0.6,0.5,,
v492,0.6,,,
v493,1.0,0.0,0.0,0.3
v494,0.9,0.2,0.0,0.0
v495,0.4,0.7,0.6,0.2
v496,0.4,0.6,0.7,
v497,0.5,0.5,0.5,0.5
v498,0.4,0.6,,
v499,0.4,0.6,0.5,0.7
v500,0.4,0.6,0.5,0.5
v501,0.7,0.8,0.7,0.6
v502,0.4,0.6,0.8,0.5
v503,0.8,0.3,0.5,0.4
v504,0.8,0.3,0.0,0.1
v505,1.0,0.5,0.5,0.6
v506,0.9,0.0,0.0,0.7
v507,0.0,0.8,0.2,0.0
v508,0.5,0.6,0.4,0.3
v509,0.5,0.5,0.5,0.5
v510,1.0,,0.0,0.0
v511,1.0,1.0,1.0,
v512,0.0,0.8,0.5,0.1
v513,0.3,0.5,0.6,0.3
v514,0.7,0.2,0.0,0.5
v515,0.5,0.6,0.4,0.2
v516,0.8,0.5,0.3,
v517,0.5,0.0,0.3,0.4
v518,0.6,0.4,0.4,0.4
v519,0.3,0.5,0.1,0.1
v520,0.5,1.0,0.6,0.5
v521,0.5,0.5,0.3,0.4
v522,0.5,0.5,0.5,0.2
v523,0.6,0.5,0.0,0.2
v524,0.1,0.8,0.8,0.3
v525,0.4,0.4,0.5,0.5
v526,0.6,0.3,0.5,
v527,0.9,0.3,0.0,0.0
v528,0.0,0.8,0.5,
v529,0.5,0.7,0.5,0.0
v530,0.5,0.5,0.5,0.0
v531,0.6,0.2,0.2,0.3
v532,0.4,0.6,0.7,0.7
v533,0.5,0.5,0.5,0.5
v534,0.6,0.4,0.5,0.7
v535,0.7,0.8,0.1,0.1
v536,1.0,1.0,1.0,1.0
v537,0.2,0.6,0.0,0.0
v538,0.9,0.0,0.3,0.2
v539,0.3,0.4,0.7,0.5
v540,0.0,0.5,0.0,0.0
v541,0.6,0.6,0.1,0.2
v542,0.2,0.6,0.3,0.1
v543,0.7,0.2,0.5,0.7
v544,0.3,0.4,0.8,0.6
v545,0.5,0.5,,0.3
v546,0.8,0.4,0.1,0.5
v547,0.3,0.8,0.4,0.2
v548,0.1,0.3,0.2,0.1
v549,0.5,0.5,0.7,0.0
v550,0.0,0.2,,
v551,0.5,0.5,0.5,0.5
v552,0.0,0.7,0.7,0.0
v553,0.9,0.9,0.5,0.5
v554,0.5,0.4,0.5,0.5
v555,0.6,0.0,0.7,0.7
v556,0.4,1.0,0.5,0.1
v557,0.6,0.3,0.5,
v558,0.9,0.0,0.1,0.0
v559,0.8,0.2,0.0,0.7
v560,0.5,0.5,0.5,0.5
v561,0.7,0.6,0.4,0.3
v562,0.0,1.0,0.5,
v563,0.7,0.2,0.7,0.6
v564,0.0,0.7,0.5,0.0
v565,0.0,0.8,0.8,0.5
v566,0.0,0.6,0.5,0.0
v567,0.9,0.8,0.4,0.5
v568,0.5,0.5,0.3,
v569,0.3,0.7,0.3,0.1
v570,0.5,0.8,0.3,0.2
v571,0.7,0.4,0.5,0.5
v572,0.2,0.6,1.0,
v573,0.8,0.3,0.5,0.5
v574,0.0,0.4,0.8,0.4
v575,0.4,0.6,0.6,0.5
v576,1.0,0.0,0.0,0.2
v577,1.0,0.0,0.0,0.3
v578,0.2,0.9,0.2,0.2
v579,0.5,0.6,0.3,0.2
v580,0.3,0.3,0.7,0.4
v581,1.0,0.3,0.0,0.5
v582,0.3,0.7,0.6,0.1
v583,0.1,0.3,0.3,0.3
v584,0.5,0.5,0.5,0.5
v585,0.1,0.1,0.1,0.1
v586,0.2,0.6,0.5,0.0
v587,0.0,0.7,0.7,0.6
v588,1.0,0.0,0.0,0.8
v589,0.9,0.3,0.2,0.4
v590,0.5,0.4,0.5,0.5
v591,0.6,0.4,0.5,0.5
v592,0.0,0.8,0.9,0.7
v593,0.9,0.0,0.1,0.9
v594,0.1,0.7,0.8,0.0
v595,0.7,0.4,0.7,0.7
v596,0.5,0.5,0.5,0.5
v597,0.0,0.6,0.0,0.1
v598,0.2,1.0,0.5,0.3
v599,1.0,0.0,0.0,1.0
v600,0.0,0.6,0.5,0.0
v601,0.0,0.7,0.3,0.2
v602,0.0,0.8,0.8,0.0
v603,0.8,0.8,0.6,0.6
v604,0.5,0.7,0.2,0.0
v605,0.9,0.5,0.3,0.6
v606,0.9,0.0,0.4,0.4
v607,0.5,0.5,0.6,0.4
v608,1.0,0.0,0.0,0.6
v609,0.5,0.5,0.5,0.5
v610,0.7,0.5,0.3,0.2
v611,0.7,0.3,0.6,0.5
v612,0.9,0.2,0.5,0.9
v613,0.5,0.7,0.0,0.6
v614,0.3,0.2,0.4,0.0
v615,0.6,0.0,0.0,0.3
v616,0.2,0.8,0.6,0.5
v617,0.6,0.3,0.2,0.4
v618,0.2,0.8,0.5,0.5
v619,0.7,0.3,0.5,0.5
v620,0.0,1.0,0.5,0.1
v621,0.0,0.7,0.2,0.0
v622,1.0,0.0,0.0,0.0
v623,0.8,1.0,0.6,0.4
v624,0.8,0.2,0.7,
v625,0.3,0.8,,
v626,0.2,0.3,0.6,0.4
v627,0.7,0.2,0.2,0.5
v628,0.5,0.0,,
v629,0.3,0.3,0.4,0.2
v630,0.8,0.5,0.8,0.7
v631,0.5,0.9,0.5,
v632,0.5,0.6,0.3,0.3
v633,0.7,0.3,0.6,0.7
v634,0.6,0.3,0.4,0.5
v635,0.6,0.3,0.7,0.5
v636,0.5,0.6,0.6,0.4
v637,0.6,0.5,0.5,0.3
v638,0.6,0.7,0.3,0.2
v639,0.6,0.0,0.3,0.6
v640,0.3,0.6,0.2,0.0
v641,0.5,0.4,0.6,0.5
v642,0.7,0.7,0.3,0.2
v643,0.5,0.8,0.9,0.8
v644,0.7,0.4,0.3,0.7
v645,0.0,0.8,0.9,0.0
v646,0.9,0.4,0.9,0.4
v647,1.0,0.5,0.1,0.1
v648,1.0,0.5,0.2,0.5
v649,1.0,0.0,0.0,0.6
v650,0.6,0.5,0.3,0.3
v651,0.4,0.8,0.5,0.2
v652,0.7,0.3,0.9,0.5
v653,0.0,0.2,0.9,0.3
v654,0.5,0.7,0.8,0.3
v655,0.6,0.7,0.5,0.2
v656,0.0,0.8,0.4,0.0
v657,0.2,0.5,0.1,0.1
v658,0.6,0.3,0.3,0.4
v659,0.5,0.7,0.5,0.4
v660,0.4,0.6,0.5,0.2
v661,0.8,0.3,0.5,0.5
v662,0.8,0.9,0.7,0.0
v663,0.3,0.5,,0.0
v664,0.0,0.7,0.5,0.0
v665,0.4,0.5,0.1,0.0
v666,0.5,0.5,0.5,0.5
v667,0.1,0.7,0.5,0.3
v668,0.3,0.5,0.8,0.3
v669,0.5,0.5,0.5,0.3
v670,0.8,0.3,0.3,0.5
v671,0.3,0.6,0.2,
v672,0.6,0.3,0.1,0.3
v673,1.0,0.3,0.5,0.5
v674,0.3,0.6,0.6,0.4
v675,0.7,0.3,,
v676,0.5,0.5,0.5,0.5
v677,0.0,0.5,0.6,0.3
v678,0.0,1.0,0.5,0.5
v679,0.0,0.0,0.0,0.0
v680,0.4,0.4,0.4,0.4
v681,0.7,0.1,0.9,
v682,0.5,0.5,0.5,0.5
v683,0.6,0.2,0.6,0.0
v684,0.8,0.4,0.0,0.3
v685,0.4,0.6,0.4,0.0
v686,0.3,0.5,0.5,0.5
v687,0.0,0.9,0.2,0.0
v688,0.3,0.5,0.2,
v689,0.9,0.2,0.2,0.2
v690,0.5,0.8,0.5,0.3
v691,0.5,0.5,0.5,0.5
v692,0.5,0.3,0.4,0.0
v693,0.3,0.1,0.3,0.0
v694,0.6,0.0,0.5,0.8
v695,0.3,0.3,0.8,0.5
v696,0.8,0.3,0.8,0.8
v697,0.4,0.3,0.0,0.0
v698,0.0,0.5,0.3,0.1
v699,0.8,0.0,0.0,0.8
v700,0.3,0.5,0.1,0.0
v701,0.0,1.0,0.7,0.5
v702,0.4,0.6,0.3,0.1
v703,0.4,0.6,0.5,0.4
v704,1.0,0.5,0.0,0.4
v705,0.7,0.8,0.6,0.4
v706,0.8,0.2,0.1,0.1
v707,0.1,0.8,0.1,0.0
v708,0.9,0.4,0.3,0.5
v709,0.4,0.6,0.8,
v710,0.9,0.6,0.4,0.6
v711,0.8,,,1.0
v712,0.3,0.3,0.5,0.5
v713,0.8,0.4,0.2,0.3
v714,1.0,0.3,0.0,0.0
v715,0.8,0.8,0.7,0.7
v716,0.5,0.5,0.5,0.5
v717,1.0,0.3,0.3,
v718,0.5,0.7,0.3,0.2
v719,0.0,0.5,0.4,0.4
v720,0.3,0.5,0.5,0.3
v721,0.1,0.8,0.1,0.0
v722,0.6,0.3,0.7,0.8
v723,0.6,0.7,0.8,0.4
v724,0.5,0.4,0.0,0.4
v725,1.0,0.5,0.5,0.5
v726,0.8,0.4,0.5,0.0
v727,0.7,0.2,0.5,0.6
v728,0.6,0.2,0.4,
v729,0.4,0.5,0.1,0.1
v730,0.5,0.5,0.5,0.5
v731,1.0,0.2,0.0,0.0
v732,0.1,0.9,0.1,0.1
v733,0.7,0.6,0.7,0.6
v734,0.7,0.2,0.8,0.7
v735,0.9,0.4,0.3,0.4
v736,0.0,0.9,0.9,0.0
v737,0.6,0.6,0.6,0.4
v738,0.0,0.6,0.2,0.0
v739,0.1,0.3,1.0,0.5
v740,0.8,0.4,0.1,
v741,0.7,0.0,0.8,0.0
v742,0.3,0.5,0.6,0.7
v743,0.7,0.3,0.8,0.3
v744,0.3,0.3,,
v745,1.0,0.1,0.0,0.3
v746,0.5,0.5,0.5,0.5
v747,0.2,1.0,0.5,0.5
v748,0.2,0.6,0.5,0.3
v749,0.2,0.3,0.7,0.2
v750,0.2,0.1,0.0,0.1
v751,0.0,0.5,0.8,0.1
v752,0.4,0.6,0.7,0.3
v753,0.8,0.0,0.1,0.1
v754,0.4,0.7,0.5,0.3
v755,0.5,0.5,0.6,
v756,0.8,0.5,0.5,0.7
v757,0.0,1.0,0.7,
v758,0.3,0.4,0.6,0.8
v759,0.7,0.1,0.4,0.3
v760,0.0,0.5,0.2,0.0
v761,0.5,0.5,0.5,0.5
v762,0.0,0.3,0.9,0.0
v763,0.0,0.0,1.0,0.0
v764,0.6,0.5,0.6,0.5
v765,0.2,0.3,0.3,0.3
v766,1.0,0.0,0.0,0.3
v767,0.5,0.5,0.5,0.5
v768,0.7,0.6,0.6,0.5
v769,0.5,0.8,0.5,0.3
v770,0.6,0.5,0.3,0.1
v771,0.5,0.2,0.7,0.2
v772,1.0,0.0,0.0,0.1
v773,1.0,0.0,0.5,0.5
v774,0.7,0.0,0.0,0.5
v775,0.5,0.5,0.4,0.3
v776,0.0,0.5,0.5,0.2
v777,0.5,0.5,0.5,0.5
v778,0.4,0.5,0.6,0.3
v779,0.5,0.7,0.5,
v780,0.0,0.5,0.8,0.7
v781,0.6,,,
v782,0.5,0.8,0.6,0.3
v783,0.1,0.5,0.0,0.0
v784,0.5,0.5,0.0,
v785,0.0,0.6,0.5,0.2
v786,0.6,0.5,0.5,0.4
v787,0.6,0.3,0.2,0.5
v788,0.1,0.0,0.7,0.7
v789,0.6,0.5,0.6,0.7
v790,0.1,0.8,0.3,0.2
v791,0.8,0.1,0.7,0.4
v792,0.6,0.3,0.5,0.3
v793,0.0,1.0,0.2,0.2
v794,0.0,1.0,0.0,0.0
v795,0.6,0.5,0.7,0.6
v796,0.6,0.6,0.7,0.5
v797,0.8,0.0,1.0,0.8
v798,0.7,0.8,0.7,0.7
v799,0.5,0.3,0.4,0.6
v800,0.7,0.5,0.4,0.3
v801,0.8,0.5,0.3,0.3
v802,0.5,0.5,0.5,0.4
v803,0.3,0.6,0.7,0.5
v804,0.5,0.5,0.5,0.5
v805,0.4,0.8,0.5,0.3
v806,0.5,0.5,0.5,0.5
v807,1.0,1.0,1.0,1.0
v808,0.8,0.7,0.4,0.3
v809,0.3,0.4,0.1,0.1
v810,0.3,0.5,0.6,0.7
v811,0.8,0.5,0.2,0.4
v812,0.8,0.5,0.7,0.5
v813,0.4,0.4,0.4,0.2
v814,0.2,0.6,0.2,0.2
v815,1.0,0.0,0.0,0.0
v816,0.5,0.7,,
v817,0.5,0.7,0.6,0.4
v818,0.0,0.7,0.5,0.0
v819,0.7,0.4,0.3,0.5
v820,0.2,0.5,0.6,0.5
v821,0.8,,,
v822,0.0,0.0,0.0,0.0
v823,0.6,0.5,0.7,0.4
v824,0.8,0.5,0.3,0.2
v825,0.7,0.5,0.6,0.3
v826,0.8,0.3,0.1,0.5
v827,0.3,0.6,0.8,0.5
v828,0.5,0.0,0.0,0.0
v829,0.5,0.5,0.4,0.3
v830,0.1,0.1,0.5,0.0
v831,0.8,,0.2,
v832,0.0,0.6,0.7,0.0
v833,0.6,0.5,0.4,0.4
v834,0.5,0.5,0.6,0.0
v835,0.2,0.3,0.8,0.6
v836,0.5,0.5,0.5,0.5
v837,0.8,0.3,0.5,0.5
v838,0.8,0.4,0.2,0.2
v839,0.6,0.5,0.2,0.1
v840,0.0,0.1,0.2,0.3
v841,0.6,0.3,0.5,0.1
v842,1.0,0.0,0.0,0.5
v843,0.4,0.5,0.7,0.4
v844,0.0,1.0,0.3,
v845,0.8,0.6,0.2,0.5
v846,0.9,0.4,0.0,0.5
v847,0.8,0.1,0.3,0.7
v848,0.2,0.8,0.6,0.1
v849,0.1,0.5,0.5,0.5
v850,0.2,0.8,0.5,0.1
v851,0.5,0.6,0.4,0.3
v852,0.5,0.5,0.5,0.5
v853,0.3,0.6,0.5,0.2
v854,0.0,1.0,0.5,0.4
v855,1.0,0.0,0.0,0.0
v856,0.2,0.4,0.7,
v857,0.8,0.2,0.1,0.1
v858,0.0,0.3,1.0,0.6
v859,0.5,0.3,0.6,0.2
v860,0.2,0.7,0.2,0.2
v861,0.2,0.2,0.0,0.0
v862,0.7,0.0,0.8,0.5
v863,0.5,0.8,0.4,0.3
v864,0.5,0.5,0.5,0.5
v865,0.5,0.5,0.5,0.5
v866,0.7,0.5,0.7,0.5
v867,0.7,0.7,0.5,
v868,0.6,0.4,0.1,0.3
v869,0.5,0.7,0.5,0.5
v870,0.2,0.5,0.0,0.0
v871,0.4,0.5,0.2,
v872,0.6,0.4,0.5,0.3
v873,0.8,0.3,0.3,0.5
v874,0.0,1.0,,0.0
v875,0.8,0.3,0.2,0.3
v876,0.9,0.4,0.2,0.6
v877,0.3,0.3,0.5,0.5
v878,0.3,0.7,0.7,0.6
v879,0.8,0.3,0.2,0.6
v880,0.2,0.5,1.0,0.6
v881,0.5,0.6,0.3,0.3
v882,0.5,0.6,0.4,0.4
v883,0.8,0.5,0.5,0.7
v884,0.3,0.6,0.5,0.4
v885,0.0,0.3,0.4,0.0
v886,0.0,0.5,0.8,0.4
v887,0.5,0.3,0.0,0.3
v888,0.5,0.5,0.5,0.5
v889,0.5,0.7,0.2,0.0
v890,0.5,0.6,0.3,0.2
v891,0.5,0.7,0.5,0.3
v892,0.2,0.8,0.6,0.6
v893,0.8,0.4,0.8,0.8
v894,0.5,0.8,0.3,0.3
v895,0.5,0.5,0.7,0.3
v896,0.7,0.3,0.0,0.2
v897,0.8,0.5,0.5,0.5
v898,0.5,0.5,0.5,0.5
v899,0.8,0.3,0.5,0.6
v900,0.6,0.5,0.4,0.4
v901,0.8,0.4,0.7,0.7
v902,0.5,0.4,0.6,0.5
v903,0.8,0.2,0.5,0.5
v904,0.7,0.5,0.6,0.5
v905,0.1,0.5,0.2,0.1
v906,1.0,0.5,0.2,0.2
v907,0.3,0.8,0.4,0.1
v908,0.6,0.7,0.5,0.4
v909,0.4,0.5,0.8,0.5
v910,0.5,0.6,0.7,0.5
v911,0.0,0.3,0.5,0.4
v912,0.5,0.5,0.5,0.3
v913,0.4,0.7,0.7,0.5
v914,0.5,0.5,0.3,0.7
v915,0.6,0.4,0.6,0.4
v916,0.0,0.3,0.4,0.0
v917,0.4,0.5,0.5,0.5
v918,0.9,0.3,0.0,0.0
v919,0.4,0.3,0.5,0.6
v920,0.0,0.7,0.0,0.0
v921,0.4,0.6,0.4,
v922,0.2,0.2,0.2,0.1
v923,1.0,0.5,0.0,0.0
v924,0.4,0.0,0.5,0.3
v925,0.8,0.3,0.1,0.5
v926,0.8,0.8,0.3,0.3
v927,0.0,0.8,0.1,0.0
v928,0.6,0.6,0.5,0.6
v929,0.5,0.8,0.4,0.3
v930,0.5,0.5,0.5,0.5
v931,0.5,0.5,0.5,0.5
v932,0.1,1.0,0.5,
v933,0.6,0.3,0.3,0.1
v934,0.8,0.8,,
v935,0.3,0.5,0.8,0.8
v936,0.0,0.0,0.0,0.0
v937,0.0,1.0,0.4,0.2
v938,0.4,0.6,0.5,
v939,0.2,0.8,0.4,0.1
v940,0.2,0.3,0.8,0.0
v941,0.0,1.0,0.5,0.0
v942,0.6,0.8,0.6,
v943,0.5,0.5,0.5,0.5
v944,0.6,0.5,0.7,0.4
v945,0.6,0.5,0.6,0.4
v946,0.5,0.7,0.7,0.4
v947,0.6,0.7,0.6,0.7
v948,0.5,0.6,0.8,0.7
v949,0.8,0.1,0.0,0.2
v950,0.4,0.5,0.7,0.7
v951,0.2,0.8,0.1,0.0
v952,0.5,0.7,0.6,0.6
v953,0.4,0.4,0.5,0.5
v954,1.0,0.0,0.0,0.0
v955,0.5,0.4,0.8,0.6
v956,1.0,0.0,0.0,0.5
v957,0.5,0.5,0.5,0.5
v958,0.3,0.8,0.3,0.3
v959,0.8,0.3,0.7,1.0
v960,0.5,0.5,0.5,
v961,0.1,0.1,0.5,0.3
v962,0.5,0.6,0.5,0.4
v963,0.7,0.3,0.7,0.7
v964,0.9,0.1,0.0,0.5
v965,0.8,0.5,0.7,0.7
v966,0.6,0.4,0.3,
v967,0.2,0.2,0.5,0.0
v968,0.9,0.3,0.0,0.0
v969,0.4,0.5,0.5,0.4
v970,0.8,0.7,0.6,0.2
v971,0.3,0.9,0.0,0.1
v972,0.5,0.5,0.7,0.8
v973,0.5,0.5,0.5,0.4
v974,0.8,0.4,0.5,0.5
v975,0.5,0.6,0.5,0.3
v976,0.0,0.3,0.0,0.0
v977,0.0,0.5,0.5,0.5
v978,0.5,0.6,0.6,0.6
v979,0.2,0.7,0.3,0.3
v980,0.7,0.5,0.4,0.3
v981,0.4,0.7,0.5,0.4
v982,0.7,0.0,0.1,0.3
v983,0.7,0.0,0.1,0.1
v984,0.2,0.8,0.3,0.1
v985,0.5,0.7,0.4,
v986,0.4,0.6,0.5,0.3
v987,0.5,0.5,0.5,0.5
v988,0.5,0.5,0.5,0.5
v989,0.4,0.5,0.5,0.4
v990,0.6,0.5,0.5,0.4
v991,0.3,0.6,0.5,0.3
v992,0.3,0.5,0.6,0.1
v993,0.6,0.2,0.4,0.3
v994,0.8,0.8,0.7,0.6
v995,0.5,0.2,0.5,0.5
v996,0.0,0.2,0.8,0.0
v997,0.5,0.6,0.1,0.1
v998,0.8,0.2,0.2,0.2
v999,0.0,1.0,0.7,0.0
v1000,1.0,0.0,0.0,0.5
v1001,0.6,0.5,0.4,0.4
v1002,0.1,0.3,0.5,0.0
v1003,0.8,0.5,0.2,0.2
v1004,1.0,0.0,0.0,0.0
v1005,0.0,0.6,1.0,0.5
v1006,1.0,0.0,0.0,0.0
v1007,0.5,0.5,0.5,0.5
v1008,0.2,0.7,0.5,0.3
v1009,0.5,0.2,0.9,
v1010,0.5,0.8,0.5,0.3
v1011,0.9,0.0,0.0,0.0
v1012,0.5,0.5,0.4,0.4
v1013,0.5,0.4,0.4,
v1014,0.8,0.4,0.1,0.5
v1015,0.3,0.6,0.3,0.0
v1016,0.0,0.6,0.2,0.0
v1017,0.8,0.4,0.3,0.1
v1018,0.3,0.7,0.4,0.2
v1019,0.0,0.0,0.0,0.0
v1020,1.0,0.5,0.0,0.5
v1021,0.2,1.0,0.1,0.0
v1022,0.6,0.2,0.4,0.5
v1023,0.5,0.3,0.7,0.7
v1024,0.3,0.3,0.6,0.6
v1025,0.3,0.8,0.5,0.0
v1026,0.5,0.5,0.5,0.2
v1027,1.0,0.0,0.0,0.0
v1028,0.4,0.4,0.4,0.4
v1029,0.5,0.5,0.5,0.4
v1030,0.4,0.6,0.4,0.3
v1031,0.4,0.3,0.3,0.3
v1032,0.7,0.4,0.1,0.1
v1033,0.8,0.5,0.7,0.3
v1034,0.5,0.4,0.4,0.3
v1035,0.8,0.4,0.5,0.3
v1036,0.5,0.5,0.5,0.5
v1037,0.4,0.4,0.5,0.4
v1038,0.8,0.3,0.8,0.7
v1039,0.2,0.4,0.6,0.2
v1040,0.7,0.5,0.5,0.5
v1041,0.5,0.5,1.0,0.0
v1042,0.5,0.5,0.5,0.5
v1043,0.6,0.3,0.6,0.5
v1044,0.0,1.0,0.1,0.1
v1045,0.0,0.6,0.6,0.5
v1046,0.8,0.3,0.0,0.9
v1047,0.8,0.4,0.0,0.0
v1048,0.6,0.3,0.7,0.6
v1049,0.4,0.4,0.6,0.0
v1050,0.8,0.9,0.6,0.4
v1051,0.1,1.0,0.1,
v1052,0.5,0.5,0.5,0.5
v1053,0.4,0.5,0.5,0.5
v1054,0.3,0.5,0.5,0.3
v1055,0.2,0.3,0.8,0.5
v1056,0.1,0.5,0.5,0.2
v1057,0.0,0.7,0.5,0.4
v1058,0.5,0.5,0.5,
v1059,0.0,0.5,0.7,0.5
v1060,0.5,0.5,0.5,0.5
v1061,0.5,0.5,0.5,0.5
v1062,0.7,0.2,0.7,0.5
v1063,0.6,0.3,0.8,0.8
v1064,0.5,0.5,0.6,0.5
v1065,0.2,0.6,0.5,0.5
v1066,0.7,0.8,0.8,0.5
v1067,0.2,0.9,0.4,0.0
v1068,0.3,0.6,0.6,0.2
v1069,0.7,0.3,,
v1070,0.3,0.5,0.5,0.3
v1071,0.5,0.5,0.5,0.4
v1072,0.5,0.7,0.1,0.0
v1073,0.5,0.5,0.5,0.5
v1074,0.4,0.6,0.6,0.6
v1075,0.3,0.5,0.5,0.5
v1076,0.3,0.3,0.5,0.4
v1077,0.5,0.0,1.0,0.0
v1078,0.0,0.7,0.0,0.2
v1079,0.7,0.2,0.2,0.5
v1080,0.8,0.4,0.0,0.3
v1081,0.0,0.5,0.0,0.1
v1082,0.5,0.5,0.5,0.5
v1083,0.7,0.6,0.5,0.5
v1084,0.6,0.0,0.0,0.7
v1085,0.5,0.5,0.5,0.5
v1086,0.7,0.0,0.6,0.7
v1087,0.5,0.5,0.5,0.5
v1088,0.6,0.3,0.4,0.4
v1089,0.3,0.7,0.7,0.7
v1090,0.5,0.0,0.5,0.5
v1091,0.0,0.8,0.5,0.0
v1092,0.5,0.3,0.8,0.6
v1093,0.6,0.5,0.5,0.5
v1094,0.7,0.0,0.5,0.4
v1095,0.2,0.8,1.0,0.0
v1096,1.0,0.0,0.0,1.0
v1097,0.6,0.4,0.3,0.2
v1098,0.7,0.3,0.2,0.3
v1099,0.9,0.5,0.0,0.4
v1100,0.0,1.0,0.5,
v1101,0.6,0.7,0.5,0.5
v1102,0.5,0.5,0.5,0.5
v1103,0.3,0.7,0.4,0.2
v1104,0.7,0.0,0.7,0.7
v1105,0.8,0.4,0.3,0.1
v1106,0.6,0.2,0.6,0.7
v1107,0.5,0.7,0.4,0.3
v1108,0.2,0.1,0.5,0.2
v1109,0.3,0.2,0.7,0.4
v1110,0.7,0.2,0.6,0.9
v1111,0.5,0.5,0.6,
v1112,0.6,0.6,0.6,0.5
v1113,0.8,0.3,0.1,
v1114,0.8,0.0,0.0,0.2
v1115,0.8,0.5,0.3,0.6
v1116,0.5,0.0,0.0,0.0
v1117,0.0,0.5,0.4,0.3
v1118,0.7,0.4,0.0,0.4
v1119,0.2,0.1,0.2,0.3
v1120,1.0,0.0,0.0,
v1121,0.5,0.2,0.5,0.4
v1122,1.0,0.1,0.0,0.9
v1123,0.3,0.7,0.3,0.3
v1124,0.6,0.3,0.5,0.5
v1125,0.8,0.3,0.1,0.2
v1126,0.0,1.0,0.1,0.1
v1127,1.0,0.0,0.0,0.4
v1128,0.7,0.7,0.8,0.6
v1129,0.5,0.5,0.5,0.2
v1130,0.0,0.7,,
v1131,0.7,0.6,0.3,
v1132,0.2,0.8,0.5,0.2
v1133,0.5,0.5,0.3,0.3
v1134,0.3,0.6,0.3,0.4
v1135,0.5,0.5,0.6,0.6
v1136,0.5,0.6,0.5,0.5
v1137,0.1,0.8,0.5,0.2
v1138,0.2,0.5,0.5,0.5
v1139,0.9,0.7,0.5,0.6
v1140,0.2,1.0,1.0,0.8
v1141,0.8,0.3,0.5,0.2
v1142,0.6,0.6,0.5,0.4
v1143,0.5,0.7,0.3,0.1
v1144,0.5,0.8,0.6,0.4
v1145,0.7,0.4,0.3,0.2
v1146,0.3,0.2,0.1,0.7
v1147,1.0,0.0,,
v1148,0.5,0.4,0.5,0.4
v1149,0.9,0.5,0.3,
v1150,0.9,0.2,0.1,0.4
v1151,0.9,0.2,0.3,0.3
v1152,0.5,0.8,0.3,
v1153,0.9,0.5,0.3,0.2
v1154,0.0,0.3,0.7,
v1155,0.0,0.3,0.4,0.0
v1156,1.0,0.1,0.0,0.1
