,A,B,C,D,E,F,H,I
v1,0.4,,0.6,,,0.2,,
v2,1.0,,,,1.0,1.0,,1.0
v3,1.0,0.5,0.3,0.6,0.6,0.4,0.4,0.4
v4,1.0,0.0,,,,,,
v5,0.8,0.4,,0.8,0.3,,,0.0
v6,0.3,0.5,0.7,0.1,0.0,0.1,0.0,0.2
v7,0.3,1.0,1.0,0.0,0.0,0.0,0.0,0.2
v8,0.0,0.8,0.8,,0.0,0.0,,0.1
v9,0.6,0.1,0.2,0.3,0.2,0.1,0.0,0.4
v10,1.0,0.0,0.1,0.8,0.7,0.7,0.1,0.6
v11,0.9,0.2,0.4,0.9,0.6,0.6,0.4,0.4
v12,,0.7,0.5,0.0,0.0,0.0,0.0,0.0
v13,0.5,0.7,0.0,0.0,0.0,0.0,0.0,0.0
v14,,0.6,0.0,,,0.5,0.4,0.4
v15,0.0,0.0,0.0,0.4,0.7,0.0,0.0,0.0
v16,0.7,0.5,0.1,0.6,0.6,,,0.4
v17,0.0,0.0,0.1,0.0,0.0,0.0,0.0,0.0
v18,,0.0,0.0,0.0,0.8,0.0,,
v19,1.0,0.0,0.0,0.9,0.7,0.9,0.3,0.7
v20,0.0,0.6,0.4,0.0,0.0,0.0,0.0,0.0
v21,0.4,0.0,0.0,0.4,0.7,0.5,,0.4
v22,0.4,0.0,0.1,0.5,0.3,0.1,0.0,0.1
v23,0.5,0.0,0.0,0.1,0.0,0.1,,0.0
v24,0.0,0.9,0.6,0.0,0.0,0.0,0.0,0.0
v25,0.2,0.8,0.9,0.3,0.0,0.0,0.0,0.0
v26,0.9,0.0,0.0,0.7,0.7,0.9,0.0,0.8
v27,0.5,0.1,0.1,0.5,0.1,,0.3,
v28,0.7,0.0,0.0,0.7,0.0,0.0,0.0,0.0
v29,0.8,0.4,1.0,0.6,,0.2,,0.2
v30,0.2,0.7,0.0,,0.0,0.2,,0.0
v31,0.5,0.5,0.0,0.0,0.0,0.0,0.8,0.0
v32,0.0,0.0,0.0,0.0,0.0,0.0,0.0,0.0
v33,0.1,1.0,0.9,0.3,0.0,0.1,0.1,0.1
v34,0.6,0.8,0.7,0.2,,0.4,0.3,0.2
v35,,,,,,0.0,,
v36,0.0,0.7,0.9,0.0,0.2,0.0,0.0,0.0
v37,1.0,0.0,0.0,0.7,0.3,0.5,0.2,0.3
v38,0.8,0.0,0.0,0.5,0.4,0.2,0.0,0.1
v39,0.0,0.0,0.0,0.0,0.0,0.0,0.0,0.0
v40,0.0,0.6,0.6,0.7,0.0,0.0,0.0,0.0
v41,0.0,0.0,0.2,0.0,0.0,0.0,0.0,0.0
v42,0.0,1.0,0.5,0.0,0.0,0.0,,0.0
v43,0.0,0.7,1.0,0.3,0.0,0.0,,0.0
v44,,,1.0,,,,,
v45,1.0,0.5,,1.0,0.4,0.5,,0.4
v46,0.7,0.0,0.1,0.3,0.8,0.7,0.3,0.9
v47,0.7,0.8,,,,0.1,0.5,
v48,,0.0,0.2,0.5,0.3,0.0,,0.0
v49,0.6,0.4,0.8,0.2,0.0,0.4,,0.1
v50,0.8,0.0,0.0,0.7,0.9,0.5,0.0,0.6
v51,0.9,0.0,0.3,0.8,0.9,0.6,0.9,0.9
v52,0.9,0.0,0.0,0.2,1.0,0.9,0.0,0.1
v53,0.2,0.7,0.9,0.6,0.0,0.1,,0.0
v54,0.0,0.5,0.4,0.2,0.0,0.3,0.0,0.0
v55,0.9,0.0,0.0,0.7,0.7,,,0.5
v56,0.3,0.1,0.5,0.0,0.0,0.5,0.2,0.0
v57,0.6,0.0,0.3,0.7,0.7,0.5,0.1,0.7
v58,0.0,0.0,0.0,0.3,0.0,0.0,0.0,0.0
v59,0.7,0.0,0.2,0.7,0.3,0.5,0.0,0.3
v60,1.0,0.2,0.4,0.6,0.2,0.1,,0.4
v61,0.5,0.4,0.3,0.3,0.3,0.3,0.4,0.4
v62,,,,0.3,,,,
v63,0.0,0.4,0.6,0.0,0.0,0.0,0.0,0.0
v64,0.7,0.0,0.5,0.8,0.2,0.7,0.0,0.3
v65,,,,,,,0.9,
v66,0.7,0.0,0.4,0.5,1.0,0.9,0.3,0.0
v67,0.9,0.0,0.0,0.9,0.0,0.6,0.0,0.0
v68,0.0,0.9,0.5,0.0,0.0,0.0,0.0,0.0
v69,0.8,0.0,0.0,0.8,0.4,0.7,0.0,0.0
v70,0.0,1.0,0.0,0.0,0.5,0.0,0.0,0.0
v71,0.0,0.0,0.0,0.0,0.0,0.0,1.0,0.0
v72,,0.0,0.2,0.1,0.0,0.5,0.0,0.1
v73,0.0,0.6,0.8,0.0,0.0,0.0,0.0,0.0
v74,,0.4,0.5,,,,,
v75,0.3,0.3,0.3,0.5,0.2,0.1,0.3,0.2
v76,,0.2,,,,,,0.0
v77,0.4,0.4,0.5,0.2,0.0,0.3,0.0,0.0
v78,0.3,0.0,0.0,0.0,0.0,0.0,0.0,0.0
v79,1.0,0.0,0.0,0.5,0.3,0.6,0.0,0.5
v80,0.0,1.0,0.0,0.1,0.0,0.0,0.0,0.0
v81,0.4,0.4,,,0.0,,,
v82,0.8,0.0,0.0,0.0,0.0,0.0,0.0,0.0
v83,0.7,0.0,0.4,0.7,0.2,0.2,0.2,0.5
v84,0.9,0.0,0.0,0.5,0.8,0.0,0.8,0.5
v85,0.7,0.5,0.4,0.7,0.5,0.7,0.0,
v86,0.0,0.7,1.0,0.2,0.0,0.0,0.0,0.0
v87,0.7,0.4,0.9,0.3,0.2,0.4,,0.0
v88,0.7,0.0,0.0,0.2,0.5,0.7,0.5,0.4
v89,0.3,0.0,0.0,1.0,0.0,0.0,0.0,0.0
v90,0.8,0.2,0.2,0.6,0.2,0.0,0.0,0.0
v91,0.7,0.0,0.1,0.6,0.8,0.5,0.3,0.6
v92,1.0,0.0,0.0,0.6,0.9,0.6,0.0,0.6
v93,0.0,1.0,0.0,0.7,0.0,0.6,0.6,0.3
v94,0.9,0.0,0.3,0.4,0.4,0.4,,0.4
v95,0.2,0.7,0.7,0.0,0.0,0.4,0.8,0.3
v96,0.4,0.0,0.0,0.3,0.0,0.0,0.0,0.0
v97,0.9,0.0,0.1,0.7,0.7,0.7,0.3,0.5
v98,0.8,0.0,0.2,0.3,0.7,0.6,0.1,0.1
v99,0.1,0.1,0.4,0.6,0.6,0.8,0.3,0.4
v100,1.0,0.0,0.0,0.0,0.3,0.2,0.1,0.4
v101,0.3,0.0,0.2,0.6,0.2,0.2,,0.0
v102,0.0,1.0,0.0,0.0,0.6,0.0,0.0,0.0
v103,,0.0,0.0,0.6,0.0,0.0,0.0,0.2
v104,1.0,0.0,0.0,0.8,0.9,0.8,0.9,
v105,1.0,0.0,0.0,0.6,0.4,0.4,0.2,0.3
v106,0.1,0.0,0.0,0.0,0.6,0.4,0.0,0.5
v107,0.6,0.4,0.5,0.6,0.5,0.6,,0.4
v108,0.9,,0.6,,0.5,,,0.5
v109,1.0,0.0,0.0,0.2,0.5,0.2,0.0,0.0
v110,0.0,1.0,0.9,0.0,0.0,0.0,0.1,0.0
v111,0.4,0.0,0.1,0.4,0.2,0.4,0.1,0.5
v112,0.5,0.0,0.1,0.7,0.9,0.7,0.0,0.7
v113,0.8,0.0,0.0,0.6,1.0,0.6,0.0,0.7
v114,0.5,0.7,0.0,0.4,0.2,0.2,0.3,0.2
v115,0.0,0.9,1.0,0.0,0.0,0.0,0.0,0.0
v116,0.5,1.0,1.0,0.2,0.0,0.0,0.2,0.0
v117,0.8,0.0,0.0,,0.1,0.3,,0.1
v118,1.0,0.0,0.3,,0.6,0.4,,
v119,0.0,0.0,0.0,0.0,0.0,0.0,,0.2
v120,0.0,1.0,0.0,0.3,0.0,0.0,0.0,0.0
v121,1.0,0.0,0.0,0.0,0.5,0.5,0.0,0.4
v122,0.3,0.0,0.1,0.3,0.4,0.4,0.3,0.2
v123,0.8,0.2,0.3,0.3,0.3,0.3,0.2,0.2
v124,0.0,0.0,0.0,0.0,0.0,0.0,0.0,0.0
v125,1.0,0.0,,0.6,0.9,0.6,0.0,0.4
v126,0.6,0.0,0.0,0.7,0.3,0.3,,0.0
v127,0.0,0.0,0.0,0.0,0.6,0.0,0.0,0.0
v128,0.3,0.2,0.2,0.5,0.2,0.2,0.8,
v129,0.8,0.2,0.7,0.8,0.8,0.7,0.7,0.3
v130,0.8,0.0,0.5,0.5,0.8,0.7,,0.5
v131,0.7,0.0,0.0,0.4,0.3,0.5,0.9,0.3
v132,0.8,0.3,0.2,0.8,0.5,0.5,0.8,0.2
v133,0.8,0.0,0.4,0.8,0.8,0.7,0.7,
v134,0.5,0.3,0.6,0.4,0.0,,,
v135,0.9,,,,,,,
v136,0.0,1.0,0.8,0.0,0.0,0.0,0.0,0.0
v137,0.6,0.6,0.6,0.4,0.0,0.0,0.0,0.0
v138,0.1,0.1,0.1,0.1,0.0,0.1,,0.0
v139,0.3,0.4,0.0,,0.0,0.0,0.0,0.0
v140,1.0,0.0,0.3,0.5,0.4,0.3,0.0,0.3
v141,0.5,0.0,0.0,0.8,0.9,0.5,0.0,0.5
v142,,0.9,0.6,0.4,0.3,0.4,,0.2
v143,0.6,0.1,0.0,0.7,1.0,0.8,0.3,0.8
v144,0.3,,0.3,0.3,0.4,0.2,,0.3
v145,0.7,0.1,,1.0,,,0.3,0.6
v146,0.0,1.0,1.0,0.0,0.0,0.0,0.0,0.0
v147,0.2,0.8,0.7,0.5,0.1,0.2,0.1,0.2
v148,0.5,0.3,0.0,0.0,0.0,0.0,0.0,0.0
v149,0.0,0.4,0.0,0.0,0.0,0.0,0.0,0.0
v150,0.5,0.0,0.3,0.5,0.2,,,0.3
v151,0.8,0.6,0.2,0.6,0.1,0.2,,0.0
v152,0.8,0.0,0.0,0.6,0.9,0.4,0.0,0.4
v153,1.0,0.0,0.0,0.9,0.5,0.9,0.1,0.9
v154,0.9,0.0,0.1,0.2,0.7,0.0,0.2,0.2
v155,0.0,1.0,0.7,0.0,0.0,0.0,0.0,0.0
v156,0.0,0.8,0.9,0.0,0.0,0.1,0.1,0.0
v157,0.4,0.0,0.0,0.7,0.7,,0.0,0.4
v158,1.0,0.0,0.0,0.5,0.2,0.0,0.0,0.0
v159,0.0,0.9,,0.0,0.0,0.0,0.0,0.0
v160,0.5,0.0,0.0,0.3,0.3,0.3,0.0,0.2
v161,0.0,0.1,0.0,0.0,0.0,0.0,0.0,0.0
v162,0.5,,,,,,,
v163,0.9,0.4,,0.7,0.5,0.6,,0.5
v164,0.5,0.0,0.0,0.5,0.3,0.5,,0.3
v165,0.4,0.0,0.4,0.5,0.0,0.1,0.0,0.8
v166,0.5,0.0,0.0,0.1,0.0,0.4,0.8,0.0
v167,0.0,0.9,0.6,0.1,0.0,0.0,,0.0
v168,0.5,0.0,0.0,0.8,0.5,0.7,,0.2
v169,0.7,0.0,0.0,0.0,0.8,0.0,,0.0
v170,0.9,0.0,0.0,0.9,0.8,0.8,0.4,0.7
v171,1.0,0.0,0.2,0.7,1.0,0.7,0.5,0.7
v172,0.6,0.7,0.1,0.4,0.3,0.2,0.1,0.0
v173,0.3,1.0,,0.3,0.1,0.2,0.4,0.2
v174,0.9,0.0,0.1,0.9,0.8,0.6,0.7,
v175,0.5,0.2,0.3,0.8,0.3,0.5,0.4,0.4
v176,0.9,,,,,,,0.9
v177,0.5,0.0,0.1,0.7,0.6,0.5,0.3,0.3
v178,0.2,0.6,0.5,0.8,0.0,0.4,0.1,0.0
v179,0.8,0.0,0.0,0.4,1.0,0.4,,0.4
v180,0.5,0.3,0.4,0.6,0.0,0.9,,0.7
v181,0.8,0.0,0.2,0.7,0.6,0.7,0.0,0.7
v182,1.0,0.0,0.0,0.0,0.0,0.0,0.0,0.0
v183,0.0,1.0,0.8,0.0,0.0,0.0,,0.0
v184,0.8,0.5,0.6,0.8,0.7,0.6,0.6,0.6
v185,0.4,0.0,0.2,0.7,0.5,0.4,,0.5
v186,1.0,0.3,,0.3,0.9,0.6,,
v187,0.6,0.1,0.4,0.6,0.2,0.7,0.0,0.5
v188,0.5,0.0,0.0,0.4,0.9,0.5,0.0,0.4
v189,0.5,0.1,0.3,0.5,0.2,0.5,0.2,0.2
v190,1.0,0.0,0.0,0.8,0.6,0.0,,0.0
v191,0.2,0.6,0.2,0.0,0.0,0.3,0.2,0.0
v192,,,,0.0,1.0,0.0,,
v193,0.8,0.0,0.2,0.5,0.0,0.3,,0.0
v194,1.0,0.0,0.0,0.6,0.7,0.6,,0.3
v195,0.0,1.0,0.8,0.0,0.0,0.0,0.0,0.0
v196,0.3,0.0,0.0,0.8,0.3,0.6,0.0,
v197,0.8,0.0,0.0,0.6,0.8,0.5,0.0,
v198,0.9,0.4,0.8,0.6,0.7,0.6,0.3,0.5
v199,0.3,0.0,,0.3,0.3,,0.7,
v200,0.8,0.6,0.6,0.8,0.7,0.5,0.5,0.8
v201,,0.0,0.0,0.4,0.9,0.7,0.0,0.5
v202,0.7,0.5,0.4,0.6,0.4,0.3,0.3,0.2
v203,,0.0,0.0,,,,,
v204,0.0,0.0,0.0,0.0,0.0,0.0,0.0,0.0
v205,0.8,0.1,0.3,0.7,0.1,0.2,0.3,0.3
v206,0.4,0.3,0.8,0.4,0.2,0.0,,0.0
v207,0.4,0.7,0.7,0.4,0.2,0.2,0.1,0.2
v208,0.2,1.0,0.2,0.1,0.0,0.0,0.3,0.0
v209,0.4,0.3,0.1,0.3,0.3,0.2,0.2,0.1
v210,0.8,0.0,0.0,0.6,0.1,0.4,0.3,0.7
v211,1.0,,0.4,,,,,
v212,0.0,0.0,0.0,0.0,0.0,0.0,0.0,0.0
v213,0.5,0.0,0.0,0.5,0.8,,0.8,0.3
v214,0.0,0.0,0.0,0.3,0.0,0.0,0.0,0.0
v215,0.9,1.0,0.0,0.6,0.0,0.6,0.0,0.0
v216,0.7,0.6,0.2,0.4,0.2,0.4,0.0,0.3
v217,0.5,0.0,,0.0,0.2,0.0,0.0,0.0
v218,0.0,1.0,1.0,0.0,0.0,0.0,0.0,0.0
v219,0.0,0.0,0.0,0.5,1.0,0.0,0.0,0.0
v220,0.3,0.6,0.5,0.5,0.1,0.1,0.1,0.1
v221,1.0,0.5,0.6,0.4,0.5,0.4,1.0,0.6
v222,0.5,0.5,0.5,0.5,0.5,0.4,0.5,0.4
v223,0.9,0.0,0.8,1.0,0.4,0.6,0.0,0.8
v224,0.8,0.5,0.0,0.5,0.1,0.1,0.2,0.1
v225,0.2,0.2,0.1,0.3,0.2,0.2,,0.1
v226,1.0,0.1,0.3,0.7,0.8,0.4,0.5,0.2
v227,0.5,0.6,1.0,0.5,0.5,0.5,0.5,0.5
v228,1.0,0.0,0.0,1.0,0.0,0.0,0.0,
v229,0.3,0.4,0.2,0.6,0.5,0.9,,0.2
v230,0.0,0.7,0.3,0.0,0.0,0.0,0.2,0.0
v231,,0.7,,,0.0,,,
v232,0.2,0.9,0.6,0.3,0.0,0.0,,0.1
v233,0.7,0.2,0.8,0.5,0.2,0.5,0.5,0.2
v234,0.5,0.1,0.9,0.7,0.0,0.1,0.0,0.0
v235,0.0,0.0,0.1,0.6,0.1,0.0,0.1,0.0
v236,0.5,0.2,0.2,0.5,0.6,0.8,0.3,0.5
v237,0.0,1.0,,,0.0,0.2,0.0,0.0
v238,1.0,0.0,0.2,0.4,0.9,0.8,0.1,0.5
v239,0.0,0.9,0.9,,0.3,0.0,,0.0
v240,0.0,0.7,0.5,0.0,0.0,0.0,0.0,0.0
v241,0.7,0.2,0.1,0.7,0.5,0.5,,0.4
v242,0.0,0.8,0.2,0.0,0.0,0.0,0.0,0.0
v243,0.9,0.0,0.4,0.8,0.8,,0.0,0.8
v244,0.1,0.5,0.2,0.4,0.3,0.0,,
v245,0.6,0.0,0.0,0.2,0.2,0.1,0.0,0.0
v246,0.2,0.7,0.7,0.0,0.0,0.0,0.0,0.0
v247,0.7,0.3,0.2,1.0,0.4,0.6,,0.5
v248,0.2,0.2,0.0,,0.3,0.5,,0.5
v249,1.0,0.0,0.5,0.6,0.7,0.4,,0.6
v250,0.9,0.1,0.5,0.7,0.7,0.6,0.4,0.7
v251,0.5,0.0,0.0,1.0,0.9,0.0,0.0,0.0
v252,1.0,0.0,0.3,1.0,0.2,0.0,0.0,0.2
v253,0.9,0.0,,,0.3,,,
v254,0.5,0.2,0.3,0.2,0.4,0.4,0.1,0.2
v255,0.5,0.5,0.3,,0.3,,0.6,
v256,0.0,1.0,0.7,0.0,0.0,0.0,0.0,0.0
v257,0.8,0.0,0.0,0.6,0.4,0.5,0.0,0.0
v258,0.6,0.2,,,0.9,0.8,0.6,0.5
v259,0.6,0.2,0.3,0.4,0.3,,,0.2
v260,0.9,0.0,0.1,0.8,0.7,0.8,,0.5
v261,0.0,1.0,1.0,0.0,0.0,0.0,0.0,0.0
v262,0.0,1.0,1.0,0.2,0.0,0.2,,
v263,0.7,0.0,0.0,0.4,0.1,0.4,0.0,0.3
v264,0.0,0.0,0.0,0.0,0.0,0.0,1.0,0.0
v265,0.0,0.2,0.0,0.0,0.0,0.0,0.0,0.0
v266,1.0,0.0,0.0,0.4,0.3,0.5,0.0,0.1
v267,0.8,0.0,0.0,0.7,0.6,0.4,,0.4
v268,0.8,0.0,0.0,0.8,0.0,0.6,0.0,0.0
v269,0.5,0.5,,0.2,0.3,0.0,,0.0
v270,0.9,0.4,0.5,0.6,0.6,0.6,0.8,0.7
v271,0.4,0.1,0.1,0.4,0.1,0.1,0.4,0.1
v272,0.6,0.0,0.0,0.7,0.7,,0.0,0.6
v273,,1.0,0.0,0.0,0.5,0.0,0.0,0.0
v274,0.0,0.7,0.6,0.6,0.0,0.0,0.0,0.0
v275,0.6,0.0,0.0,0.0,0.0,0.0,0.5,0.0
v276,0.0,1.0,0.5,0.2,0.0,0.0,,0.3
v277,0.7,0.0,0.2,0.3,0.2,0.0,0.0,0.0
v278,0.0,1.0,0.6,0.0,0.0,0.0,0.0,0.0
v279,0.1,0.0,0.0,0.0,0.0,0.0,0.0,0.0
v280,0.6,0.0,0.1,0.3,0.4,0.3,0.0,0.2
v281,0.4,,,,,,,
v282,0.6,0.0,0.1,0.9,1.0,,0.0,
v283,0.9,0.1,0.2,0.9,0.9,0.8,0.3,0.8
v284,0.9,0.0,0.0,1.0,0.9,1.0,0.6,0.4
v285,0.3,0.7,0.8,0.5,0.3,0.0,0.0,0.0
v286,0.9,0.1,0.6,0.7,0.8,0.5,,0.9
v287,1.0,,,0.6,,,,
v288,0.0,0.1,0.0,0.0,0.0,0.0,0.0,0.0
v289,0.5,0.0,0.0,0.5,0.3,0.0,0.0,0.5
v290,0.5,0.5,0.6,0.5,0.0,0.1,,0.0
v291,0.9,0.5,0.0,1.0,0.0,0.7,0.0,0.6
v292,0.3,1.0,0.4,0.0,0.2,0.0,0.0,
v293,0.0,0.8,0.5,0.0,0.0,0.0,0.0,0.0
v294,1.0,0.0,0.1,1.0,0.8,0.9,,0.7
v295,0.0,0.7,0.6,0.0,0.0,0.0,,0.0
v296,0.5,0.4,0.7,0.2,0.2,0.0,0.4,0.0
v297,0.9,0.0,0.4,0.7,0.8,0.8,0.4,0.7
v298,0.5,0.8,0.7,0.0,0.0,0.0,0.0,0.0
v299,,,0.0,,,,,
v300,0.6,0.8,0.6,0.7,0.4,0.5,0.7,0.3
v301,0.7,0.0,,,,0.6,0.8,
v302,0.8,0.3,0.7,0.2,0.0,0.5,,0.2
v303,0.5,0.5,0.5,0.5,0.2,0.5,,0.2
v304,,0.0,,,,,,
v305,0.4,0.0,0.3,0.6,0.3,0.2,0.0,0.0
v306,0.4,0.6,0.4,0.7,0.2,0.0,0.4,0.0
v307,,0.0,0.1,0.4,0.6,0.5,0.0,0.4
v308,,,,,,,0.7,
v309,0.0,0.1,0.0,0.0,0.0,0.0,0.0,0.0
v310,0.1,0.2,0.5,0.2,0.1,0.1,0.1,0.1
v311,0.5,0.3,0.0,,0.3,0.6,,0.0
v312,0.7,0.0,0.0,0.6,0.9,0.4,0.0,0.4
v313,0.9,0.5,0.5,0.5,0.5,0.5,0.3,0.5
v314,0.0,1.0,0.0,0.0,0.0,0.0,0.0,0.0
v315,0.1,0.5,0.1,0.5,0.0,0.5,,0.1
v316,0.0,0.5,0.0,0.5,0.0,0.0,0.0,0.0
v317,0.5,0.0,0.3,0.5,0.8,0.5,,0.6
v318,0.0,0.4,1.0,0.1,0.0,0.0,0.6,0.1
v319,0.6,0.8,0.0,0.3,0.0,0.0,0.0,0.0
v320,1.0,0.0,0.1,0.4,0.2,0.3,0.1,0.1
v321,0.8,0.3,0.4,0.8,0.3,,,0.6
v322,1.0,0.0,0.2,,0.6,0.5,,0.5
v323,0.4,0.3,0.2,0.5,0.3,0.0,0.3,0.0
v324,1.0,0.0,0.0,0.5,0.8,0.5,0.0,0.5
v325,0.9,0.2,0.0,0.6,0.3,,,
v326,0.8,0.0,0.5,0.4,0.7,0.3,0.4,0.5
v327,0.3,0.3,0.4,0.2,0.0,0.3,,0.0
v328,0.6,0.1,,0.6,0.4,0.3,0.0,0.0
v329,0.3,0.4,0.3,0.3,0.2,0.5,0.3,0.4
v330,0.6,0.3,0.6,0.6,0.3,0.6,0.4,0.0
v331,1.0,0.0,0.1,0.9,0.7,0.8,0.3,0.2
v332,0.2,0.6,0.3,0.1,0.0,0.2,0.1,0.1
v333,0.0,1.0,0.5,0.1,0.0,0.0,0.1,0.0
v334,0.5,0.8,,0.5,0.5,,,
v335,0.1,0.3,0.4,0.2,0.0,0.1,0.0,0.1
v336,0.6,0.5,0.2,0.2,0.5,0.5,,0.2
v337,0.0,0.0,0.0,0.0,0.0,0.0,0.0,0.0
v338,0.0,1.0,1.0,0.0,0.0,,0.0,0.0
v339,0.3,0.3,0.1,0.1,0.2,0.2,0.5,0.0
v340,0.8,0.3,0.2,0.7,0.3,0.5,0.1,0.5
v341,0.2,0.7,0.8,0.1,0.0,0.0,0.5,0.1
v342,0.0,0.4,0.0,0.0,0.0,0.0,0.0,0.0
v343,,,0.0,,,,0.0,
v344,0.9,0.0,0.0,0.2,0.8,0.1,0.0,0.3
v345,1.0,0.0,0.0,1.0,1.0,1.0,0.0,0.0
v346,0.5,0.6,0.0,0.7,0.0,0.0,0.0,0.0
v347,0.0,0.0,0.6,0.5,0.0,0.0,0.0,0.0
v348,0.4,0.0,0.3,0.5,0.3,0.4,0.0,0.4
v349,0.9,0.0,0.4,0.5,0.5,0.3,,0.7
v350,0.0,1.0,0.6,0.0,0.0,0.1,0.0,0.0
v351,0.0,0.8,0.5,0.3,0.0,0.0,0.0,0.0
v352,0.4,0.4,0.4,0.7,0.5,0.5,0.4,0.4
v353,0.1,0.1,0.5,0.5,0.2,,,0.1
v354,0.2,0.1,0.7,0.1,0.0,0.1,1.0,0.1
v355,1.0,0.0,0.0,,1.0,0.5,,0.0
v356,0.8,0.1,0.6,0.8,0.5,0.4,0.5,0.7
v357,0.8,0.5,0.2,0.5,0.6,0.6,0.4,0.5
v358,1.0,0.0,0.1,0.6,0.7,0.7,0.4,0.6
v359,0.8,0.1,0.1,0.9,0.9,0.5,0.0,0.7
v360,0.5,0.0,0.4,0.3,0.7,0.9,0.5,0.7
v361,0.9,0.0,0.5,0.7,0.6,0.5,,0.4
v362,0.1,0.0,0.1,0.1,0.1,0.1,,0.1
v363,0.5,0.0,0.0,0.8,0.4,0.3,0.0,0.3
v364,0.5,0.0,0.0,0.8,1.0,0.5,0.0,0.6
v365,1.0,0.1,0.5,0.8,0.7,0.9,,0.4
v366,0.5,0.0,0.0,0.5,0.3,0.1,0.0,0.3
v367,0.9,0.0,0.2,0.9,0.6,0.7,0.6,0.5
v368,0.7,0.1,0.4,0.8,0.5,0.4,0.0,0.3
v369,0.5,0.1,0.5,0.8,0.0,0.5,0.0,0.9
v370,0.1,1.0,0.7,0.1,0.3,0.1,0.1,0.1
v371,0.0,0.0,0.0,0.0,0.0,0.0,0.2,0.0
v372,0.8,0.0,0.0,0.4,0.3,0.4,,0.4
v373,0.8,0.0,0.0,0.4,0.5,0.3,0.0,0.5
v374,,0.5,,,,,,
v375,0.0,0.9,1.0,0.0,0.0,0.0,0.0,0.0
v376,0.0,0.0,0.0,0.0,0.0,0.0,0.0,0.0
v377,0.9,0.0,0.0,0.8,0.5,0.2,0.0,0.0
v378,0.4,0.0,0.1,0.3,0.3,0.5,,0.2
v379,0.5,0.0,0.0,0.5,0.0,0.0,,0.5
v380,,0.0,0.0,0.0,0.0,0.3,0.0,1.0
v381,1.0,0.0,0.2,0.7,1.0,0.8,0.4,0.8
v382,0.4,0.0,0.1,0.7,0.2,0.6,0.5,0.3
v383,,0.5,0.3,,,,,
v384,0.0,0.9,0.6,0.0,0.0,0.0,0.0,0.0
v385,0.7,0.7,0.7,0.7,0.7,0.7,0.7,0.7
v386,0.9,,,,0.8,,,
v387,0.0,1.0,0.4,0.0,0.0,,0.4,0.5
v388,0.8,0.0,0.2,0.7,0.6,0.4,,0.5
v389,0.7,0.0,0.4,0.8,0.6,0.8,0.3,0.3
v390,0.6,0.4,0.5,0.6,0.1,0.4,0.1,0.4
v391,0.1,0.1,0.1,0.2,0.2,0.0,0.0,0.0
v392,0.0,1.0,0.5,0.0,0.0,0.0,0.0,0.0
v393,0.0,1.0,0.5,0.0,0.0,0.0,0.0,0.0
v394,,0.4,,0.4,,,,
v395,0.9,0.0,0.4,0.9,0.5,0.7,0.0,0.7
v396,0.5,,,,,,,
v397,0.8,0.0,0.3,0.4,0.3,0.4,0.3,0.4
v398,1.0,0.0,0.2,1.0,0.8,0.9,,0.7
v399,0.4,1.0,1.0,0.0,0.3,0.3,,0.2
v400,0.0,0.6,0.0,0.6,0.0,0.0,0.3,0.0
v401,1.0,0.3,0.0,0.1,,0.1,0.0,0.0
v402,0.7,0.0,0.2,0.6,0.7,0.5,,
v403,1.0,0.0,0.0,0.8,0.8,0.8,0.0,0.8
v404,0.6,0.0,0.2,0.2,0.3,0.3,0.5,0.2
v405,0.7,0.0,0.0,0.4,0.8,0.0,0.3,0.0
v406,0.8,0.0,0.0,0.8,0.9,0.8,,
v407,0.5,0.1,0.3,0.5,0.3,0.2,0.2,0.3
v408,0.5,0.0,0.0,0.8,0.6,0.0,0.5,0.0
v409,1.0,0.0,0.0,0.6,0.8,0.7,0.8,0.5
v410,0.7,0.0,0.0,0.8,0.4,0.3,0.2,0.3
v411,0.0,1.0,0.0,0.3,0.0,0.0,0.0,0.0
v412,0.3,0.0,0.0,0.1,0.1,0.1,0.0,0.1
v413,0.4,0.9,1.0,0.1,0.0,0.3,0.0,0.0
v414,,,,0.0,0.0,0.0,0.0,0.0
v415,1.0,0.0,0.4,0.7,0.5,0.8,0.2,0.5
v416,0.3,0.0,,0.3,0.5,0.9,0.6,
v417,0.2,0.0,0.0,0.1,0.1,0.1,0.0,0.0
v418,0.2,0.0,,,0.4,,0.0,0.1
v419,0.4,0.7,0.9,0.7,0.0,0.0,,0.2
v420,0.0,0.9,0.6,0.3,0.0,0.0,,0.0
v421,0.9,0.0,0.4,0.8,0.4,0.5,0.4,0.5
v422,0.0,0.0,0.0,0.0,0.0,0.0,0.0,0.0
v423,0.0,0.1,0.0,0.0,0.0,0.0,0.0,0.0
v424,,,,,,0.0,,1.0
v425,0.9,0.0,0.1,0.8,0.7,0.8,0.3,0.8
v426,,0.0,0.0,0.0,0.3,,,0.3
v427,1.0,0.0,0.8,0.4,0.2,0.2,0.2,0.2
v428,,1.0,,0.0,,,,
v429,0.7,0.0,0.0,0.2,0.8,0.3,0.0,0.2
v430,0.9,0.2,0.3,0.8,0.5,0.9,0.5,0.3
v431,0.8,0.0,0.3,0.7,0.0,0.5,0.1,0.0
v432,0.8,0.0,,0.8,0.8,,,0.0
v433,0.8,0.0,0.0,0.8,0.5,0.6,,0.4
v434,0.2,0.4,0.4,0.3,0.3,0.3,0.3,0.2
v435,0.9,0.1,0.4,0.6,0.5,0.7,,0.5
v436,0.0,1.0,0.1,0.4,0.5,0.1,0.1,0.1
v437,,,0.7,,,,,
v438,0.3,0.0,0.0,0.4,0.9,0.3,0.0,0.3
v439,1.0,0.0,0.0,0.6,0.6,0.6,0.0,0.5
v440,0.0,1.0,0.5,0.0,0.0,0.0,0.0,0.0
v441,0.3,0.7,0.3,0.3,0.2,0.3,0.3,0.2
v442,0.6,0.0,0.2,0.5,0.9,0.5,,0.4
v443,0.2,1.0,0.9,0.0,0.0,0.0,0.6,0.0
v444,0.0,0.9,1.0,0.0,0.0,0.0,,0.0
v445,0.8,0.0,0.7,0.7,0.7,0.7,,0.6
v446,0.8,0.7,0.7,0.3,0.3,,0.4,0.0
v447,,0.9,0.6,0.7,0.0,0.0,,0.8
v448,0.3,0.0,0.0,0.1,0.2,0.0,0.4,0.1
v449,1.0,0.0,,0.9,0.9,0.5,,0.7
v450,,,,,0.0,0.0,,0.0
v451,0.9,0.0,,0.5,0.5,0.5,0.7,0.6
v452,0.3,0.0,0.0,0.0,0.0,0.0,1.0,0.4
v453,1.0,0.0,0.0,0.6,0.0,,0.0,0.0
v454,0.7,0.2,0.1,0.6,0.4,,,
v455,0.8,0.0,0.6,0.8,0.0,0.2,,0.0
v456,0.7,0.1,,0.5,0.6,0.5,,0.4
v457,0.4,0.8,0.0,0.2,0.0,0.0,0.3,0.8
v458,0.3,0.3,0.0,0.0,0.0,0.5,0.0,0.0
v459,0.3,0.2,0.0,,0.1,0.1,,0.0
v460,0.7,0.2,,,,,,
v461,0.9,0.0,0.4,0.8,0.7,,,0.5
v462,0.9,0.0,0.2,0.6,0.9,0.5,0.2,0.4
v463,0.0,0.1,0.0,0.0,0.5,0.0,0.7,0.0
v464,0.9,0.0,,0.9,0.8,0.9,,0.8
v465,0.1,1.0,0.9,0.3,0.0,0.0,0.0,0.0
v466,0.8,0.7,0.0,0.7,0.3,0.5,0.4,0.0
v467,0.6,0.6,0.8,0.8,0.4,,,
v468,0.8,0.0,0.0,0.8,0.6,0.9,0.0,0.6
v469,1.0,0.0,,0.4,0.6,0.4,,0.4
v470,0.6,0.0,0.0,0.3,0.3,0.7,0.0,0.2
v471,0.6,0.1,0.0,0.4,0.2,0.0,0.0,0.0
v472,0.8,0.2,0.4,0.8,0.5,0.5,0.3,0.5
v473,0.7,0.0,0.0,,,,,
v474,0.2,0.7,0.7,0.4,0.0,0.6,0.0,0.3
v475,0.7,0.2,0.3,0.4,0.3,0.3,0.1,0.0
v476,0.7,0.0,0.2,0.0,0.4,0.7,0.5,0.2
v477,1.0,0.0,,,,1.0,,
v478,1.0,0.0,0.1,0.5,0.5,0.7,0.2,0.3
v479,0.2,0.0,0.0,0.0,0.5,0.0,0.0,0.0
v480,0.7,0.0,0.0,0.2,0.1,0.1,,0.1
v481,0.7,0.4,,0.9,0.1,,,
v482,0.3,1.0,0.5,0.4,0.4,0.4,0.0,0.5
v483,0.3,0.7,0.5,0.7,0.5,,0.2,
v484,,0.7,,0.4,0.0,0.2,,0.2
v485,0.0,1.0,0.8,0.0,0.0,0.0,,0.0
v486,0.0,1.0,0.5,0.0,0.0,0.0,0.0,0.0
v487,0.0,1.0,0.0,0.0,0.0,0.0,0.0,0.0
v488,0.5,0.0,0.0,0.4,,0.4,1.0,
v489,0.4,0.4,0.3,0.5,0.5,0.3,,0.3
v490,0.9,0.0,0.2,0.7,0.5,0.7,0.2,0.5
v491,0.7,0.5,0.5,0.5,0.5,0.0,0.3,0.0
v492,0.0,0.9,0.9,0.6,0.0,0.0,0.0,0.2
v493,0.7,0.7,0.8,0.3,0.0,0.0,0.0,0.0
v494,1.0,0.0,0.0,0.9,0.9,1.0,0.2,0.5
v495,0.3,0.3,0.3,0.4,0.1,0.3,0.0,0.2
v496,1.0,0.0,0.0,0.7,0.2,0.7,0.1,0.2
v497,1.0,0.0,0.3,0.8,0.9,0.8,,0.6
v498,,,1.0,,,,1.0,
v499,0.9,0.4,0.0,0.0,0.0,0.0,0.0,0.0
v500,0.8,0.2,0.7,0.7,0.5,0.7,0.3,0.5
v501,1.0,0.0,0.0,1.0,0.9,0.9,,0.9
v502,0.0,1.0,0.8,0.1,0.0,0.0,0.0,0.0
v503,0.5,0.5,0.0,0.8,0.0,0.0,0.0,0.0
v504,0.7,0.0,0.2,0.2,0.1,0.4,0.1,0.5
v505,0.2,0.0,0.0,0.8,0.1,0.1,0.3,0.0
v506,0.9,0.0,0.0,0.4,0.0,0.0,0.6,0.4
v507,0.2,0.5,0.6,0.3,0.3,0.0,0.0,0.0
v508,0.5,0.9,0.8,0.2,0.0,0.0,0.6,0.0
v509,0.7,0.7,0.5,0.8,0.5,0.7,0.4,0.5
v510,0.9,0.0,0.0,0.6,0.4,,0.0,
v511,0.0,1.0,0.7,0.0,0.0,0.0,0.0,0.0
v512,0.7,0.0,0.6,0.9,0.0,0.8,0.5,0.3
v513,0.8,0.8,,0.4,0.6,,,0.8
v514,0.4,0.3,,,0.3,,0.2,0.2
v515,0.7,0.0,0.5,0.3,0.0,0.5,0.0,0.3
v516,1.0,0.0,0.0,0.0,0.0,0.0,0.0,0.0
v517,0.8,0.3,0.3,0.5,0.5,0.5,0.3,0.3
v518,1.0,0.0,0.0,1.0,0.0,0.0,0.0,0.0
v519,0.9,0.0,0.0,0.8,0.5,0.5,0.0,0.4
v520,0.8,0.0,0.6,0.8,0.0,0.5,0.7,0.0
v521,0.8,0.0,0.0,0.8,0.9,0.6,,0.8
v522,0.8,0.0,,,,,,
v523,,0.2,,,,,1.0,0.0
v524,0.8,0.0,0.0,0.5,0.5,0.5,,0.5
v525,0.8,0.0,0.0,0.7,0.0,0.0,0.0,0.0
v526,0.7,0.0,0.2,0.7,0.3,0.4,0.3,0.1
v527,0.0,0.5,0.0,,0.3,0.3,0.0,0.0
v528,0.0,0.0,0.0,0.0,0.0,0.0,0.0,0.0
v529,0.0,1.0,0.5,0.0,0.0,0.0,0.0,0.0
v530,0.0,0.0,0.0,0.0,0.0,0.0,0.0,0.0
v531,1.0,0.0,0.0,0.9,0.2,0.7,0.0,0.2
v532,0.0,0.8,0.5,0.5,0.3,0.0,,0.0
v533,0.5,0.3,0.4,0.5,0.5,0.5,,0.6
v534,0.0,0.1,0.0,0.0,0.1,0.0,0.0,0.0
v535,0.9,0.1,0.0,0.0,0.0,0.0,0.0,0.0
v536,0.8,0.3,0.8,0.6,0.1,0.3,0.3,0.1
v537,0.9,0.0,0.5,1.0,0.8,0.8,0.0,0.7
v538,0.4,0.5,0.3,0.3,0.3,0.3,0.0,
v539,,0.2,0.3,0.3,0.3,,0.2,
v540,0.8,0.3,0.0,0.6,0.7,0.3,0.0,0.5
v541,0.4,0.5,0.5,0.4,0.0,0.3,0.0,0.3
v542,0.7,0.0,0.1,0.5,0.3,0.2,,0.0
v543,1.0,0.0,0.0,0.7,0.8,0.4,0.0,0.5
v544,0.2,0.0,0.2,0.2,0.0,0.2,0.0,0.2
v545,0.3,0.9,0.3,0.5,0.5,0.0,0.3,0.3
v546,0.5,0.0,0.0,0.8,0.8,0.3,0.0,0.6
v547,0.9,0.0,0.0,0.7,0.8,0.5,,0.5
v548,0.6,0.6,0.6,0.6,0.5,0.5,0.5,0.3
v549,0.3,0.0,0.0,0.4,0.2,0.6,0.3,0.5
v550,0.9,0.0,0.2,0.5,0.8,0.5,0.0,0.2
v551,0.0,0.6,0.5,0.0,0.0,0.0,0.0,0.0
v552,0.0,0.2,0.0,0.0,0.0,0.0,0.1,
v553,0.9,0.1,0.1,1.0,1.0,0.1,0.1,0.1
v554,0.0,1.0,0.5,0.0,0.0,0.0,,0.0
v555,0.0,,,0.2,,,,
v556,0.4,0.4,0.5,0.5,0.3,0.6,0.4,0.5
v557,0.2,0.5,0.4,0.2,0.0,0.0,0.0,0.2
v558,0.5,0.0,0.0,0.0,0.8,0.0,0.0,0.0
v559,0.0,0.9,1.0,0.0,0.0,0.0,0.0,0.0
v560,1.0,0.0,0.0,1.0,0.2,0.2,0.1,0.2
v561,0.1,0.0,,0.3,,0.4,0.0,0.1
v562,0.5,0.0,0.3,0.9,0.9,0.4,,
v563,1.0,0.0,,0.5,0.1,0.5,,
v564,0.5,0.4,0.2,0.4,0.2,0.4,0.1,0.5
v565,0.4,0.0,0.2,0.3,0.2,0.2,0.1,0.1
v566,0.0,1.0,0.9,0.0,0.0,0.0,0.0,0.0
v567,0.6,0.0,0.5,0.5,0.4,0.5,,0.4
v568,0.0,0.8,0.5,0.0,0.0,0.0,0.0,0.0
v569,0.1,0.4,0.8,0.2,0.1,0.1,0.0,0.1
v570,0.7,0.0,0.3,0.7,0.2,0.3,0.0,0.1
v571,0.0,1.0,0.7,0.7,0.0,0.0,0.0,0.0
v572,0.6,0.0,0.0,0.7,0.6,,0.5,0.7
v573,1.0,0.0,0.2,0.7,0.8,0.7,0.1,0.7
v574,0.2,0.3,0.4,0.0,0.0,0.0,0.3,0.0
v575,1.0,0.0,0.1,0.9,0.1,0.7,0.1,0.7
v576,0.7,0.4,0.0,0.3,0.2,0.5,0.0,0.5
v577,0.7,0.0,0.4,0.4,0.4,0.5,0.0,0.3
v578,0.0,0.2,0.4,,,,0.0,0.0
v579,0.5,0.3,0.5,0.7,0.5,0.6,0.7,0.3
v580,1.0,0.0,0.0,1.0,0.7,0.8,,0.7
v581,0.9,0.0,0.3,0.4,0.4,0.4,0.0,0.2
v582,0.0,0.9,0.8,0.0,0.0,0.0,0.0,0.0
v583,0.6,0.0,0.1,0.8,0.4,0.8,0.0,0.3
v584,0.8,0.0,0.0,0.3,0.3,0.5,0.0,0.4
v585,0.0,0.0,0.0,0.0,0.0,0.2,0.0,0.0
v586,0.9,0.6,0.7,0.8,0.7,0.5,,0.7
v587,0.0,0.0,0.0,0.0,0.0,0.0,0.0,0.0
v588,0.8,,,,,,,0.5
v589,0.0,0.6,0.5,,0.0,0.2,,0.0
v590,0.3,0.3,0.2,0.2,0.2,0.2,,0.4
v591,0.6,0.1,0.6,,0.1,,,
v592,0.4,0.4,,,0.3,,0.0,
v593,0.5,0.0,0.2,0.6,0.6,,,
v594,0.0,0.0,0.0,0.0,0.0,0.0,0.0,0.0
v595,0.0,0.3,0.5,0.0,0.0,0.1,0.1,0.1
v596,0.0,0.0,0.0,,,,0.0,
v597,0.6,0.0,0.6,0.9,0.6,0.9,0.6,0.0
v598,0.5,0.2,0.4,0.7,0.8,0.4,0.8,0.3
v599,,0.7,,,,,,0.6
v600,0.8,0.2,0.5,0.7,0.6,0.7,0.0,0.9
v601,,0.1,0.4,0.7,0.3,0.3,,0.5
v602,0.3,0.3,0.2,,0.2,,0.0,0.5
v603,0.1,1.0,0.8,0.0,0.0,0.0,0.0,0.0
v604,0.0,0.0,0.0,0.8,0.1,0.3,0.0,0.0
v605,0.9,0.0,0.0,0.6,0.0,,,
v606,0.7,0.0,0.0,0.5,0.6,0.5,0.8,0.3
v607,0.8,0.0,0.0,0.6,0.7,0.6,,0.7
v608,0.7,0.3,0.5,0.7,0.4,0.2,0.6,0.1
v609,0.0,0.0,0.0,0.3,0.3,0.0,0.0,0.3
v610,0.6,0.2,0.0,0.3,0.3,0.2,0.4,0.4
v611,0.0,1.0,0.9,0.0,0.0,0.0,0.0,0.0
v612,0.8,0.0,0.0,0.6,0.6,0.6,0.6,0.0
v613,0.5,0.0,0.0,0.5,0.3,0.0,,0.0
v614,0.6,0.0,,,,,,0.0
v615,0.9,0.0,0.2,0.5,0.2,0.5,0.2,0.5
v616,1.0,0.0,0.2,0.4,0.2,0.4,,0.4
v617,0.3,0.0,0.5,0.4,0.0,0.0,0.0,0.0
v618,1.0,0.0,0.0,,,0.2,0.0,0.0
v619,0.0,0.0,0.0,0.0,0.0,0.0,0.0,0.0
v620,0.8,,,,,,,0.8
v621,0.9,0.0,0.1,0.7,0.3,0.7,0.0,0.7
v622,1.0,0.0,0.0,0.9,0.6,0.6,0.0,0.5
v623,0.3,0.3,0.0,,0.4,0.3,0.0,0.3
v624,0.9,0.0,,0.9,0.5,,,
v625,0.9,0.0,0.2,0.8,0.6,0.8,0.2,0.6
v626,0.5,0.1,0.0,0.3,0.2,0.5,0.3,0.9
v627,0.5,0.0,0.0,0.5,1.0,0.2,0.1,0.1
v628,0.0,0.0,0.0,0.5,,0.0,0.0,0.0
v629,0.7,0.0,0.0,0.6,0.2,0.6,0.2,0.5
v630,1.0,0.0,0.0,0.6,0.0,0.4,0.0,0.0
v631,0.0,0.3,1.0,0.2,0.1,0.0,0.0,0.1
v632,0.0,0.9,0.8,0.0,0.0,0.0,0.0,0.0
v633,0.6,,0.7,0.5,0.5,,,0.5
v634,0.0,0.7,0.2,0.0,0.0,0.0,0.2,0.0
v635,0.8,0.0,0.0,,0.3,0.7,0.0,0.0
v636,,,,0.0,,,,
v637,0.9,0.7,1.0,0.7,0.3,0.7,0.6,0.7
v638,0.5,0.3,0.1,0.3,0.1,0.2,0.3,0.3
v639,0.8,0.0,0.4,0.7,0.5,0.7,0.5,0.6
v640,0.6,0.0,0.3,0.6,0.6,0.2,0.0,0.1
v641,0.7,0.7,0.9,0.2,0.2,0.4,0.7,0.4
v642,0.4,0.0,0.3,0.2,0.3,0.3,0.9,0.3
v643,0.8,0.0,0.1,0.7,0.3,0.3,0.0,0.3
v644,0.8,0.0,0.0,0.6,0.9,0.5,0.0,0.2
v645,0.8,0.0,0.0,0.7,0.3,0.6,0.0,0.5
v646,0.5,0.2,0.4,0.5,0.2,0.6,,0.5
v647,1.0,0.1,0.0,0.7,1.0,0.9,0.3,0.6
v648,0.6,0.2,0.1,0.2,0.1,0.2,0.2,0.1
v649,1.0,0.2,0.1,1.0,0.7,0.6,0.1,0.4
v650,0.8,0.1,0.3,0.5,,0.5,,0.5
v651,0.5,0.0,0.0,0.0,0.0,0.6,0.2,0.1
v652,0.0,1.0,1.0,0.0,0.0,0.0,0.0,0.0
v653,0.0,0.0,0.0,0.0,0.0,0.0,0.0,0.0
v654,0.8,0.0,0.2,0.7,0.6,0.7,0.0,0.4
v655,0.2,0.0,0.3,0.6,0.0,0.3,,0.0
v656,1.0,0.0,0.3,1.0,0.0,1.0,0.0,0.3
v657,0.3,0.5,0.7,0.3,0.2,0.2,0.2,0.2
v658,0.8,0.2,0.2,0.7,0.8,0.7,0.0,0.5
v659,,,0.2,,,,0.6,0.1
v660,0.6,0.3,0.4,0.5,0.2,0.4,,0.2
v661,0.9,0.2,0.2,0.8,0.4,0.8,1.0,0.6
v662,1.0,0.4,0.4,0.9,1.0,0.9,0.5,0.7
v663,0.1,0.1,0.1,0.1,0.0,0.0,0.0,0.0
v664,0.0,1.0,0.5,0.0,0.0,0.0,0.0,0.0
v665,0.7,0.8,1.0,0.6,0.2,0.4,0.6,0.4
v666,1.0,0.0,0.0,0.9,0.6,0.8,0.8,0.3
v667,0.5,0.2,0.7,,0.0,0.3,,
v668,0.3,0.2,0.3,0.3,0.0,0.1,,0.0
v669,0.8,0.2,0.6,0.5,0.3,0.8,0.3,0.5
v670,0.9,0.2,0.2,0.9,0.7,0.6,,0.7
v671,0.3,0.7,1.0,0.0,0.0,0.0,0.0,0.0
v672,0.0,0.0,0.0,1.0,0.0,0.0,0.0,0.0
v673,1.0,0.0,0.0,0.2,0.8,0.9,0.0,0.8
v674,0.2,0.4,0.3,0.3,0.3,0.1,0.9,0.2
v675,0.8,0.0,0.0,0.9,0.8,0.7,,0.6
v676,0.8,0.0,0.0,0.8,0.5,0.0,,0.0
v677,0.7,0.0,0.0,0.7,0.3,0.5,0.0,0.0
v678,0.7,0.0,0.4,0.7,0.3,0.0,0.0,0.3
v679,0.3,0.6,0.6,0.5,0.0,0.0,0.0,0.0
v680,1.0,0.0,0.1,0.5,0.3,0.8,0.1,0.3
v681,0.6,0.0,0.0,0.7,0.8,0.7,0.0,0.6
v682,0.4,0.6,0.0,,0.0,0.0,0.0,0.0
v683,0.7,0.0,0.0,0.9,0.7,1.0,0.1,0.8
v684,0.8,0.0,0.1,0.2,0.6,0.2,0.2,0.3
v685,0.8,0.8,1.0,0.7,0.6,0.6,,0.3
v686,,,,,0.6,,0.6,
v687,0.6,0.0,0.1,0.5,0.4,0.1,,0.0
v688,0.1,0.0,0.0,0.1,0.0,0.7,0.0,0.0
v689,0.8,0.5,0.8,0.7,0.5,0.5,0.0,0.5
v690,0.8,0.0,0.0,1.0,0.4,0.8,0.0,0.8
v691,0.4,,,,0.2,0.3,,0.3
v692,0.0,0.4,,,0.0,0.7,0.4,0.3
v693,0.3,0.3,0.3,0.0,0.0,0.0,0.0,0.0
v694,0.8,0.0,0.0,0.5,0.4,0.5,1.0,0.4
v695,0.4,0.3,0.3,0.3,0.4,0.2,0.6,0.8
v696,0.5,0.0,,0.5,0.5,0.5,,
v697,0.0,0.5,0.7,0.0,0.0,0.0,0.0,0.0
v698,0.6,0.2,0.8,0.0,0.0,0.3,1.0,0.4
v699,0.2,0.0,0.2,0.3,0.1,0.1,0.0,0.0
v700,0.9,0.0,0.0,0.9,0.9,0.2,0.0,0.0
v701,0.9,0.2,0.6,0.8,0.4,0.4,0.0,
v702,0.7,,,0.2,,,,
v703,0.0,0.1,0.0,0.0,0.2,0.0,0.1,0.0
v704,0.0,0.4,0.9,0.1,0.0,0.0,0.0,0.0
v705,0.9,0.0,0.0,1.0,1.0,0.8,,0.8
v706,0.0,0.1,0.1,0.9,0.1,0.0,0.0,0.0
v707,0.0,0.2,0.4,0.1,0.0,0.1,,0.1
v708,0.8,0.1,0.2,0.5,0.6,0.3,0.2,0.3
v709,0.9,0.6,0.0,0.4,0.0,0.0,0.0,0.0
v710,0.9,0.0,0.2,0.7,0.6,0.6,0.0,0.5
v711,0.8,0.9,0.5,0.6,0.4,0.3,0.0,0.1
v712,0.0,0.1,0.5,0.0,0.0,0.0,0.0,0.0
v713,0.0,1.0,0.8,0.0,0.0,0.0,0.0,0.0
v714,0.8,0.0,0.0,0.6,0.6,0.6,0.1,0.5
v715,0.0,0.8,1.0,0.6,0.0,0.4,0.1,0.0
v716,0.0,0.0,0.5,1.0,0.0,0.0,0.0,0.0
v717,0.5,0.2,0.4,0.5,0.2,0.5,,0.3
v718,1.0,0.0,0.0,0.0,0.0,0.0,1.0,0.0
v719,0.0,0.9,0.9,0.2,0.0,0.0,,0.0
v720,,0.7,0.0,,,,0.2,
v721,0.0,0.6,1.0,0.3,0.0,0.2,0.1,0.1
v722,0.6,0.5,0.2,0.4,0.4,0.4,0.3,0.4
v723,,,,1.0,,,,
v724,0.9,0.0,0.0,0.8,0.0,0.7,0.0,0.0
v725,1.0,0.0,0.0,0.5,0.2,0.7,0.0,0.8
v726,0.3,0.6,0.3,0.5,0.4,0.4,0.3,0.3
v727,0.7,0.4,0.7,0.3,0.0,0.2,0.0,0.1
v728,1.0,0.5,0.3,0.4,0.6,0.4,0.6,0.4
v729,0.0,1.0,0.5,0.0,0.0,0.0,0.0,0.0
v730,0.7,0.2,0.2,0.6,0.7,0.6,0.6,0.6
v731,0.6,0.1,0.3,0.4,0.1,0.3,0.0,0.0
v732,,0.0,0.0,0.0,,0.0,0.4,0.0
v733,0.5,0.5,0.3,0.0,0.4,0.0,0.6,0.0
v734,1.0,0.0,0.0,0.0,0.0,0.0,1.0,0.0
v735,0.9,0.8,0.9,0.9,,,0.9,
v736,0.0,,0.3,0.5,0.4,0.0,0.0,0.8
v737,0.9,0.0,0.0,0.4,0.8,0.8,0.0,0.8
v738,0.3,0.1,0.1,,0.1,0.0,0.3,0.0
v739,,0.7,0.9,,0.0,0.0,,0.0
v740,,0.6,,,0.0,0.0,,
v741,0.5,0.6,0.4,0.8,0.9,0.3,0.7,0.5
v742,0.8,0.3,0.2,,0.4,,0.3,0.6
v743,0.6,0.0,0.0,0.4,0.1,0.4,,
v744,0.0,0.8,,0.6,0.0,0.2,,0.0
v745,0.0,0.9,0.1,0.0,0.0,0.0,0.1,0.0
v746,0.0,0.0,0.0,0.0,0.0,0.1,0.0,0.0
v747,0.8,0.3,0.3,0.7,0.4,0.3,,0.3
v748,0.3,0.9,0.2,0.0,0.2,0.1,,0.0
v749,0.0,0.6,0.3,0.0,0.0,0.0,0.0,0.0
v750,0.1,0.1,0.1,0.1,0.0,0.0,0.0,0.0
v751,0.0,0.8,0.7,0.1,0.0,0.0,,0.0
v752,0.7,0.6,,0.0,,,,0.1
v753,0.2,0.1,0.0,0.2,0.0,0.0,0.0,0.0
v754,0.5,0.5,0.6,0.7,0.2,0.2,,0.2
v755,0.0,0.6,1.0,0.0,0.0,0.0,0.0,0.0
v756,0.0,0.5,0.6,0.0,0.0,0.0,0.0,0.0
v757,0.8,0.0,,,,,0.6,
v758,0.8,0.2,0.3,0.3,0.6,0.3,0.5,0.4
v759,0.7,0.6,0.7,0.6,,0.7,0.0,
v760,0.6,0.6,0.6,0.7,0.6,0.6,0.6,0.6
v761,0.9,0.0,0.4,0.5,0.6,0.5,0.3,0.4
v762,0.0,0.0,0.0,0.0,0.7,0.0,0.0,0.0
v763,0.6,0.0,0.0,0.7,0.7,0.5,0.3,0.4
v764,0.0,0.0,0.0,0.0,1.0,0.0,0.0,0.6
v765,1.0,0.0,0.0,0.8,0.0,0.0,0.0,0.0
v766,0.0,0.0,0.0,0.0,0.0,0.0,0.0,0.0
