,A,B,C,D,E,F,G,H
v1,0.1,0.7,0.5,0.5,0.5,0.1,0.1,0.5
v2,0.8,0.8,0.7,0.7,0.8,0.7,0.7,0.6
v3,0.1,0.8,0.8,0.8,0.8,0.0,0.0,0.8
v4,0.2,0.5,0.7,0.5,0.4,0.2,0.2,0.6
v5,0.0,1.0,0.8,0.2,0.5,0.4,0.3,0.4
v6,0.3,0.8,0.3,0.8,0.6,0.5,0.2,0.4
v7,0.7,0.7,0.3,0.8,0.2,0.5,0.5,0.4
v8,0.3,0.7,0.8,0.6,0.6,0.4,0.4,0.8
v9,0.8,0.0,0.0,0.0,0.0,0.0,0.0,0.0
v10,0.0,1.0,0.5,0.3,0.4,0.0,0.5,0.5
v11,0.3,0.2,0.5,0.2,0.2,0.3,0.5,0.3
v12,0.1,0.7,0.1,0.1,0.3,0.2,0.3,0.1
v13,0.3,0.4,0.7,0.4,,0.7,,0.5
v14,0.9,0.0,0.2,0.0,0.5,0.4,0.4,0.1
v15,1.0,0.0,0.2,0.0,0.6,0.2,0.7,0.0
v16,0.0,0.7,1.0,0.5,0.6,0.0,0.6,0.2
v17,1.0,0.0,0.3,0.0,0.3,1.0,1.0,0.0
v18,0.0,0.7,1.0,0.4,0.5,0.4,0.5,0.3
v19,1.0,0.1,0.5,0.5,0.5,0.5,0.5,0.5
v20,0.4,1.0,0.3,0.3,0.5,0.6,0.5,0.4
v21,0.6,0.5,0.6,0.8,0.6,0.1,0.1,0.8
v22,1.0,0.0,0.5,0.3,0.5,0.5,0.6,0.0
v23,0.0,0.6,0.6,0.7,0.6,0.6,,0.7
v24,1.0,0.2,,,0.7,,,0.2
v25,0.2,0.3,0.8,0.3,0.3,0.5,0.3,0.3
v26,1.0,0.0,0.0,0.0,0.0,0.0,0.6,0.0
v27,0.0,0.0,0.0,0.0,0.0,0.0,0.0,0.0
v28,1.0,0.0,0.0,0.0,0.0,0.2,0.2,0.1
v29,0.1,0.1,0.1,0.1,0.1,0.1,0.1,0.1
v30,0.8,0.5,0.4,0.2,0.3,0.3,0.5,0.3
v31,0.6,0.0,0.3,0.0,0.5,0.3,0.5,0.1
v32,0.0,1.0,0.1,0.1,0.2,0.0,0.0,0.4
v33,0.9,0.0,0.1,0.3,0.1,0.6,0.2,0.1
v34,0.2,0.7,0.8,0.6,0.6,0.0,0.5,0.5
v35,0.1,0.0,0.1,0.1,0.1,0.7,0.1,0.1
v36,0.0,0.8,0.5,0.3,0.3,0.5,0.5,0.7
v37,0.3,0.8,0.8,0.6,0.8,0.3,0.3,0.6
v38,0.9,0.1,0.2,0.2,0.3,0.1,0.5,0.3
v39,0.0,0.7,1.0,0.1,0.6,0.1,0.3,0.5
v40,0.3,0.4,0.6,0.4,0.6,0.5,0.3,0.3
v41,0.4,0.4,0.3,0.3,0.5,0.5,0.2,0.4
v42,0.0,0.7,0.9,0.7,0.4,0.0,0.0,0.7
v43,0.7,0.2,0.3,0.0,0.1,0.5,0.4,0.0
v44,0.1,0.2,0.7,0.2,0.3,0.1,0.3,0.5
v45,0.1,0.7,0.9,0.3,0.9,0.3,0.0,0.3
v46,0.0,0.6,0.4,0.4,0.4,0.0,0.0,0.4
v47,0.0,1.0,0.6,0.8,0.7,0.0,0.2,0.6
v48,0.9,0.7,0.2,0.6,0.7,0.2,0.1,0.7
v49,0.9,0.7,0.3,0.1,0.2,0.3,0.2,0.1
v50,0.8,0.4,0.6,0.3,0.3,0.4,0.3,0.3
v51,0.0,0.0,0.0,0.0,0.0,0.0,0.0,0.0
v52,0.0,1.0,0.7,0.5,0.5,0.0,0.0,0.0
v53,0.0,1.0,0.7,0.6,0.5,0.0,0.0,0.5
v54,0.1,0.6,0.3,0.7,0.4,0.0,0.2,0.9
v55,0.5,0.1,0.5,0.1,0.5,0.9,,0.2
v56,0.7,0.4,0.7,0.7,0.7,0.7,0.6,0.4
v57,0.0,1.0,1.0,1.0,0.7,0.0,0.0,1.0
v58,0.0,0.3,0.0,0.0,0.0,0.0,0.0,0.6
v59,0.9,0.1,0.1,0.3,0.5,0.6,0.6,0.2
v60,0.5,0.6,0.5,0.7,0.3,0.6,0.4,0.3
v61,0.8,0.4,0.5,0.7,0.5,0.7,0.7,0.5
v62,0.0,1.0,0.7,0.6,0.5,0.0,0.0,0.7
v63,0.9,0.4,0.4,0.4,0.5,0.3,0.2,0.3
v64,1.0,0.2,0.4,0.3,0.4,0.4,0.4,0.3
v65,0.8,0.3,0.3,0.1,0.5,0.6,0.7,0.1
v66,0.0,0.6,0.7,0.5,0.4,0.0,0.0,0.6
v67,1.0,0.1,0.8,0.1,0.4,0.8,0.7,0.0
v68,0.9,0.0,0.2,0.5,0.0,0.0,0.0,0.3
v69,0.7,0.1,0.1,0.3,0.3,0.3,,0.3
v70,0.0,0.9,0.8,0.8,0.4,0.0,0.0,0.7
v71,0.4,0.5,0.4,0.5,0.5,1.0,0.5,0.4
v72,0.0,0.5,0.9,0.4,0.6,0.6,0.5,0.5
v73,0.1,0.7,0.7,0.7,0.7,0.3,0.7,0.7
v74,0.1,0.7,0.6,0.5,0.2,0.2,0.1,0.6
v75,0.0,0.6,0.6,0.3,0.4,0.8,0.4,0.3
v76,0.1,0.5,0.5,0.0,0.5,0.8,0.3,0.5
v77,0.4,0.7,0.6,0.5,0.3,0.5,0.4,0.4
v78,0.0,1.0,0.8,0.9,0.5,0.0,0.5,0.9
v79,1.0,0.0,0.0,0.0,0.0,0.0,0.0,0.0
v80,0.8,0.2,0.5,0.6,0.2,0.5,0.5,0.2
v81,1.0,0.1,0.1,0.0,0.6,0.7,0.7,0.0
v82,0.9,0.1,0.3,0.2,0.5,0.3,0.7,0.1
v83,0.0,1.0,0.6,0.6,0.5,0.0,0.0,0.6
v84,1.0,0.0,0.5,0.6,0.5,0.7,0.5,0.4
v85,0.0,0.4,0.5,0.9,0.3,0.0,0.0,0.9
v86,1.0,0.0,0.0,0.0,0.0,0.0,0.0,0.0
v87,0.2,0.7,0.7,0.9,0.6,0.1,0.3,0.9
v88,0.7,0.8,0.8,0.5,0.8,0.8,0.8,0.8
v89,0.3,0.3,0.6,0.1,0.2,0.4,0.2,0.1
v90,0.0,0.9,0.7,0.9,0.5,0.0,0.5,0.9
v91,0.0,0.9,0.6,0.6,0.6,0.2,0.0,0.6
v92,0.0,0.9,0.6,0.4,0.3,0.1,0.2,0.4
v93,0.0,1.0,0.7,0.9,0.4,0.0,0.4,0.9
v94,0.3,0.3,0.3,0.3,0.3,0.3,0.3,0.3
v95,1.0,0.4,0.3,0.4,0.3,0.2,0.3,0.5
v96,0.1,1.0,0.7,0.8,0.6,0.2,0.1,0.7
v97,0.5,0.5,0.5,0.5,0.5,0.5,0.5,0.5
v98,0.8,0.1,0.5,0.3,0.5,0.5,0.6,0.3
v99,0.2,0.5,0.5,0.2,0.5,0.1,0.2,0.4
v100,0.1,0.1,0.4,1.0,0.2,0.0,0.3,1.0
v101,0.6,0.4,0.4,0.5,0.5,0.7,0.6,0.5
v102,0.1,0.7,0.6,0.5,0.7,0.5,0.7,0.5
v103,0.0,1.0,0.7,0.7,0.4,0.0,0.1,0.6
v104,0.0,0.8,0.7,1.0,0.4,0.0,,0.9
v105,0.6,0.1,0.9,0.4,0.6,0.4,,
v106,0.2,0.8,0.5,0.5,0.4,0.2,0.1,0.3
v107,1.0,0.1,0.4,0.3,0.3,0.6,0.4,0.3
v108,0.0,1.0,0.9,0.7,0.6,0.1,0.3,0.9
v109,0.0,0.0,0.0,0.0,0.0,0.0,0.0,0.0
v110,0.4,0.6,0.7,0.7,0.7,0.3,0.2,0.6
v111,0.8,0.3,0.5,0.3,0.5,0.5,0.8,0.2
v112,0.3,0.6,0.6,0.5,0.5,0.0,0.1,0.4
v113,0.2,0.7,,,0.3,0.5,,
v114,0.0,0.0,0.0,0.0,0.0,0.0,0.0,0.0
v115,0.0,1.0,0.5,0.5,0.4,0.6,0.7,0.3
v116,0.1,0.5,0.6,1.0,0.3,0.0,0.1,0.7
v117,0.0,0.8,0.0,0.6,0.0,0.6,0.1,0.0
v118,0.6,0.0,0.1,0.2,0.1,1.0,0.3,0.0
v119,0.0,0.0,0.3,0.5,0.0,0.4,0.0,0.5
v120,0.1,0.2,0.0,0.1,0.1,0.0,0.0,0.2
v121,0.1,0.8,0.7,0.5,0.6,0.2,0.1,0.5
v122,0.0,1.0,0.5,0.4,0.3,0.2,,0.2
v123,0.0,0.7,1.0,0.5,0.7,0.5,0.2,0.6
v124,0.3,0.6,0.5,0.5,0.4,0.3,,0.6
v125,0.7,0.2,0.2,0.2,0.4,0.5,0.6,0.2
v126,0.0,0.7,0.6,0.3,,0.2,0.1,0.5
v127,0.7,0.5,0.5,0.5,0.5,,,0.5
v128,1.0,0.0,0.4,0.1,0.3,0.4,,0.1
v129,0.2,0.7,0.7,0.6,0.7,0.3,0.6,0.7
v130,0.8,0.7,0.8,0.7,0.8,0.7,0.8,0.7
v131,0.0,0.6,1.0,,0.5,0.0,,
v132,0.4,0.5,0.4,0.4,0.4,,0.4,0.4
v133,1.0,0.0,0.1,0.1,0.1,0.2,0.3,0.1
v134,0.7,0.1,0.1,0.2,0.4,0.2,0.5,0.2
v135,1.0,0.0,0.2,0.0,0.2,0.0,0.3,0.0
v136,0.3,0.5,0.5,0.5,0.9,0.5,,0.5
v137,1.0,0.0,0.0,0.0,0.0,0.0,0.8,0.0
v138,1.0,0.0,0.0,0.0,0.0,0.7,0.0,0.0
v139,0.2,0.2,0.2,0.2,0.2,0.2,0.2,0.2
v140,0.0,1.0,0.7,1.0,0.6,0.0,0.0,0.8
v141,0.5,0.5,0.5,0.5,0.5,0.5,0.5,0.5
v142,0.1,0.8,0.6,0.6,0.5,0.0,0.0,0.6
v143,0.4,0.4,0.5,0.3,0.3,0.5,,0.5
v144,,0.5,0.4,0.6,,0.5,,
v145,0.6,0.6,0.7,0.4,,0.5,,
v146,0.9,0.2,0.3,0.1,0.4,0.5,0.8,0.0
v147,0.0,0.6,0.2,0.5,0.5,1.0,0.5,0.5
v148,0.6,0.8,0.6,0.6,0.6,0.7,0.5,0.7
v149,0.8,0.1,0.0,0.1,0.1,0.1,0.6,0.0
v150,0.7,0.7,0.6,0.5,0.5,0.6,0.7,0.5
v151,0.0,0.9,0.5,0.6,0.6,0.1,0.1,0.4
v152,0.7,0.2,0.1,0.1,0.4,0.2,0.6,0.2
v153,0.8,0.1,0.0,0.2,0.3,0.5,0.7,0.1
v154,0.6,0.1,0.5,0.0,0.5,0.5,0.5,0.4
v155,0.0,1.0,0.8,1.0,0.8,0.0,0.1,1.0
v156,0.0,0.5,0.9,,0.2,0.0,0.5,0.6
v157,0.2,0.3,0.5,,,,0.5,
v158,0.1,,,,0.4,,0.7,0.3
v159,0.1,0.7,0.5,0.7,0.7,0.3,0.3,0.7
v160,0.2,0.8,0.8,0.8,0.7,0.0,0.0,0.7
v161,0.6,0.2,0.4,0.1,0.6,0.6,0.7,0.3
v162,1.0,0.0,0.4,0.1,0.3,0.6,0.4,0.3
v163,0.0,0.7,0.8,,0.5,0.2,,0.5
v164,0.0,0.9,0.8,0.9,0.7,0.0,0.0,0.9
v165,0.4,0.6,0.5,0.4,0.5,0.4,0.3,0.4
v166,0.5,0.0,0.0,0.0,0.0,0.0,0.0,0.0
v167,1.0,0.0,0.1,0.2,0.6,0.3,0.4,0.1
v168,0.1,0.3,0.6,0.2,0.3,0.6,0.4,0.3
v169,0.0,0.0,0.0,0.0,0.0,0.0,0.0,0.0
v170,0.1,0.6,0.5,0.8,0.7,0.2,0.2,0.7
v171,1.0,0.0,0.5,0.3,0.4,0.6,0.6,0.2
v172,0.3,0.2,0.6,0.3,0.4,0.4,0.3,0.1
v173,0.7,0.3,0.3,0.2,0.5,0.2,0.4,0.1
v174,0.2,0.5,0.5,0.3,0.4,,0.2,0.4
v175,0.0,0.1,0.1,0.1,0.1,0.1,0.1,0.1
v176,0.0,0.0,0.0,0.0,0.0,0.0,0.0,0.0
v177,1.0,0.1,0.1,0.1,0.1,0.7,0.6,0.1
v178,0.7,0.2,0.2,0.2,0.4,0.5,0.6,0.2
v179,0.0,1.0,0.1,0.1,0.1,0.2,0.0,0.1
v180,0.5,0.2,1.0,0.7,0.4,0.6,0.7,0.1
v181,0.1,0.8,0.7,,,,,
v182,0.0,0.8,0.7,0.7,0.5,,0.5,0.5
v183,0.0,0.5,0.5,0.5,0.5,0.0,0.0,0.5
v184,0.0,0.0,0.0,1.0,0.8,0.0,0.0,1.0
v185,1.0,0.3,0.3,0.0,0.5,0.8,0.9,0.0
v186,0.7,0.1,0.1,0.2,0.3,0.4,0.6,0.2
v187,0.2,0.7,1.0,0.7,0.6,0.0,0.0,0.8
v188,0.0,1.0,0.9,0.9,0.9,0.0,0.0,0.9
v189,0.4,0.3,0.4,0.3,0.5,0.3,0.2,0.3
v190,0.0,0.6,0.9,0.7,0.6,0.0,0.0,0.6
v191,1.0,0.0,0.0,0.0,0.0,0.0,0.1,0.1
v192,0.0,0.6,1.0,0.4,0.5,0.1,0.1,0.1
v193,0.0,1.0,0.7,0.5,0.4,0.0,0.3,0.5
v194,0.5,0.5,,,0.6,,,
v195,0.9,0.0,0.3,0.3,,0.5,0.5,0.3
v196,0.0,0.9,0.8,0.5,0.4,0.6,0.1,0.3
v197,0.6,0.4,0.3,0.1,0.2,0.1,0.2,0.2
v198,0.0,0.9,0.9,1.0,0.5,0.0,0.3,1.0
v199,0.1,0.6,0.5,0.3,0.0,0.1,0.2,0.1
v200,0.0,1.0,0.9,0.8,0.9,0.0,0.1,0.9
v201,0.2,0.4,0.8,0.7,0.6,0.5,0.6,0.4
v202,0.0,0.0,0.0,0.0,0.0,1.0,0.0,0.0
v203,0.4,0.5,0.8,0.3,0.6,0.9,0.7,0.5
v204,0.0,0.7,0.7,0.9,0.7,0.0,0.0,0.9
v205,0.0,0.9,0.8,0.6,0.5,0.0,0.0,0.8
v206,0.0,0.0,0.0,0.0,0.0,0.0,0.0,0.0
v207,0.1,0.9,0.6,0.3,0.6,0.3,0.1,0.3
v208,0.5,0.1,0.3,0.3,0.1,0.1,0.5,0.2
v209,0.3,0.7,0.4,0.3,0.1,0.7,0.3,0.4
v210,0.0,0.7,0.8,1.0,0.7,0.0,0.0,0.8
v211,0.7,0.5,0.7,0.6,0.7,0.6,0.8,0.5
v212,0.6,0.2,,,,,,
v213,0.4,0.3,0.3,0.2,0.2,0.2,0.3,0.2
v214,0.0,0.4,0.9,1.0,0.7,0.0,0.0,0.5
v215,1.0,0.0,0.2,0.2,0.2,0.2,0.5,0.2
v216,1.0,0.1,0.2,0.0,0.6,0.7,0.7,0.0
v217,1.0,0.0,0.6,0.1,0.4,0.3,0.6,0.0
v218,0.8,0.0,0.0,0.0,0.1,0.2,0.3,0.0
v219,0.2,0.6,0.5,0.4,0.5,0.9,0.1,0.3
v220,1.0,0.1,0.1,0.1,0.5,0.6,0.8,0.1
v221,0.2,0.9,0.7,0.7,0.7,0.1,0.0,0.5
v222,0.2,0.7,0.9,0.3,0.7,0.6,0.1,0.5
v223,0.1,0.7,0.5,0.6,0.5,0.4,0.0,0.6
v224,0.5,0.4,0.3,0.5,0.6,0.4,0.6,0.5
v225,0.2,0.7,0.6,0.3,0.6,0.4,0.6,0.5
v226,0.6,0.2,0.2,0.3,0.2,0.7,0.4,0.2
v227,0.5,0.4,0.6,0.4,0.2,0.3,0.3,0.3
v228,0.0,1.0,0.5,0.5,0.6,0.0,0.0,0.4
v229,0.9,0.3,0.6,0.5,0.5,0.4,0.5,0.3
v230,0.0,0.6,0.9,0.9,0.4,0.0,0.1,0.9
v231,0.8,0.3,0.3,,,0.6,,
v232,0.1,0.3,0.3,0.9,0.3,0.1,0.1,0.9
v233,0.0,0.5,0.5,0.2,0.3,0.9,0.4,0.5
v234,0.0,0.0,0.0,0.0,0.0,0.0,0.0,0.0
v235,0.0,1.0,0.6,0.6,0.3,0.0,0.4,0.4
v236,0.9,0.2,0.3,0.2,0.5,0.3,,
v237,0.0,0.8,0.7,0.7,0.5,0.3,0.4,0.5
v238,0.8,0.8,0.5,0.7,0.5,0.6,1.0,0.7
v239,0.3,0.8,0.8,1.0,,0.0,0.0,1.0
v240,1.0,0.3,0.2,0.1,0.4,0.7,0.9,0.2
v241,0.9,0.2,0.6,0.2,0.5,0.4,0.5,0.3
v242,0.1,0.9,0.9,0.9,0.9,0.1,0.1,0.9
v243,,0.6,0.7,0.7,0.6,0.3,0.5,0.8
v244,0.0,0.9,0.7,0.9,0.5,0.0,0.4,0.9
v245,0.1,0.7,1.0,0.7,0.6,0.0,0.0,0.7
v246,0.0,1.0,0.9,0.9,0.4,0.0,0.5,0.9
v247,0.0,0.7,0.7,1.0,0.6,0.0,0.0,0.8
v248,0.4,0.6,0.5,0.5,0.5,0.5,0.5,0.5
v249,1.0,0.0,0.0,0.0,0.0,0.0,0.0,0.0
v250,0.6,0.1,0.5,,,,,
v251,0.0,0.4,0.7,0.5,0.1,0.0,0.1,0.3
v252,0.5,0.5,0.6,,,0.5,,
v253,0.0,0.0,0.0,0.0,0.0,0.0,0.0,0.0
v254,0.1,0.0,1.0,0.1,0.3,0.2,0.1,0.2
v255,0.0,0.2,,,,0.4,,
v256,0.1,0.9,0.7,0.7,0.7,0.1,0.1,0.7
v257,0.0,1.0,0.6,0.6,0.6,0.0,0.0,0.6
v258,0.8,0.9,0.3,0.4,0.8,0.2,0.8,0.4
v259,0.9,0.2,0.5,0.3,0.3,0.3,0.3,0.2
v260,0.0,0.5,1.0,0.5,0.3,0.0,0.0,0.3
v261,0.6,0.4,0.4,0.3,0.7,0.5,0.2,0.3
v262,1.0,0.1,0.5,0.1,0.3,0.7,0.7,0.1
v263,0.7,0.8,0.6,0.5,0.7,0.8,0.5,0.8
v264,0.9,0.2,0.3,,0.4,0.5,0.9,
v265,1.0,0.0,0.0,0.1,0.0,0.0,0.0,0.1
v266,0.9,0.0,0.2,0.1,0.1,0.2,0.2,0.1
v267,0.0,1.0,1.0,1.0,0.9,0.0,0.0,1.0
v268,1.0,0.1,0.3,0.2,0.4,0.3,,0.1
v269,0.8,0.2,0.3,0.1,0.4,0.6,0.8,0.1
v270,0.0,0.9,0.5,0.5,0.5,0.0,0.0,0.5
v271,1.0,0.2,0.3,0.1,0.5,0.4,0.3,0.4
v272,0.0,0.9,0.7,0.7,0.5,0.0,0.0,0.4
v273,0.1,0.9,0.5,0.9,0.5,0.1,0.1,0.9
v274,0.0,0.9,0.3,1.0,0.3,0.5,0.0,0.9
v275,0.6,0.7,0.8,0.9,0.9,0.8,0.6,0.6
v276,0.1,0.7,1.0,0.8,0.9,0.0,0.1,0.7
v277,0.6,0.7,0.6,0.6,0.5,0.7,0.6,0.7
v278,1.0,0.0,0.1,0.1,0.4,0.4,0.9,0.1
v279,0.5,0.5,,,,0.5,,0.5
v280,0.0,0.8,0.6,0.8,0.4,0.0,,0.8
v281,0.0,1.0,0.6,0.3,0.4,0.0,0.0,1.0
v282,0.2,0.6,0.7,0.4,0.4,0.5,0.5,0.4
v283,1.0,0.0,0.5,0.3,0.5,0.6,0.3,0.6
v284,0.0,1.0,0.4,0.5,0.4,0.1,0.1,0.5
v285,0.8,0.0,0.1,0.0,0.1,0.0,0.1,0.0
v286,0.6,0.1,0.3,0.3,0.3,1.0,0.3,0.1
v287,0.0,0.8,0.6,1.0,0.5,0.0,0.0,0.8
v288,0.7,0.2,0.0,0.1,0.3,0.5,0.5,0.1
v289,0.0,0.2,0.1,1.0,0.2,0.1,0.0,0.9
v290,0.7,0.4,0.1,,,,,
v291,0.0,0.3,0.3,0.3,0.3,,0.0,0.3
v292,1.0,0.3,0.7,,0.4,0.5,0.6,
v293,0.6,0.7,0.6,0.7,0.6,0.6,0.4,0.5
v294,0.1,0.6,0.5,0.3,0.3,0.3,0.3,0.2
v295,0.1,0.4,0.4,0.2,,0.6,,0.7
v296,0.3,0.0,0.0,0.0,0.0,0.0,0.0,0.0
v297,0.2,0.8,0.5,0.6,0.5,0.3,0.4,0.6
v298,0.0,0.0,0.0,1.0,0.0,0.0,0.0,1.0
v299,0.0,0.9,0.8,0.6,0.6,0.5,0.7,0.7
v300,0.8,0.0,0.4,0.1,0.5,0.7,0.5,0.1
v301,0.2,0.2,0.8,0.8,0.6,0.6,0.8,0.8
v302,1.0,0.0,0.1,0.1,0.4,0.4,0.2,0.0
v303,0.4,0.2,0.8,1.0,0.5,0.6,0.4,0.0
v304,0.7,,,0.1,,,,0.1
v305,0.0,0.9,0.7,0.8,0.5,0.1,,0.9
v306,0.0,0.8,0.4,,0.3,0.7,0.7,0.5
v307,0.7,0.0,0.0,0.2,0.0,0.0,0.0,0.2
v308,0.2,0.6,0.7,0.6,1.0,0.2,,0.5
v309,0.4,0.3,0.6,0.4,0.6,1.0,0.3,0.7
v310,0.1,0.5,1.0,0.5,0.6,0.0,0.1,0.4
v311,0.0,1.0,0.9,0.9,0.8,0.0,0.0,0.8
v312,0.0,0.7,0.9,0.8,0.3,0.0,,0.9
v313,0.0,0.9,0.6,0.7,0.6,0.0,0.0,0.7
v314,0.3,0.7,0.8,0.8,0.8,0.0,0.0,0.9
v315,0.1,0.8,0.7,,,0.0,,
v316,0.7,0.8,0.7,0.8,0.8,0.9,0.6,0.8
v317,1.0,0.2,0.5,0.4,0.4,0.6,0.3,0.5
v318,0.2,0.7,0.6,0.6,0.6,0.2,0.1,0.6
v319,0.9,0.1,0.1,0.3,0.2,0.2,0.3,0.1
v320,0.0,0.9,0.7,1.0,0.6,0.0,0.0,1.0
v321,0.4,0.4,1.0,0.5,0.1,0.1,,0.1
v322,1.0,0.0,0.0,0.0,0.6,0.6,0.6,0.0
v323,1.0,0.0,0.2,0.0,0.0,0.0,0.0,0.0
v324,0.8,0.3,0.4,0.6,0.3,0.5,0.2,0.2
v325,0.0,0.4,0.5,0.5,0.7,0.0,0.0,0.5
v326,0.2,0.7,0.9,0.7,0.7,0.1,0.2,0.7
v327,1.0,0.1,0.1,0.2,0.4,0.2,0.7,0.1
v328,0.7,0.6,0.5,0.4,0.5,0.6,0.8,0.7
v329,0.0,0.9,0.8,0.5,0.5,0.1,0.3,0.4
v330,0.0,1.0,0.8,1.0,0.8,0.0,0.0,1.0
v331,0.0,0.7,0.0,0.0,0.0,0.0,0.0,0.0
v332,1.0,0.0,0.5,0.4,0.3,0.3,0.2,0.4
v333,0.1,1.0,0.8,0.6,0.6,0.0,0.1,0.6
v334,0.5,0.5,0.5,0.5,0.5,0.5,0.5,0.5
v335,0.0,0.6,0.3,0.5,0.2,0.0,0.3,0.3
v336,0.7,0.3,0.5,0.5,0.3,0.4,,0.5
v337,0.1,0.5,0.6,0.5,0.4,0.5,0.3,0.6
v338,0.0,0.0,1.0,0.0,0.0,0.0,0.0,0.0
v339,0.1,0.4,0.7,0.3,0.4,0.5,0.2,0.5
v340,0.0,0.8,0.9,0.8,0.6,0.0,,0.8
v341,0.9,0.9,0.6,0.1,0.4,0.3,0.8,0.1
v342,0.2,0.6,0.5,0.3,0.5,0.2,0.1,0.3
v343,0.7,0.2,0.4,0.3,0.5,0.1,0.3,0.2
v344,0.9,0.1,0.3,0.2,0.5,0.5,0.6,0.0
v345,1.0,0.0,0.3,0.0,0.4,0.4,0.2,0.0
v346,0.0,0.8,0.9,0.8,1.0,0.0,0.0,0.8
v347,0.0,0.0,0.0,0.0,0.0,0.0,0.0,0.0
v348,0.5,0.6,0.5,0.1,0.9,0.8,0.4,0.0
v349,0.6,,,,,,,
v350,0.0,0.8,1.0,0.4,0.4,0.0,0.5,0.3
v351,0.1,0.8,0.9,0.5,0.4,0.5,0.2,0.7
v352,0.6,0.6,0.5,0.5,0.6,0.6,0.5,0.6
v353,1.0,0.0,0.2,0.1,0.1,0.2,0.5,0.1
v354,0.8,0.0,0.2,0.0,0.5,0.6,0.5,0.0
v355,0.0,0.9,0.7,0.7,0.7,0.0,0.0,0.5
v356,0.9,0.2,0.1,0.2,0.1,0.6,0.6,0.1
v357,1.0,0.1,0.1,0.2,0.3,0.1,0.9,0.2
v358,0.3,0.5,0.3,0.1,0.2,0.1,0.0,0.0
v359,0.0,0.9,0.9,0.7,0.6,0.0,0.0,0.5
v360,0.0,1.0,0.8,0.8,0.8,0.0,0.0,0.8
v361,0.5,0.4,0.4,0.3,0.3,0.4,0.1,0.2
v362,0.2,0.8,1.0,0.8,0.6,0.0,0.0,0.8
v363,0.0,0.7,0.7,0.7,0.6,0.5,0.0,0.5
v364,0.0,0.8,1.0,0.8,0.7,0.0,0.0,0.8
v365,0.9,0.2,0.4,0.4,0.7,0.1,0.7,0.4
v366,1.0,0.3,0.3,0.2,0.4,0.3,0.9,0.2
v367,0.2,0.8,0.4,0.7,0.5,0.0,0.1,0.7
v368,0.0,1.0,0.7,0.6,0.7,0.4,0.0,0.3
v369,0.1,0.7,0.6,0.8,0.4,0.4,0.7,0.5
v370,0.1,0.1,0.1,0.1,0.1,0.1,,0.1
v371,0.0,0.8,0.2,0.4,0.3,0.0,0.5,0.4
v372,0.7,0.6,0.6,0.4,0.7,0.6,0.7,0.3
v373,0.0,0.6,0.6,0.9,0.6,0.2,0.0,0.8
v374,0.1,0.7,1.0,0.4,0.4,0.5,0.6,0.4
v375,0.1,0.7,1.0,0.5,0.5,0.3,0.1,0.5
v376,0.8,0.2,0.5,0.2,0.4,0.3,0.2,0.2
v377,0.1,1.0,0.9,0.0,0.7,0.0,0.0,0.0
v378,0.1,0.6,0.8,0.5,0.5,0.2,0.3,0.4
v379,0.0,1.0,1.0,0.9,0.5,0.0,0.8,0.9
v380,0.2,0.5,0.4,,,0.7,,
v381,0.0,0.9,0.6,0.6,0.6,0.3,0.2,0.7
v382,0.9,0.0,0.5,0.1,0.3,0.6,0.6,0.1
v383,0.5,0.0,0.0,0.3,0.3,0.4,,0.3
v384,0.0,0.8,0.7,0.7,0.7,0.1,0.6,0.8
v385,0.0,1.0,0.8,0.7,0.8,0.1,0.0,0.6
v386,0.0,1.0,0.6,0.6,0.6,0.0,0.0,0.6
v387,0.4,1.0,0.8,0.9,0.5,0.1,0.0,0.7
v388,0.0,0.5,0.8,0.4,0.4,0.1,0.3,0.5
v389,0.6,0.1,0.5,0.1,0.0,0.4,0.2,0.2
v390,1.0,0.5,0.2,0.5,0.2,0.4,0.7,0.3
v391,0.3,0.0,0.0,0.0,0.0,1.0,0.5,0.0
v392,0.2,0.2,0.3,1.0,0.0,0.0,0.0,1.0
v393,0.0,1.0,0.8,0.8,0.7,0.5,0.6,0.9
v394,0.2,1.0,0.8,0.7,0.7,0.6,0.4,0.8
v395,0.1,0.8,0.6,0.7,0.6,0.0,0.0,0.6
v396,0.9,0.1,,,0.2,,,
v397,1.0,0.0,0.0,0.0,0.1,0.0,0.5,0.0
v398,0.9,0.1,0.1,0.2,0.5,0.5,0.2,0.2
v399,0.2,0.6,1.0,,0.7,,,
v400,0.0,0.2,1.0,0.3,0.4,0.4,0.3,0.2
v401,0.6,0.2,0.2,0.2,0.2,0.2,0.2,0.2
v402,1.0,0.0,0.0,0.2,0.1,0.5,0.8,0.1
v403,0.0,0.4,0.0,0.0,0.0,0.0,0.0,0.0
v404,0.8,0.0,0.0,0.1,0.2,0.2,0.8,0.1
v405,1.0,0.1,0.1,0.0,0.1,0.1,0.8,0.2
v406,0.3,0.5,0.7,0.4,0.4,0.5,0.4,0.4
v407,0.1,0.7,0.2,0.3,0.4,0.3,0.2,0.4
v408,0.1,0.8,0.7,0.4,0.7,0.5,0.0,0.4
v409,0.3,0.8,0.5,0.5,0.5,0.3,0.2,0.5
v410,1.0,0.0,0.2,0.0,0.3,0.5,0.5,0.1
v411,0.0,0.3,0.3,1.0,0.1,0.0,0.0,1.0
v412,0.2,0.4,0.5,0.7,0.3,0.2,0.2,0.3
v413,1.0,0.0,0.6,0.4,0.3,0.4,0.3,0.1
v414,0.1,0.5,0.2,0.7,0.4,0.2,0.1,0.7
v415,1.0,0.0,0.1,0.2,0.1,0.1,0.8,0.1
v416,0.9,0.2,0.2,0.2,0.5,0.3,0.5,0.2
v417,0.5,0.5,0.4,0.6,0.8,0.4,0.6,0.6
v418,0.8,0.1,0.1,0.2,0.4,0.5,0.6,0.2
v419,0.1,0.1,0.0,0.0,0.0,0.1,0.1,0.2
v420,0.0,1.0,0.8,0.6,0.6,0.0,0.1,0.6
v421,0.8,0.1,0.3,0.1,0.7,0.2,0.7,0.1
v422,0.0,0.5,0.6,0.9,0.6,0.2,0.2,0.8
v423,0.9,0.1,0.4,0.2,0.3,0.4,0.5,0.1
v424,1.0,0.0,0.0,0.0,0.3,0.4,0.7,0.0
v425,0.4,,,,,,,0.5
v426,0.2,0.4,0.9,0.8,0.6,0.2,0.5,0.7
v427,0.0,0.8,0.7,0.7,0.5,0.0,0.0,0.6
v428,1.0,0.0,0.0,0.2,0.0,0.1,0.1,0.0
v429,0.9,0.0,0.1,0.5,0.3,0.6,0.2,0.1
v430,0.1,0.3,0.2,0.1,0.4,1.0,0.3,0.1
v431,0.5,0.4,0.1,0.7,0.7,0.4,1.0,0.1
v432,0.3,1.0,0.8,0.5,0.6,0.1,0.1,0.5
v433,0.0,0.0,0.0,0.0,0.0,0.4,0.0,0.0
v434,0.1,0.8,0.6,0.4,0.4,0.0,0.1,0.6
v435,0.0,0.6,0.7,0.5,0.5,0.1,0.0,0.5
v436,0.0,1.0,0.3,0.6,0.6,0.0,0.0,0.5
v437,1.0,0.0,0.3,0.1,0.3,0.9,1.0,0.1
v438,0.0,0.7,0.5,0.4,0.2,0.0,0.3,0.5
v439,0.1,0.5,0.9,0.5,0.7,0.2,,0.8
v440,0.0,0.9,0.8,1.0,,0.0,,1.0
v441,0.1,1.0,0.6,0.5,0.4,0.4,0.6,0.5
v442,0.0,0.7,0.8,0.5,0.4,0.0,0.2,0.1
v443,1.0,0.2,0.0,0.0,0.3,0.6,0.2,0.3
v444,0.0,0.8,0.9,0.5,0.5,0.3,,0.2
v445,0.0,0.9,0.6,0.5,0.2,0.3,0.1,0.5
v446,0.8,0.5,,,,,,
v447,0.0,0.9,0.8,1.0,0.6,0.2,0.0,1.0
v448,0.4,0.3,0.4,0.0,0.3,0.3,,0.1
v449,0.0,0.7,1.0,0.3,0.3,0.4,0.2,0.2
v450,0.1,1.0,0.6,0.6,0.6,0.1,0.1,0.8
v451,0.6,0.0,0.4,0.2,0.1,0.9,0.5,0.1
v452,0.2,0.7,1.0,,0.5,0.6,,0.5
v453,0.8,0.2,0.4,0.6,0.3,0.6,0.6,0.4
v454,1.0,0.1,0.1,0.0,0.3,0.0,0.7,0.2
v455,0.0,1.0,0.7,0.7,0.4,0.0,0.1,0.5
v456,1.0,0.0,0.0,0.0,0.2,0.2,0.4,0.0
v457,0.5,0.2,0.0,0.0,0.0,1.0,0.2,0.1
v458,1.0,0.0,0.4,0.1,0.3,0.2,0.9,0.0
v459,0.0,0.0,0.6,0.0,0.0,0.8,0.0,0.0
v460,1.0,0.1,0.4,0.4,0.5,0.2,0.9,0.1
v461,0.0,0.8,0.7,1.0,0.5,0.2,0.1,0.9
v462,0.0,0.5,0.7,0.0,0.5,0.0,0.0,0.5
v463,0.1,0.6,0.7,0.9,0.3,0.2,0.1,0.8
v464,0.9,0.0,0.0,,,0.3,,0.1
v465,0.1,0.5,0.3,0.5,0.2,1.0,0.2,0.4
v466,0.7,0.1,0.7,0.3,0.6,0.1,0.4,0.2
v467,0.1,1.0,0.8,0.9,0.8,0.1,0.1,0.9
v468,0.0,0.6,1.0,0.3,0.3,0.4,0.3,0.2
v469,0.1,1.0,0.4,0.7,0.5,0.1,0.5,0.2
v470,1.0,0.1,0.2,0.2,0.2,0.3,0.7,0.1
v471,0.0,0.9,0.8,1.0,0.5,0.0,0.5,1.0
v472,0.0,1.0,0.9,0.8,0.9,0.2,0.0,0.9
v473,0.0,0.8,0.7,0.8,0.6,0.0,0.0,0.7
v474,0.8,0.8,0.7,0.5,0.8,0.3,0.4,0.4
v475,0.0,0.0,0.0,0.1,0.0,1.0,0.2,0.1
v476,0.0,0.2,0.4,0.6,0.0,0.0,0.3,0.3
v477,0.1,0.7,0.6,0.6,0.6,0.1,0.1,0.8
v478,1.0,0.0,0.5,0.2,0.4,0.6,0.8,0.1
v479,0.4,0.2,0.7,0.5,0.5,0.6,0.5,0.5
v480,0.0,0.8,0.6,0.4,0.7,0.0,0.0,0.6
v481,0.0,0.2,0.0,0.0,0.2,0.4,0.0,0.2
v482,0.6,0.5,0.9,0.5,0.4,0.5,0.5,0.5
v483,0.6,0.5,0.5,0.5,0.5,0.5,0.5,0.5
v484,1.0,0.0,0.0,0.0,0.5,0.3,0.6,0.0
v485,0.0,1.0,1.0,0.3,0.3,0.3,0.0,0.2
v486,0.1,0.2,1.0,0.4,0.2,0.0,0.1,0.3
v487,1.0,0.1,0.1,0.2,0.0,0.1,0.1,0.1
v488,0.0,0.8,0.0,0.5,0.5,1.0,0.0,0.3
v489,1.0,0.1,0.1,0.1,0.1,0.5,0.9,0.1
v490,0.9,0.4,0.7,0.3,0.5,0.3,0.5,0.3
v491,0.0,0.2,0.6,0.3,0.0,0.0,0.0,0.3
v492,0.6,0.1,0.1,0.1,0.1,0.1,0.1,0.1
v493,0.7,0.3,0.1,0.2,0.5,0.7,0.6,0.3
v494,0.5,0.1,0.1,0.1,0.1,1.0,0.2,0.1
v495,0.0,0.0,0.0,0.0,0.0,1.0,0.0,0.0
v496,0.0,0.8,0.3,0.2,0.2,0.3,0.2,0.2
v497,0.0,1.0,0.9,0.5,0.3,0.4,0.8,0.5
v498,0.1,0.8,0.7,0.7,0.7,0.2,0.2,0.7
v499,0.0,0.2,0.1,0.2,0.2,0.1,0.0,0.0
v500,0.0,1.0,0.8,0.8,0.9,0.0,0.0,0.7
v501,0.7,0.7,0.7,0.6,0.7,0.7,0.6,0.6
v502,0.0,0.2,0.6,0.3,0.5,0.0,0.0,0.3
v503,0.5,0.5,,,0.5,0.5,,
v504,1.0,0.0,0.0,0.0,0.0,0.0,0.8,0.0
v505,1.0,0.0,0.0,0.0,0.1,0.0,0.6,0.0
v506,0.0,0.5,0.5,0.4,0.6,0.0,,0.4
v507,1.0,0.8,1.0,0.8,1.0,0.9,0.7,0.9
v508,0.9,0.1,0.2,0.1,0.5,0.1,0.2,0.1
v509,0.2,0.4,0.7,0.5,0.7,0.4,0.3,0.4
v510,0.0,0.6,1.0,,1.0,,,
v511,0.0,0.0,0.0,0.0,0.0,0.0,0.0,0.0
v512,0.0,0.6,0.5,0.3,0.1,0.4,0.3,0.2
v513,0.9,0.4,0.4,0.4,0.4,0.4,0.4,0.4
v514,0.3,0.6,0.5,0.5,0.6,0.4,0.6,0.5
v515,1.0,0.2,,,0.5,,0.8,
v516,0.0,1.0,0.5,0.4,0.4,0.0,0.3,0.3
v517,0.0,1.0,0.5,0.8,0.5,0.0,0.0,0.8
v518,0.1,0.8,1.0,0.4,0.4,0.2,0.4,0.6
v519,0.5,0.3,0.5,,0.4,0.2,,
v520,0.1,0.8,0.5,0.3,0.4,0.6,0.3,0.3
v521,0.3,0.3,0.4,0.4,0.5,0.3,0.4,0.4
v522,0.0,0.8,0.8,0.5,0.5,0.1,,0.7
v523,0.9,0.0,0.1,0.0,0.7,0.4,0.2,0.5
v524,0.9,0.1,0.3,0.0,0.4,0.5,0.7,0.0
v525,0.0,1.0,0.5,0.2,0.6,0.0,,0.4
v526,1.0,0.0,0.4,0.0,0.6,0.4,0.8,0.0
v527,0.3,0.8,1.0,0.5,0.9,0.6,0.4,0.4
v528,0.0,0.7,0.3,0.3,0.3,1.0,0.3,0.3
v529,1.0,0.2,0.3,0.2,0.5,0.5,0.2,0.2
v530,0.3,0.4,0.2,0.9,0.2,0.2,,0.7
v531,0.0,0.6,0.4,0.5,0.1,0.2,0.2,0.3
v532,0.0,0.8,0.7,0.6,0.2,0.8,0.1,0.2
v533,0.4,0.8,0.6,0.7,0.8,0.7,0.4,0.7
v534,1.0,0.0,0.3,0.1,0.4,0.2,0.0,0.3
v535,0.0,0.8,0.7,0.4,0.6,0.4,0.2,0.5
v536,0.6,0.4,0.6,0.5,0.6,0.6,0.5,0.5
v537,0.1,0.7,0.8,0.5,0.7,0.2,0.5,0.5
v538,0.3,0.6,0.9,0.6,0.6,0.0,0.0,0.7
v539,0.2,0.6,0.9,0.9,0.9,0.0,0.0,0.7
v540,1.0,0.0,0.3,0.0,0.2,0.4,0.1,0.2
v541,0.1,0.5,0.5,1.0,0.6,0.2,,1.0
v542,0.9,0.1,0.1,0.2,0.4,0.5,0.7,0.1
v543,0.1,0.8,0.5,0.5,0.2,0.1,0.3,0.5
v544,0.2,0.6,0.8,0.3,0.6,0.1,0.3,0.5
v545,0.2,1.0,0.8,0.5,0.8,0.4,0.2,0.4
v546,0.0,0.9,0.8,0.6,0.5,0.0,0.0,0.6
v547,0.0,0.9,0.7,0.7,0.7,0.2,0.1,0.7
v548,0.0,0.0,0.0,0.0,0.0,0.0,0.0,0.0
v549,0.4,0.5,0.7,0.6,0.5,0.2,0.3,0.4
v550,0.0,1.0,0.8,0.9,0.8,0.1,0.0,0.9
v551,0.2,0.9,0.6,0.6,0.5,0.3,0.2,0.6
v552,0.3,0.9,0.8,0.8,0.7,0.0,0.0,0.8
v553,0.0,0.9,0.6,0.6,0.5,0.0,0.1,0.6
v554,0.5,0.5,,,0.5,,,
v555,0.7,0.4,0.4,0.4,0.3,0.4,0.3,0.4
v556,0.0,1.0,0.6,0.6,0.5,0.2,0.1,0.7
v557,0.0,0.9,1.0,0.2,0.6,0.4,0.1,0.3
v558,0.4,0.6,0.6,0.7,0.6,0.5,0.6,0.7
v559,0.0,0.7,0.6,1.0,0.4,0.0,0.0,0.8
v560,0.0,0.0,0.0,0.0,0.0,0.0,0.0,0.0
v561,0.8,0.1,0.1,0.2,0.3,0.5,0.6,0.4
v562,0.0,1.0,0.4,0.8,0.4,0.0,0.4,0.5
v563,0.0,0.8,0.5,0.5,0.0,0.1,0.0,0.5
v564,0.3,0.6,0.7,0.5,0.4,0.3,,0.5
v565,0.7,0.0,0.1,0.1,0.5,0.9,0.6,0.1
v566,0.0,1.0,0.6,0.5,0.5,0.0,0.0,0.6
v567,1.0,0.0,0.0,0.0,0.0,0.0,0.0,0.0
v568,1.0,0.0,0.5,0.0,0.1,0.0,0.1,0.2
v569,0.0,0.8,0.8,0.7,0.5,0.0,0.2,0.5
v570,0.5,0.8,0.5,0.4,0.4,0.2,0.5,0.4
v571,0.8,0.7,1.0,0.5,0.6,0.7,0.4,0.5
v572,0.8,0.7,0.6,0.8,0.8,0.7,0.7,0.7
v573,1.0,0.0,0.2,0.0,0.2,0.0,0.7,0.0
v574,0.2,0.6,0.4,0.4,0.2,0.1,0.4,0.4
v575,0.6,0.1,0.4,0.1,0.4,0.3,0.3,0.1
v576,0.1,0.9,0.7,0.5,0.6,0.4,0.1,0.5
v577,0.4,0.3,1.0,0.1,0.3,0.5,0.7,0.1
v578,0.0,0.2,1.0,0.6,0.0,0.5,0.0,1.0
v579,0.0,0.8,0.6,0.7,0.5,0.1,0.0,0.7
v580,0.8,0.2,0.4,0.2,0.4,0.3,0.2,0.4
v581,0.1,0.8,0.7,0.8,0.6,0.2,0.1,0.8
v582,0.9,0.0,0.2,0.1,0.6,0.3,0.8,0.1
v583,1.0,0.0,0.0,0.0,0.0,0.0,0.0,0.0
v584,0.2,1.0,1.0,1.0,1.0,0.0,0.3,1.0
v585,0.3,0.5,0.4,0.4,0.3,0.5,0.6,0.4
v586,0.1,0.4,0.5,0.3,0.4,0.2,0.2,0.2
v587,0.0,0.0,0.0,0.0,0.0,0.5,0.0,0.0
v588,0.0,0.6,1.0,0.2,0.6,0.0,0.1,0.4
v589,0.5,0.6,0.8,0.4,0.6,0.5,,0.3
v590,0.8,0.0,0.0,0.0,0.0,0.0,0.0,0.0
v591,0.5,0.9,0.5,0.3,0.2,0.7,0.5,0.2
v592,0.0,0.9,0.5,,,0.5,,0.5
v593,0.0,0.9,0.5,0.4,0.6,0.4,0.4,0.6
v594,,0.2,,,,0.6,,
v595,0.4,0.5,0.2,0.1,0.3,0.0,0.1,0.2
v596,0.8,0.2,0.2,0.2,0.2,,,0.2
v597,0.0,1.0,0.5,0.5,0.5,0.0,0.0,0.5
v598,0.4,0.6,0.5,0.5,0.6,0.4,0.5,0.5
v599,0.3,0.3,0.6,,,0.6,,0.3
v600,0.0,0.8,0.4,0.2,0.2,0.0,0.0,0.0
v601,0.0,0.5,0.5,0.5,0.5,0.3,0.1,0.5
v602,0.0,0.5,0.6,0.8,0.4,0.0,0.0,1.0
v603,1.0,0.8,0.5,0.2,0.5,0.1,0.8,0.2
v604,0.0,0.3,0.1,0.1,0.1,0.9,0.3,0.1
v605,0.2,0.8,0.6,0.6,0.6,0.3,0.1,0.5
v606,0.9,0.0,0.0,0.0,0.0,1.0,0.9,0.0
v607,0.0,0.8,0.8,0.7,0.6,0.1,0.0,0.6
v608,0.5,0.1,0.1,0.1,0.2,0.1,0.2,0.2
v609,0.0,0.8,0.8,0.9,0.7,0.0,0.0,0.7
v610,0.0,0.0,0.0,0.0,0.0,0.0,0.0,0.0
v611,0.4,0.1,0.5,0.0,,0.7,0.0,0.0
v612,0.0,0.3,1.0,0.5,0.3,0.0,0.0,0.3
v613,0.4,0.5,0.3,0.5,0.5,0.4,0.5,0.6
v614,0.0,0.0,0.0,0.0,0.0,0.0,0.0,0.0
v615,0.0,1.0,0.6,0.6,0.7,0.0,0.6,0.7
v616,0.0,0.8,0.7,0.2,0.3,0.2,0.3,0.4
v617,0.2,0.5,0.8,0.2,0.3,0.1,0.4,0.4
v618,0.6,0.5,0.5,0.2,0.2,0.0,0.2,0.0
v619,0.9,0.2,0.4,0.5,0.4,0.5,0.6,0.4
v620,1.0,0.0,0.2,0.2,0.2,0.0,0.1,0.2
v621,1.0,1.0,1.0,1.0,1.0,1.0,1.0,1.0
v622,0.0,0.7,0.2,0.2,0.3,0.2,0.2,0.4
v623,0.0,0.7,0.6,0.6,0.6,0.2,0.0,0.7
v624,0.6,0.4,0.3,0.3,0.3,0.5,0.3,0.2
v625,0.1,0.7,0.5,0.6,0.3,0.0,0.0,0.5
v626,0.0,0.9,0.5,0.3,0.3,0.4,0.6,0.2
v627,1.0,0.1,0.2,0.0,0.5,0.7,0.7,0.0
v628,0.6,0.5,0.5,0.3,0.5,0.4,0.6,0.6
v629,0.2,0.8,0.8,0.8,0.5,0.0,,0.9
v630,1.0,0.7,0.4,0.1,0.6,0.6,0.4,0.5
v631,0.0,0.8,0.7,0.7,0.7,0.1,0.0,0.7
v632,0.9,0.1,0.2,0.3,0.3,0.2,0.6,0.1
v633,0.0,0.8,0.6,0.6,0.6,0.2,0.0,0.6
v634,0.9,0.2,0.2,0.2,0.3,0.2,0.1,0.1
v635,0.1,0.0,0.1,0.0,0.0,0.0,0.1,0.0
v636,0.3,0.6,0.5,0.4,0.6,0.4,0.3,0.4
v637,0.1,0.9,0.8,0.8,0.8,0.1,0.0,0.8
v638,0.4,0.4,0.6,0.4,0.9,0.4,0.5,0.3
v639,0.6,0.0,0.0,0.1,0.1,0.1,0.5,0.1
v640,0.0,1.0,0.3,0.5,0.6,0.5,0.3,0.2
v641,0.8,1.0,0.9,1.0,1.0,1.0,1.0,0.9
v642,1.0,0.0,0.1,0.1,0.3,0.1,0.6,0.1
v643,0.2,0.2,0.7,0.2,0.5,0.2,0.2,0.2
v644,0.0,0.7,,,,0.2,,
v645,0.1,0.7,0.3,0.3,0.4,0.1,0.0,0.3
v646,0.0,1.0,0.8,0.7,0.4,0.2,0.0,0.2
v647,1.0,0.0,0.1,0.0,0.2,0.1,0.1,0.0
v648,0.5,0.0,0.0,0.0,0.2,0.3,1.0,0.0
v649,0.7,0.7,0.8,0.7,0.6,0.8,0.8,0.8
v650,0.1,0.9,0.6,0.6,0.4,0.3,0.0,0.7
v651,0.7,0.0,0.0,0.2,0.0,0.9,0.2,0.0
v652,0.1,0.5,1.0,0.5,0.4,0.0,0.0,0.3
v653,0.5,0.2,0.2,0.3,0.5,0.7,0.5,0.5
v654,0.7,0.9,0.6,0.6,0.8,0.6,0.5,0.2
v655,0.0,0.0,0.0,0.0,0.0,1.0,0.0,0.0
v656,1.0,0.0,0.1,0.0,0.2,0.2,0.6,0.0
v657,0.2,0.5,1.0,0.6,0.9,,0.2,0.8
v658,0.0,0.7,0.2,0.3,0.1,0.1,0.2,0.2
v659,0.8,0.0,0.0,0.0,0.2,0.0,0.0,0.0
v660,0.0,0.7,0.4,0.3,0.4,0.0,0.3,0.0
v661,0.0,1.0,0.7,0.4,0.3,0.1,0.4,0.4
v662,0.0,0.0,0.0,0.0,0.0,0.1,0.0,0.0
v663,0.4,0.7,0.6,0.3,0.4,0.4,0.7,0.7
v664,0.0,0.9,0.6,0.5,0.4,0.0,0.1,0.4
v665,1.0,0.0,0.4,0.0,0.3,0.6,0.3,0.1
v666,0.2,0.4,0.2,,,,0.0,0.4
v667,0.7,0.2,0.3,0.1,0.5,0.3,0.4,0.2
v668,0.0,0.8,0.8,0.8,0.8,0.0,0.0,0.8
v669,1.0,0.4,0.6,0.3,0.6,0.6,0.6,0.4
v670,0.2,0.3,0.9,0.2,0.1,0.2,0.2,0.2
v671,0.0,0.0,0.0,1.0,0.0,0.0,0.0,1.0
v672,0.0,0.3,1.0,0.5,0.5,0.1,0.3,0.6
v673,1.0,0.1,0.5,0.1,0.2,0.5,0.2,0.1
v674,1.0,0.1,0.4,0.1,0.6,0.5,0.9,0.1
v675,0.0,0.0,0.7,0.5,0.8,0.0,,0.4
v676,1.0,0.0,0.0,0.1,0.1,0.2,0.1,0.0
v677,0.1,0.9,0.8,0.7,0.7,0.6,0.1,0.6
v678,0.0,1.0,0.8,0.4,0.5,0.0,0.3,0.4
v679,0.0,1.0,0.6,0.6,0.4,0.0,0.0,0.5
v680,0.0,0.0,0.0,0.0,0.0,0.0,0.0,0.0
v681,0.7,0.4,,,0.4,,,
v682,0.9,0.1,0.4,0.2,0.4,0.4,0.7,0.3
v683,1.0,0.1,0.1,0.0,0.4,0.5,0.8,0.1
v684,0.9,0.2,0.3,0.1,0.2,0.2,0.2,0.2
v685,1.0,0.4,0.5,0.4,0.3,0.3,0.1,0.5
v686,0.0,0.9,1.0,0.9,0.5,0.0,0.0,0.5
v687,0.1,0.7,0.8,0.4,0.4,0.3,0.3,0.3
v688,1.0,0.1,0.6,0.3,0.7,0.6,0.7,
v689,0.5,0.3,0.4,0.5,0.4,0.4,0.1,0.3
v690,0.0,0.2,0.7,0.3,0.2,0.4,0.0,0.3
v691,0.8,0.4,0.3,0.0,0.0,0.2,0.2,0.0
v692,0.0,0.9,0.6,0.6,0.1,0.0,0.0,0.4
v693,0.1,0.4,0.6,0.2,0.4,0.3,0.4,0.3
v694,0.0,0.7,0.9,0.3,0.7,0.0,0.0,0.3
v695,0.0,0.9,1.0,0.9,1.0,0.0,0.0,0.9
v696,0.2,0.6,0.5,0.7,0.6,0.3,0.2,0.7
v697,0.1,0.5,0.5,0.5,0.3,0.1,0.5,0.5
v698,0.4,0.5,0.5,0.4,0.4,0.5,0.4,0.4
v699,0.0,0.9,0.9,0.4,0.5,0.3,0.0,0.5
v700,0.0,1.0,0.2,0.3,0.2,0.0,0.3,0.2
v701,0.3,0.8,0.4,0.5,0.6,0.4,0.8,0.5
v702,0.9,0.6,0.6,0.4,0.7,0.3,0.7,0.4
v703,0.0,0.7,0.6,0.4,0.0,0.1,0.7,0.6
v704,0.0,0.0,0.0,0.0,0.0,0.0,0.0,0.0
v705,1.0,0.1,0.2,0.0,0.3,0.2,0.3,0.2
v706,0.2,0.5,0.7,0.5,0.5,0.1,0.1,0.3
v707,1.0,0.1,0.1,0.1,0.0,0.2,0.5,0.1
v708,0.3,0.5,0.9,0.7,0.3,0.6,0.5,0.6
v709,0.4,0.4,0.3,0.6,0.3,0.5,0.3,0.4
v710,0.2,0.4,0.8,0.5,0.5,0.5,0.3,0.3
v711,0.0,0.8,0.6,0.8,0.5,0.0,0.5,0.8
v712,0.0,0.0,0.0,0.0,0.0,0.0,0.0,0.0
v713,0.1,0.0,0.1,0.0,0.0,0.1,0.0,0.1
v714,0.0,1.0,0.8,0.7,0.6,0.0,0.0,0.7
v715,0.9,0.2,0.5,0.0,0.5,0.6,0.8,0.0
v716,0.0,1.0,0.8,0.6,0.7,0.2,0.0,0.5
v717,0.4,0.5,0.4,0.3,0.4,0.4,0.3,0.5
v718,0.9,0.1,0.1,0.1,0.2,0.6,0.8,0.1
v719,1.0,0.0,0.1,0.2,0.6,0.2,0.6,0.3
v720,0.0,0.8,0.5,0.5,0.5,0.5,0.1,0.3
v721,0.0,0.7,0.5,0.4,,0.0,0.0,0.4
v722,0.9,0.0,0.0,0.1,0.3,0.3,0.3,0.1
v723,0.1,1.0,0.7,0.6,0.5,0.3,0.1,0.5
v724,0.5,0.3,0.6,0.3,0.3,0.6,0.3,0.3
v725,1.0,0.1,0.2,0.2,0.2,0.5,0.7,0.2
v726,0.4,0.2,0.4,0.3,0.4,0.2,0.3,0.2
v727,0.4,0.8,0.4,0.7,0.5,0.9,0.6,0.6
v728,0.0,0.4,0.5,0.1,0.0,0.2,0.0,0.1
v729,0.2,0.5,0.6,0.3,0.4,0.5,0.3,0.5
v730,1.0,0.0,0.2,0.4,0.4,0.8,1.0,0.2
v731,0.0,0.7,0.5,0.2,0.2,0.1,0.2,0.3
v732,0.0,0.8,0.8,0.9,0.5,0.0,0.0,0.9
v733,1.0,0.0,0.0,0.0,0.6,0.5,0.4,0.0
v734,0.3,0.7,0.8,0.8,0.8,0.4,0.2,0.7
v735,0.2,0.6,0.3,,,,,
v736,0.1,0.7,0.7,0.6,0.5,0.6,0.7,0.6
v737,0.7,0.0,0.5,0.2,0.4,0.3,0.4,0.1
v738,0.0,0.3,1.0,0.4,0.3,0.2,0.2,0.4
v739,0.8,0.0,,,,0.0,,0.0
v740,0.2,0.6,0.5,,,,,0.5
v741,0.3,0.6,0.7,0.5,0.8,0.2,0.2,0.5
v742,0.0,0.9,0.9,0.9,0.8,0.0,0.0,0.9
v743,0.0,1.0,1.0,0.6,0.7,0.0,0.5,0.7
v744,0.0,0.8,0.6,0.5,0.3,0.4,0.0,0.5
v745,0.1,0.9,0.7,0.8,0.6,0.0,0.0,0.9
v746,0.1,0.5,1.0,0.3,0.5,0.1,0.1,0.5
v747,0.1,0.6,,,,,,0.1
v748,1.0,0.0,0.6,0.1,0.3,0.6,0.6,0.2
v749,0.5,0.5,0.5,0.5,0.6,0.5,0.5,0.6
v750,0.2,0.7,0.7,0.7,0.6,0.2,0.5,0.7
v751,0.1,0.9,0.7,0.8,0.7,0.0,0.1,0.8
v752,0.6,0.0,0.1,0.2,0.0,0.3,0.3,0.2
v753,1.0,0.0,0.0,0.0,0.0,0.0,,0.0
v754,0.0,0.8,0.5,0.4,0.5,0.4,0.0,0.3
v755,0.0,0.4,0.9,0.2,0.2,0.0,0.0,0.2
v756,0.8,0.2,0.3,0.1,0.4,0.5,0.1,0.5
v757,1.0,0.1,0.2,0.0,0.5,0.6,0.8,0.1
v758,0.0,0.0,0.5,0.0,0.0,0.3,0.0,0.1
v759,0.2,0.8,0.6,0.2,0.0,0.4,0.2,0.4
v760,1.0,0.0,0.1,0.0,0.5,0.5,0.9,0.0
v761,0.9,0.1,0.6,0.2,0.3,0.3,0.9,0.3
v762,0.2,0.2,0.2,0.2,0.2,1.0,0.2,0.2
v763,0.2,0.6,0.5,0.3,0.2,0.5,0.2,0.4
v764,0.0,0.9,0.8,0.9,,0.0,,0.9
v765,0.0,0.8,0.7,0.4,0.5,0.3,0.0,0.4
v766,0.0,0.9,0.6,0.5,0.6,0.5,0.1,0.5
v767,0.2,0.3,0.6,0.2,0.1,0.0,0.1,0.1
v768,0.0,1.0,0.4,0.6,0.4,0.0,0.2,0.7
v769,0.1,0.5,0.7,0.4,0.3,0.3,0.3,0.4
v770,0.9,0.3,0.7,0.1,0.5,0.6,0.5,0.2
v771,0.0,0.8,1.0,0.8,0.8,0.0,0.0,0.8
v772,0.0,0.4,0.8,0.2,0.4,0.2,0.1,0.1
v773,0.1,0.8,0.5,0.5,0.5,0.5,0.1,0.5
v774,0.4,0.1,0.6,0.2,0.6,1.0,0.7,0.1
v775,1.0,0.0,0.0,0.0,0.0,0.0,0.0,0.0
v776,0.7,0.1,0.3,,,,0.2,
v777,0.3,0.8,0.6,,0.4,0.0,,
v778,0.4,0.7,0.2,0.2,0.2,0.1,0.5,0.1
v779,0.1,1.0,0.5,0.1,0.3,0.0,0.0,0.4
v780,0.6,0.5,0.5,0.5,0.4,0.6,0.5,0.5
v781,1.0,0.0,0.0,0.0,0.0,0.0,0.0,0.0
v782,1.0,0.0,0.2,0.0,0.3,0.6,0.6,0.0
v783,1.0,0.0,0.3,0.3,0.2,0.2,0.7,0.1
v784,0.2,0.7,0.5,0.4,0.4,0.2,0.2,0.4
v785,0.1,0.5,0.7,0.3,0.6,0.2,0.3,0.4
v786,0.9,0.1,0.1,0.4,0.4,0.7,0.6,0.4
v787,0.2,0.7,1.0,0.8,0.6,0.0,0.0,0.8
v788,0.0,0.0,0.0,0.5,0.0,0.4,0.0,0.0
v789,0.0,0.9,0.8,0.7,0.7,0.0,0.0,0.9
v790,0.1,0.8,0.2,,0.3,,,0.2
v791,1.0,0.0,0.0,0.0,0.0,0.0,0.0,0.0
v792,0.6,0.2,,,0.5,,,
v793,0.5,0.4,0.7,0.4,0.5,0.5,0.5,0.2
v794,0.3,1.0,0.7,0.4,0.3,0.6,0.2,0.0
v795,0.1,0.8,0.6,0.5,0.6,0.5,0.2,0.5
v796,0.0,1.0,0.7,0.5,0.5,0.0,0.4,0.5
v797,,,,,0.7,,,
v798,0.8,0.0,0.2,0.0,0.2,1.0,0.7,0.0
v799,0.0,0.6,0.3,0.0,0.0,0.0,0.0,0.0
v800,0.0,1.0,0.7,0.7,0.5,0.0,0.0,0.7
v801,0.5,0.5,0.5,0.5,0.7,0.7,0.7,0.4
v802,1.0,0.0,0.1,0.0,0.4,0.5,0.9,0.0
v803,0.7,0.8,0.7,0.8,0.8,0.7,0.8,0.8
v804,0.1,0.4,0.3,0.1,0.7,1.0,0.4,0.0
v805,0.7,0.5,0.4,0.1,0.5,0.5,0.6,0.3
v806,0.0,0.9,0.6,0.1,0.6,0.1,0.1,0.4
v807,0.0,1.0,0.7,0.7,0.3,0.2,0.3,0.8
v808,0.5,0.5,0.5,0.5,0.5,0.5,0.5,0.5
v809,0.6,0.0,0.0,0.0,0.0,0.0,0.0,0.0
v810,0.1,0.2,0.1,0.1,0.2,0.2,0.1,0.1
v811,1.0,0.2,0.3,,,,,0.2
v812,0.2,0.1,0.8,0.8,0.5,0.4,0.2,0.7
v813,0.6,0.7,0.7,0.8,0.7,0.6,0.6,0.9
v814,0.4,0.6,0.6,0.5,0.5,0.3,0.3,0.5
v815,0.0,0.8,0.8,1.0,0.7,0.2,0.3,1.0
v816,0.1,0.2,0.2,0.1,0.2,0.9,0.5,0.1
v817,0.9,0.1,0.1,0.1,0.1,0.5,0.7,0.1
v818,0.3,0.7,0.7,0.3,0.6,0.7,0.5,0.5
v819,0.1,0.6,0.7,0.6,0.6,0.1,0.1,0.6
v820,1.0,0.1,0.4,0.1,0.1,0.5,0.5,0.1
v821,0.9,0.1,0.1,0.1,0.1,0.4,0.3,0.1
v822,1.0,0.0,0.0,0.0,0.0,0.0,0.0,0.0
v823,0.0,0.1,0.4,1.0,0.2,0.0,0.0,1.0
v824,0.0,0.3,0.6,0.9,0.6,0.1,0.0,0.9
v825,0.2,1.0,0.4,0.5,0.3,0.0,0.4,0.3
v826,0.0,1.0,0.5,0.5,0.7,0.3,0.0,0.0
v827,0.3,0.2,0.6,0.2,1.0,0.2,0.3,0.2
v828,1.0,0.0,0.0,0.0,0.0,0.0,0.6,0.0
v829,0.3,0.4,0.6,0.6,0.6,0.5,0.4,0.6
v830,0.0,0.6,,,,0.4,,
v831,1.0,0.0,0.0,0.0,0.0,0.0,0.0,0.0
v832,0.1,0.9,0.6,0.5,0.6,0.3,0.1,0.5
v833,0.1,0.5,1.0,0.2,0.3,0.1,0.2,0.4
v834,1.0,0.0,0.4,0.1,0.4,0.2,0.2,0.1
v835,0.0,1.0,0.7,0.8,0.8,0.6,0.2,0.8
v836,0.0,0.5,0.5,0.8,0.4,0.0,0.0,0.6
v837,0.1,0.9,0.8,0.5,0.8,0.5,0.1,0.5
v838,0.2,0.3,0.3,0.3,0.2,0.3,0.3,0.2
v839,0.1,0.7,0.9,,,,,
v840,0.7,0.3,0.5,0.5,0.5,0.5,0.5,0.5
v841,,0.6,0.5,,0.4,,0.8,
v842,0.9,0.0,0.3,0.1,0.0,0.1,0.1,0.0
v843,1.0,0.1,0.3,0.1,0.1,0.7,0.8,0.1
v844,0.0,1.0,0.7,0.4,0.4,0.2,0.0,0.6
v845,0.2,0.8,0.5,0.5,0.6,0.0,0.2,0.5
v846,0.1,0.4,1.0,0.4,0.3,0.1,0.1,0.7
v847,0.0,1.0,0.0,0.0,0.0,0.0,0.0,0.0
v848,0.0,0.7,0.8,0.8,0.6,0.0,0.0,1.0
v849,0.0,0.5,0.9,0.2,0.4,0.0,0.4,0.4
v850,1.0,0.0,0.0,0.0,0.0,0.5,0.8,0.0
v851,0.1,0.4,0.7,0.2,0.9,0.1,0.1,0.3
v852,0.7,0.2,0.4,0.1,0.1,0.5,0.1,0.1
v853,0.0,1.0,0.5,0.5,0.5,0.0,0.3,0.3
v854,0.6,0.1,0.2,0.4,0.6,0.1,0.6,0.4
v855,0.8,0.1,0.1,0.1,0.1,0.1,0.6,0.1
v856,0.0,1.0,1.0,1.0,0.6,0.0,,1.0
v857,0.2,0.5,,0.2,,,0.4,
v858,0.0,0.7,0.7,0.6,0.4,0.0,0.0,0.6
v859,0.0,0.5,0.6,0.3,0.2,0.4,0.5,0.2
v860,0.0,1.0,0.7,0.7,0.8,0.2,0.0,0.7
v861,0.2,0.5,0.5,0.5,0.4,0.5,,0.5
v862,1.0,0.1,0.2,0.0,0.3,0.3,0.4,0.0
v863,0.0,0.9,0.8,0.8,0.5,0.0,0.0,0.7
v864,1.0,0.1,0.1,0.1,0.1,0.1,0.1,0.2
v865,0.6,0.3,0.2,0.3,0.4,0.7,0.3,0.4
v866,1.0,0.0,0.0,0.0,0.0,0.0,0.7,0.0
v867,0.2,0.2,0.7,0.2,1.0,0.1,0.1,0.3
v868,0.0,0.6,0.9,0.5,0.4,0.0,0.0,0.5
v869,0.0,0.8,0.6,0.6,0.6,0.0,0.0,0.6
v870,0.5,0.6,0.4,0.5,0.7,0.5,0.7,0.4
v871,1.0,0.0,0.1,0.1,0.5,0.5,0.5,0.2
v872,0.0,1.0,0.8,0.8,0.7,0.0,0.0,0.7
v873,0.8,0.1,0.4,0.2,0.6,0.2,0.1,0.2
v874,0.2,0.3,0.2,0.1,0.4,1.0,0.4,0.1
v875,0.7,0.2,0.4,0.2,,,,
v876,1.0,1.0,1.0,1.0,1.0,0.7,1.0,1.0
v877,0.0,0.8,0.4,0.2,0.2,0.0,0.0,0.3
v878,0.4,0.4,0.5,0.6,0.5,0.5,0.5,0.4
v879,0.8,0.1,,0.1,,0.3,0.2,
v880,0.0,0.6,0.6,0.4,0.4,0.5,0.3,0.5
v881,0.3,0.6,0.5,0.5,,,,
v882,1.0,0.0,0.2,0.0,0.3,0.4,0.5,0.0
v883,1.0,0.0,0.0,0.0,0.0,0.0,0.0,0.0
v884,0.8,0.2,0.1,0.4,0.3,0.1,0.1,0.4
v885,0.0,0.6,0.2,0.2,0.2,0.0,0.0,0.2
v886,0.0,1.0,0.4,0.4,0.3,0.0,0.2,0.5
v887,1.0,0.0,0.1,0.1,0.4,0.6,0.7,0.0
v888,1.0,0.1,0.1,0.0,0.5,0.8,0.9,0.0
v889,1.0,0.2,0.1,0.2,0.3,0.3,1.0,0.3
v890,0.0,0.0,0.0,0.0,0.0,0.0,0.0,0.0
v891,0.0,0.0,0.0,0.0,0.0,0.7,0.0,0.0
v892,1.0,0.0,0.4,0.0,0.5,0.5,0.5,0.3
v893,0.0,0.9,1.0,1.0,1.0,0.0,0.4,0.8
v894,0.2,0.7,0.6,0.7,0.3,0.2,0.3,0.7
v895,0.5,0.8,0.5,0.7,0.5,0.3,0.5,0.7
v896,0.2,0.7,0.6,0.7,0.6,0.2,0.5,0.6
v897,1.0,0.0,0.3,0.0,0.3,0.3,0.5,0.0
v898,0.3,0.8,0.5,0.5,0.4,0.3,0.1,0.3
v899,0.3,0.7,0.6,0.8,0.7,0.3,0.1,0.8
v900,0.2,0.7,0.4,,0.6,0.7,,
v901,0.2,0.9,1.0,0.4,0.6,0.5,,0.6
v902,0.1,0.7,0.7,0.9,0.6,0.1,0.1,0.9
v903,1.0,0.0,0.4,0.0,0.0,0.0,0.0,0.0
v904,0.6,,,0.6,0.7,0.6,0.4,0.5
v905,0.6,0.6,0.4,0.5,0.5,0.4,0.5,0.6
v906,0.0,0.0,0.0,0.0,0.0,0.0,0.0,0.0
v907,0.0,1.0,0.5,0.0,0.3,0.7,0.4,0.0
v908,0.6,0.3,1.0,0.4,0.5,0.0,0.4,0.5
v909,0.2,0.7,0.6,0.8,0.5,0.1,0.1,0.8
v910,0.9,0.9,0.1,0.2,0.5,0.2,0.3,0.2
v911,0.9,0.0,0.3,0.0,0.6,0.7,0.1,0.0
v912,0.0,1.0,0.7,0.7,0.7,0.0,,0.7
v913,0.0,1.0,0.8,0.5,0.6,0.0,0.0,0.5
v914,0.0,1.0,0.8,0.8,0.6,0.0,0.0,0.8
v915,0.6,0.1,0.1,0.1,0.3,0.1,0.3,0.1
v916,0.9,0.3,0.2,0.1,0.4,0.7,0.7,0.2
v917,0.1,0.9,0.6,0.4,0.4,0.3,0.5,0.3
v918,0.2,0.7,0.7,0.5,0.7,0.7,0.7,0.7
v919,0.1,0.7,0.4,0.5,0.4,0.0,0.4,0.5
v920,0.8,0.0,0.0,0.1,0.1,0.3,0.6,0.1
v921,1.0,0.1,0.1,0.2,0.1,0.1,0.1,0.2
v922,0.6,0.5,0.5,0.5,0.1,0.2,0.6,0.7
v923,0.0,0.4,0.3,1.0,0.5,0.0,0.0,1.0
v924,0.2,0.5,0.7,0.5,0.4,0.4,0.5,0.3
v925,0.0,0.0,0.0,0.0,,,,
v926,1.0,0.0,0.7,,0.4,0.6,,0.1
v927,1.0,0.1,0.4,0.0,0.0,0.6,0.5,0.0
v928,0.6,0.4,0.6,0.2,0.5,0.6,,
v929,1.0,0.0,0.0,0.0,0.0,0.0,0.6,0.0
v930,0.2,0.6,0.3,0.3,0.4,0.2,0.5,0.5
v931,0.0,1.0,0.8,0.9,0.8,0.0,0.2,0.6
v932,0.8,0.0,0.2,0.0,0.2,0.1,0.2,0.0
v933,0.9,0.3,0.6,0.3,0.5,,,0.5
v934,0.0,0.9,0.4,0.5,0.4,0.5,0.1,0.6
v935,1.0,0.0,0.0,0.0,0.0,0.0,0.0,0.0
v936,0.0,1.0,0.8,0.8,0.8,0.0,0.0,0.8
v937,0.0,0.9,0.8,0.5,0.5,0.4,0.0,0.1
v938,0.0,0.8,0.3,0.2,0.2,0.2,0.2,0.3
v939,1.0,0.0,0.2,0.1,0.1,0.1,0.0,0.1
v940,0.5,0.5,0.5,0.5,0.5,0.5,0.5,0.5
v941,0.1,0.8,0.6,0.3,0.3,0.0,0.0,0.3
v942,0.8,0.0,0.0,0.0,0.0,0.6,0.6,0.0
v943,1.0,0.1,0.1,0.0,0.5,0.1,0.8,0.0
v944,0.0,0.0,0.0,0.0,0.0,0.0,0.0,1.0
v945,0.1,1.0,1.0,0.4,0.6,0.0,0.1,0.5
v946,0.7,0.7,0.6,0.6,0.7,0.6,0.7,0.6
v947,1.0,0.2,0.3,0.3,0.1,0.0,0.2,0.1
v948,0.1,0.4,0.7,0.2,0.6,0.2,0.1,0.2
v949,0.3,0.5,0.4,0.7,0.6,0.5,0.5,0.5
v950,0.0,0.9,0.8,0.6,0.8,0.3,0.0,0.7
v951,0.0,0.0,0.0,0.0,0.0,0.1,,0.0
v952,0.0,0.9,0.9,0.9,0.3,0.0,0.4,0.9
v953,1.0,0.0,0.8,0.0,0.0,0.7,0.8,0.0
v954,0.2,0.5,0.7,0.4,0.4,0.7,0.4,0.4
v955,0.2,0.5,0.5,,,,,
v956,1.0,0.2,0.3,0.1,0.3,0.0,0.4,0.1
v957,0.0,0.0,0.5,0.4,,0.0,0.0,
v958,0.3,0.4,0.5,0.5,0.3,0.2,,0.5
v959,1.0,0.0,0.1,0.0,0.3,0.5,0.4,0.0
v960,0.1,0.9,0.4,0.8,0.4,0.1,0.0,0.4
v961,0.3,0.8,0.7,0.7,0.4,0.1,0.3,0.8
v962,0.2,0.9,0.8,0.3,0.4,0.3,0.2,0.4
v963,0.0,0.6,0.5,0.2,0.4,0.0,0.0,0.3
v964,0.0,0.8,0.8,0.9,,0.0,,0.9
v965,0.0,0.5,0.6,0.4,0.2,0.0,0.0,0.3
v966,0.0,0.3,0.3,0.2,0.3,0.4,0.2,0.2
v967,0.8,0.3,0.5,0.3,0.8,0.5,0.7,0.3
v968,0.1,0.7,0.6,0.8,0.5,0.2,,0.3
v969,0.0,1.0,0.7,0.0,0.0,0.0,0.1,0.0
v970,0.0,0.7,1.0,0.5,1.0,0.9,0.5,0.5
v971,1.0,0.0,0.1,0.0,0.0,0.1,0.1,0.0
v972,1.0,0.1,0.0,0.1,0.0,0.0,0.0,0.0
v973,0.0,0.0,0.0,0.0,0.0,0.0,1.0,0.0
v974,0.2,0.5,0.5,0.5,,0.5,0.5,0.5
v975,0.9,0.1,0.3,0.4,0.4,0.3,0.5,0.4
v976,0.7,0.0,0.4,0.3,0.2,1.0,0.8,0.3
v977,0.0,0.5,0.2,0.4,0.3,0.2,0.2,0.4
v978,0.9,0.1,0.3,0.1,0.5,0.6,0.4,0.1
v979,0.0,1.0,0.6,0.7,0.6,0.0,0.0,0.7
v980,0.1,1.0,0.7,0.5,0.6,0.2,0.4,0.4
v981,0.0,0.8,0.8,1.0,0.8,0.0,0.0,0.9
v982,0.1,0.3,0.3,0.4,0.3,0.1,0.2,0.2
v983,0.8,0.3,0.1,0.1,0.4,0.0,0.6,0.1
v984,0.3,0.8,0.7,0.4,0.7,0.0,0.2,0.3
v985,0.1,0.2,0.5,0.1,0.2,0.3,0.2,0.1
v986,0.5,0.4,0.5,0.4,0.6,0.7,,0.4
v987,0.9,0.3,0.3,0.3,0.3,0.3,0.3,0.3
v988,0.1,0.7,0.3,,,,,
v989,0.6,0.4,0.5,0.4,0.5,0.0,0.3,0.5
v990,0.3,0.4,0.4,0.4,0.4,0.1,0.1,0.0
v991,0.1,0.8,0.8,0.7,0.7,0.1,0.1,0.7
v992,0.7,0.4,0.4,0.2,0.4,0.4,0.3,0.3
v993,0.5,0.5,0.5,0.5,0.5,0.5,0.5,0.5
v994,0.1,0.4,1.0,0.3,0.7,0.0,0.0,0.6
v995,0.6,0.5,0.8,0.7,0.5,0.6,0.5,0.6
v996,0.6,0.9,0.2,0.6,0.4,0.2,0.6,0.5
v997,0.4,0.4,0.4,0.6,0.5,0.4,0.7,0.4
v998,0.5,0.3,0.3,0.3,0.3,0.3,0.3,0.3
v999,1.0,0.0,0.4,0.1,0.5,0.7,0.3,0.1
v1000,1.0,0.0,0.3,0.0,0.4,0.6,0.7,0.0
v1001,1.0,0.0,0.0,0.0,0.0,0.0,0.0,0.0
v1002,0.0,0.0,0.5,0.0,0.0,0.0,0.0,0.0
v1003,0.0,0.7,0.2,0.2,0.2,0.2,0.3,0.3
v1004,1.0,0.0,0.2,0.5,0.3,0.3,0.3,0.4
v1005,0.1,0.6,0.7,0.5,0.9,0.0,0.1,0.6
v1006,0.0,0.7,0.8,0.7,0.8,0.0,0.0,0.0
v1007,0.0,0.8,0.8,0.9,0.5,0.0,0.0,0.9
v1008,0.9,0.0,0.1,0.0,0.0,0.5,0.2,0.5
v1009,0.9,0.0,0.1,0.1,0.2,1.0,0.7,0.0
v1010,0.0,0.0,0.0,0.0,0.0,1.0,0.4,0.0
v1011,0.2,0.6,0.5,0.5,0.4,0.4,0.3,0.5
v1012,0.0,1.0,0.7,0.4,0.5,0.0,0.3,0.3
v1013,0.0,0.5,0.8,0.5,0.7,0.4,0.0,0.5
v1014,0.8,0.4,0.6,0.3,0.3,0.2,0.4,0.3
v1015,0.8,0.8,0.8,0.9,0.8,0.9,0.9,1.0
v1016,0.2,0.7,1.0,0.7,0.7,0.0,0.0,0.7
v1017,0.6,0.6,0.6,0.5,0.8,0.3,0.5,0.7
v1018,1.0,0.0,0.1,0.1,0.2,0.4,0.8,0.2
v1019,0.1,0.7,1.0,0.2,1.0,0.1,0.1,0.4
v1020,0.0,0.7,0.8,1.0,0.8,0.0,0.0,1.0
v1021,0.0,0.6,0.8,,0.7,0.0,,0.7
v1022,0.0,0.8,0.7,0.8,0.3,0.0,0.5,0.8
v1023,0.1,0.6,0.7,0.5,0.5,0.6,0.4,0.6
v1024,1.0,0.0,0.0,0.0,0.0,0.6,,0.0
v1025,0.3,0.2,0.2,0.0,0.4,0.3,0.8,0.0
v1026,0.1,0.6,0.9,0.4,0.7,0.2,0.3,0.5
v1027,0.9,0.4,0.2,0.2,0.5,0.1,0.5,0.2
v1028,0.1,0.8,0.7,0.7,0.8,0.7,0.1,0.7
v1029,0.0,0.7,0.9,0.6,0.3,0.0,0.0,0.6
v1030,1.0,0.0,0.0,0.0,0.3,0.5,,0.0
v1031,0.9,0.0,0.2,0.0,0.4,0.6,0.8,0.0
v1032,1.0,0.0,0.3,0.1,0.1,0.7,0.0,0.1
v1033,1.0,0.0,0.1,0.0,0.0,0.0,0.9,0.0
v1034,1.0,0.4,0.5,0.3,0.5,0.2,0.3,0.3
v1035,0.1,0.9,0.7,0.9,0.7,0.1,0.0,1.0
v1036,0.2,0.3,0.4,0.3,0.4,0.6,0.3,0.4
v1037,0.7,0.2,0.1,0.2,0.2,0.2,0.2,0.2
v1038,0.1,1.0,0.5,0.6,0.5,0.1,0.1,0.5
v1039,0.2,1.0,0.5,0.7,0.3,0.1,0.4,0.4
v1040,0.1,0.6,0.6,0.6,0.6,0.2,0.3,0.5
v1041,0.5,0.5,0.5,0.5,0.5,0.5,0.5,0.5
v1042,0.7,0.5,0.4,0.3,0.3,0.5,0.2,0.4
v1043,0.0,0.0,0.5,0.6,0.6,0.7,0.0,0.7
v1044,0.0,0.4,0.6,0.3,0.3,0.0,0.4,0.3
v1045,0.0,0.8,0.8,0.9,0.6,0.2,0.0,0.9
v1046,0.9,0.0,0.0,0.0,0.0,0.0,0.0,0.0
v1047,0.0,0.9,0.8,0.8,0.8,0.2,0.0,0.8
v1048,1.0,0.2,0.7,0.2,0.3,0.3,0.9,0.2
v1049,0.1,1.0,0.2,0.4,0.2,0.0,0.2,0.4
v1050,0.9,0.7,0.6,0.7,0.6,0.7,0.7,0.6
v1051,0.1,0.5,0.2,1.0,0.2,0.0,0.0,1.0
v1052,0.7,0.3,,,0.5,,,
v1053,0.2,0.7,0.9,0.6,0.4,0.5,0.2,0.7
v1054,0.1,0.4,0.7,0.1,0.3,0.3,0.1,0.2
v1055,0.1,0.9,0.9,0.9,0.9,0.0,0.0,0.9
v1056,0.5,0.1,0.2,0.2,0.4,0.2,0.2,0.2
v1057,0.0,0.8,1.0,0.9,0.8,0.1,0.0,0.8
v1058,1.0,0.7,0.2,0.1,0.2,0.3,0.4,0.3
v1059,0.0,0.8,0.5,0.3,0.3,0.4,0.2,0.4
v1060,0.0,0.9,0.6,0.7,0.4,0.2,0.0,0.7
v1061,0.0,0.8,0.6,0.6,0.6,0.4,0.0,0.6
v1062,0.1,1.0,0.7,0.6,0.7,0.2,0.1,0.7
v1063,1.0,0.1,0.1,0.1,0.1,0.1,0.1,0.1
v1064,0.0,0.8,1.0,0.7,0.6,0.1,0.0,0.7
v1065,0.3,0.6,0.5,0.5,0.6,0.4,0.3,0.5
v1066,0.0,0.0,0.0,0.0,0.0,0.0,0.0,0.0
v1067,0.1,1.0,0.8,,0.6,,,0.7
v1068,0.7,0.3,0.3,0.3,0.3,0.3,0.2,0.3
v1069,0.9,0.1,0.1,0.1,0.1,0.1,0.1,0.1
v1070,1.0,0.1,0.3,0.0,0.4,0.4,0.5,0.2
v1071,0.0,0.9,1.0,0.8,0.8,0.0,0.0,0.8
v1072,0.0,0.4,0.5,0.9,0.6,0.3,0.4,0.6
v1073,0.2,0.1,0.1,0.2,0.2,0.9,0.2,0.1
v1074,0.1,0.9,1.0,0.7,0.8,0.0,0.0,0.8
v1075,0.0,1.0,0.5,0.4,0.1,0.2,0.1,0.1
v1076,0.0,0.7,0.0,0.5,0.0,0.0,0.0,0.6
v1077,0.1,0.6,0.6,0.5,0.5,0.9,0.1,0.5
v1078,0.0,0.0,0.0,0.0,0.0,1.0,0.0,0.0
v1079,0.1,0.9,0.5,0.6,0.5,0.1,0.1,0.6
v1080,0.0,1.0,0.9,0.9,0.9,0.0,0.0,0.8
v1081,0.5,0.3,,0.1,,,0.1,0.2
v1082,0.0,1.0,0.4,0.3,0.1,0.2,0.2,0.2
v1083,0.0,0.8,1.0,0.8,0.6,0.4,0.2,0.7
v1084,0.5,0.2,0.3,0.1,0.4,0.2,0.7,0.2
v1085,0.2,0.5,0.4,0.5,0.4,0.4,0.3,0.4
v1086,0.3,0.7,0.7,0.8,0.7,0.5,0.7,0.7
v1087,0.6,0.0,0.0,0.0,0.3,1.0,0.6,0.0
v1088,0.0,1.0,0.5,0.5,0.7,0.5,0.0,0.4
v1089,1.0,0.0,0.1,0.1,0.1,0.1,0.1,0.1
v1090,0.0,0.7,0.7,0.7,0.7,0.0,0.7,0.7
v1091,0.7,0.2,0.1,0.2,0.3,0.5,0.6,0.2
v1092,1.0,0.0,0.0,0.0,0.3,0.1,0.6,0.0
v1093,1.0,0.0,0.3,0.0,0.3,0.0,0.7,0.0
v1094,1.0,0.0,0.4,0.2,0.5,0.8,0.7,0.2
v1095,0.8,0.8,0.8,0.8,0.8,0.8,0.7,0.8
v1096,0.5,,,,,,,
v1097,1.0,0.1,0.1,0.1,0.2,0.0,0.0,0.1
v1098,0.0,1.0,0.6,0.6,0.6,0.0,0.0,0.6
v1099,0.0,0.8,1.0,0.1,0.7,0.7,0.0,0.8
v1100,0.5,0.5,0.5,0.5,0.5,0.5,0.5,0.5
v1101,0.0,1.0,0.5,0.5,0.0,0.1,0.5,0.0
v1102,1.0,0.0,0.0,0.0,0.2,0.1,0.1,0.1
v1103,0.0,0.7,1.0,0.3,0.6,0.4,0.5,0.5
v1104,0.0,0.8,0.7,1.0,0.7,0.0,0.0,1.0
v1105,0.2,0.6,0.6,0.5,0.5,0.3,0.4,0.5
v1106,0.0,0.8,0.5,0.2,0.5,0.3,0.0,0.2
v1107,0.2,0.1,0.1,0.1,0.4,0.8,0.1,0.1
v1108,0.5,,,,,,,
v1109,0.5,0.3,,,,,0.5,
v1110,0.1,0.7,0.7,0.9,0.5,0.1,0.0,0.7
v1111,1.0,0.1,0.2,0.1,0.5,0.7,0.7,0.0
v1112,1.0,0.0,0.0,0.0,0.2,0.3,,0.0
v1113,0.0,0.0,0.0,0.0,0.0,0.0,0.0,0.0
v1114,0.4,0.1,,,,,,
v1115,0.1,0.9,1.0,0.7,0.7,0.3,0.1,0.8
v1116,0.7,0.0,0.2,0.3,0.2,0.5,0.2,0.3
v1117,0.5,0.2,0.3,0.1,0.5,0.2,0.4,0.1
v1118,1.0,0.0,0.2,0.1,0.4,0.2,0.5,0.4
v1119,0.0,1.0,0.7,0.7,0.5,0.1,0.4,0.4
v1120,0.1,1.0,0.6,0.6,0.5,0.3,0.1,0.5
v1121,1.0,0.1,0.4,0.1,0.5,0.2,0.5,0.2
v1122,0.0,1.0,1.0,1.0,0.9,0.0,0.0,1.0
v1123,1.0,0.5,0.0,0.2,0.2,0.3,0.5,0.2
v1124,0.4,0.0,0.0,0.1,0.4,0.2,0.6,0.4
v1125,0.5,0.7,0.8,0.6,0.6,0.6,0.7,0.7
v1126,0.8,0.4,0.5,0.5,0.5,0.5,0.5,0.5
v1127,0.7,0.0,0.1,0.0,0.3,0.1,0.6,0.1
v1128,0.2,0.9,0.7,0.7,0.7,0.2,0.6,0.8
v1129,0.5,0.3,0.6,0.4,0.4,0.7,0.3,0.6
v1130,0.3,0.4,0.4,0.4,0.5,0.4,0.3,0.4
v1131,1.0,0.2,0.7,0.1,0.6,0.7,0.5,0.2
v1132,1.0,0.0,0.2,0.3,0.0,0.8,0.2,0.1
v1133,0.0,0.4,0.8,1.0,0.6,0.0,0.1,1.0
v1134,0.0,0.9,1.0,0.9,0.7,0.0,0.0,0.9
v1135,0.5,0.0,0.0,0.1,0.1,0.4,0.5,0.0
v1136,0.2,0.3,0.7,0.5,0.6,0.3,0.5,0.6
v1137,0.9,0.0,0.0,0.0,0.0,0.0,0.6,0.0
v1138,0.0,1.0,0.8,0.8,0.7,0.1,0.0,0.8
v1139,1.0,0.0,0.1,0.0,0.2,0.2,0.9,0.0
v1140,0.6,,,,,,,
v1141,0.8,0.0,0.3,0.0,0.2,0.0,0.2,0.0
v1142,0.4,0.3,0.7,0.2,0.5,0.1,0.2,0.2
v1143,0.5,0.6,1.0,0.4,0.8,0.7,0.7,0.5
v1144,0.1,0.8,1.0,0.8,0.6,0.0,0.4,0.6
v1145,0.7,0.1,0.3,0.2,0.5,0.5,0.4,0.4
v1146,1.0,0.0,0.2,0.1,0.3,0.4,0.3,0.0
v1147,1.0,0.1,0.5,0.3,0.4,0.7,0.7,0.3
v1148,0.9,0.1,0.3,0.0,0.4,0.2,0.2,0.0
v1149,0.0,0.0,0.0,0.0,0.0,0.0,0.0,0.0
v1150,0.0,0.8,1.0,0.6,0.5,0.4,0.1,0.2
v1151,0.0,0.9,1.0,0.8,1.0,0.0,0.0,0.8
v1152,0.0,0.8,0.6,0.6,0.6,0.0,0.0,0.5
v1153,0.1,0.6,0.6,0.7,0.5,0.2,0.2,0.6
v1154,0.2,0.2,0.2,0.2,0.2,0.0,0.2,0.2
v1155,0.1,0.7,0.8,0.5,0.9,0.3,0.5,0.5
v1156,0.0,0.8,0.2,0.3,,0.7,,
v1157,0.0,0.6,0.8,0.2,0.7,0.2,,0.3
v1158,0.5,0.5,,,,,,
v1159,0.3,0.7,0.8,0.7,0.7,0.2,0.2,0.7
v1160,0.2,0.5,0.6,,,0.0,,
v1161,0.1,0.6,0.4,0.6,0.5,0.4,,0.5
v1162,1.0,0.1,0.0,0.0,0.1,0.2,0.1,0.1
v1163,0.3,0.7,0.6,0.4,0.4,0.1,0.6,0.5
v1164,0.0,0.3,0.7,0.6,0.3,0.6,0.4,0.4
v1165,0.0,0.9,0.6,0.4,0.4,0.8,0.2,0.2
v1166,0.0,0.8,0.4,0.2,0.8,0.0,0.0,0.2
v1167,0.0,1.0,1.0,1.0,1.0,1.0,0.0,1.0
v1168,0.0,0.8,0.2,0.1,0.1,0.2,0.2,0.2
v1169,0.8,0.5,0.5,0.5,0.5,0.3,0.5,0.5
v1170,0.0,1.0,0.7,0.6,0.7,0.0,0.0,0.6
v1171,0.0,0.9,0.8,0.7,0.4,0.3,0.0,0.1
v1172,1.0,0.0,0.0,,,,,0.0
v1173,0.1,0.8,0.6,0.9,0.8,0.2,0.1,0.8
v1174,0.1,0.3,1.0,0.1,0.1,0.1,0.1,0.1
v1175,0.2,0.6,0.8,0.5,0.5,0.2,0.5,0.5
v1176,1.0,0.0,0.1,0.0,0.2,0.3,0.3,0.0
v1177,0.0,0.8,0.8,0.8,0.4,0.0,,0.8
v1178,0.9,0.0,0.8,0.1,0.5,0.4,0.4,0.7
v1179,0.0,0.9,1.0,0.6,0.4,0.7,0.3,0.5
v1180,0.0,1.0,0.4,0.5,0.5,0.0,0.0,0.4
v1181,0.5,0.5,0.5,0.5,0.5,0.5,0.5,0.5
v1182,0.2,0.9,0.8,0.6,0.1,0.2,0.2,0.7
v1183,0.1,0.8,0.5,0.5,0.5,0.5,0.5,0.5
v1184,0.2,0.2,0.2,,0.2,,,
v1185,1.0,0.3,0.2,0.4,0.4,0.4,0.3,0.4
v1186,1.0,0.0,0.1,0.0,0.1,0.1,0.6,0.0
v1187,0.0,1.0,1.0,1.0,0.0,0.0,0.0,0.6
v1188,0.7,0.5,0.7,0.6,0.3,0.8,0.6,0.8
v1189,0.0,1.0,0.8,0.5,0.4,0.5,0.4,0.5
v1190,0.5,0.5,0.3,0.4,0.6,0.5,0.5,0.4
v1191,0.9,0.0,0.0,0.0,0.0,0.0,0.0,0.0
v1192,0.7,0.3,0.4,0.2,0.6,0.5,0.7,0.4
v1193,0.9,0.6,0.6,0.7,0.7,0.6,0.6,0.7
v1194,0.0,0.7,0.6,0.7,0.6,0.1,0.1,0.8
v1195,0.4,0.9,0.8,0.8,0.8,0.9,0.9,0.8
v1196,1.0,0.0,0.1,0.0,0.5,0.1,0.6,0.1
v1197,0.9,0.2,0.2,0.0,0.7,0.5,0.4,0.1
v1198,1.0,0.1,0.1,0.1,0.1,0.6,0.8,0.1
v1199,0.5,0.5,0.7,0.4,0.6,0.5,0.4,0.6
v1200,0.0,0.7,0.3,0.2,0.1,0.0,0.2,0.1
v1201,0.3,0.8,0.7,0.2,0.5,0.6,0.2,0.2
v1202,0.0,0.4,0.6,0.2,0.3,0.9,0.5,0.3
v1203,0.1,0.7,0.5,0.4,0.5,0.3,0.2,0.3
v1204,0.0,1.0,0.5,0.3,0.7,0.0,0.5,0.4
v1205,0.2,0.2,0.2,0.2,0.3,0.3,0.2,0.2
v1206,0.0,1.0,0.5,0.4,0.3,0.1,0.1,0.5
v1207,0.5,0.3,0.3,0.3,,0.7,,0.3
v1208,1.0,0.0,0.2,0.0,0.3,0.0,1.0,0.0
v1209,0.0,0.6,0.6,0.8,0.6,0.0,0.1,0.5
v1210,0.8,0.4,0.8,0.4,0.5,0.4,0.6,0.3
v1211,0.9,0.1,0.3,0.1,0.3,0.5,0.6,0.2
v1212,1.0,0.1,0.3,0.0,0.5,0.4,0.2,0.0
v1213,0.3,0.7,0.5,0.7,0.3,0.1,0.3,0.5
v1214,0.3,0.7,0.8,0.5,0.4,0.4,0.4,0.4
v1215,0.1,0.8,0.8,0.8,0.9,0.2,0.2,0.9
v1216,0.0,0.9,0.0,0.0,0.0,0.0,0.0,0.0
v1217,0.8,0.2,0.3,0.1,0.6,0.5,0.5,0.1
v1218,0.8,0.1,0.1,0.1,0.5,0.7,0.6,0.1
v1219,0.3,0.1,0.5,0.4,0.2,0.1,0.2,0.3
v1220,0.0,0.9,0.7,0.7,0.7,0.1,0.0,0.7
v1221,0.1,,,,,,,
v1222,0.1,0.7,0.3,0.4,0.3,0.3,0.2,0.4
v1223,0.1,0.3,,0.6,,0.0,0.2,0.7
v1224,0.9,0.1,0.3,0.4,0.4,0.6,0.6,0.5
v1225,0.0,0.8,0.2,0.0,0.3,0.2,0.3,0.0
v1226,0.7,0.1,0.1,0.2,0.6,0.2,,0.2
v1227,0.1,0.1,0.1,0.1,0.1,0.1,0.1,0.1
v1228,0.3,0.8,0.6,0.6,0.5,0.5,0.5,0.6
v1229,0.9,0.1,0.1,0.1,0.4,0.2,0.2,0.2
v1230,0.0,0.9,0.7,0.6,0.7,0.1,0.0,0.6
v1231,1.0,0.1,0.6,0.2,0.3,0.2,0.3,0.1
v1232,0.0,1.0,0.8,0.9,0.7,0.0,0.0,0.4
v1233,0.0,0.7,0.1,0.9,0.5,0.0,0.1,1.0
v1234,0.2,0.2,0.3,0.1,0.4,0.9,,0.1
v1235,0.0,0.7,0.6,0.6,0.6,0.4,0.6,0.6
v1236,0.0,1.0,0.7,0.1,0.0,0.0,0.0,0.1
v1237,0.0,0.6,1.0,0.7,0.8,0.0,0.6,0.7
v1238,1.0,0.0,0.1,0.0,0.3,0.0,0.6,0.0
v1239,0.0,0.7,0.7,0.7,0.6,0.0,0.5,0.7
v1240,0.1,0.9,0.7,0.4,0.4,0.4,0.4,0.2
v1241,0.0,0.9,0.8,0.8,0.5,0.0,0.0,0.6
v1242,0.0,1.0,0.4,0.3,0.2,0.1,0.1,0.4
v1243,0.4,0.5,0.5,0.5,0.4,0.4,0.5,0.4
v1244,0.4,0.7,0.6,0.5,0.5,0.4,0.5,0.3
v1245,0.9,0.0,0.1,0.1,0.0,0.0,0.6,0.1
v1246,0.5,0.1,0.1,0.1,0.1,0.5,0.4,0.1
v1247,0.4,0.3,,,0.3,,,
v1248,0.0,0.5,1.0,1.0,0.5,0.0,,0.5
v1249,0.0,1.0,0.1,0.2,0.0,0.0,0.0,0.0
v1250,0.7,0.1,0.3,0.3,0.4,0.4,0.2,0.5
v1251,0.0,0.5,0.6,0.3,0.5,0.1,0.0,0.3
v1252,0.3,0.2,0.8,0.6,0.3,0.5,0.3,0.6
v1253,0.0,0.6,0.0,0.0,0.2,0.1,0.3,0.0
v1254,0.8,0.2,0.2,,0.4,,,
v1255,0.6,0.4,0.2,0.2,0.3,0.2,0.2,0.2
v1256,0.5,0.0,0.2,0.2,,0.9,,
v1257,0.0,0.8,0.7,0.5,0.5,0.0,0.0,0.5
v1258,0.0,0.6,0.6,0.5,0.5,0.2,0.1,0.5
v1259,0.1,0.8,0.6,0.7,0.4,0.1,0.1,0.7
v1260,0.1,0.3,,,0.2,,,
v1261,0.0,1.0,0.9,0.6,0.9,0.7,0.4,0.4
v1262,1.0,0.0,0.5,0.2,0.4,1.0,0.3,0.2
v1263,0.2,0.6,0.9,0.6,0.8,0.2,0.1,0.7
v1264,0.0,0.8,1.0,0.8,0.9,0.0,0.0,0.8
v1265,0.0,0.6,0.7,0.5,,0.0,,0.5
v1266,1.0,0.0,0.0,0.0,0.0,0.0,0.0,0.0
v1267,0.2,0.8,0.7,0.6,0.5,0.2,0.3,0.6
v1268,0.0,1.0,0.9,1.0,0.7,0.0,0.0,1.0
v1269,0.0,0.6,0.9,1.0,0.4,0.0,0.6,1.0
v1270,0.1,0.8,0.7,0.3,0.6,0.1,,0.4
v1271,0.0,1.0,0.5,0.5,0.4,0.0,0.5,0.6
v1272,1.0,0.0,0.4,0.2,0.1,0.7,0.6,0.1
v1273,1.0,0.0,0.0,0.0,0.0,0.0,0.9,0.0
v1274,0.0,0.7,0.1,0.2,0.1,0.0,0.0,0.3
v1275,0.4,0.6,0.4,0.4,0.5,0.4,0.5,0.8
v1276,0.5,0.3,,,0.1,,,
v1277,0.3,0.3,0.3,0.2,0.5,0.9,0.2,0.2
v1278,0.0,1.0,0.7,0.5,0.6,0.0,0.5,0.6
v1279,0.7,0.5,0.6,0.7,0.7,0.6,0.5,0.8
v1280,0.6,0.3,0.4,0.5,0.6,0.6,0.5,0.4
v1281,0.2,0.7,0.4,0.5,0.5,0.4,0.1,0.5
v1282,0.5,0.8,0.3,0.8,0.7,0.7,0.9,0.9
v1283,0.4,0.5,0.6,0.7,0.6,0.4,0.6,0.7
v1284,1.0,0.0,0.3,0.1,0.3,0.2,0.8,0.1
v1285,1.0,0.0,0.0,0.0,0.0,0.0,0.9,0.0
v1286,0.1,0.4,0.6,1.0,0.3,0.1,0.3,1.0
v1287,0.5,0.7,0.6,0.5,0.5,0.5,0.4,0.3
v1288,1.0,0.0,0.5,0.3,0.4,0.3,0.8,0.2
v1289,1.0,0.0,0.1,0.1,0.1,0.1,,0.1
v1290,0.0,1.0,0.5,0.4,0.2,0.0,0.3,0.6
v1291,0.8,0.1,0.5,0.5,0.5,0.5,0.5,0.5
v1292,0.7,0.1,0.1,0.0,0.1,0.9,0.4,0.0
v1293,1.0,0.3,0.5,0.4,0.5,0.3,0.6,0.3
v1294,0.7,0.5,0.8,0.4,0.8,0.5,0.6,0.9
v1295,0.7,0.4,0.4,0.2,0.5,0.5,,
v1296,0.3,0.7,0.9,0.3,0.4,0.3,0.4,0.5
v1297,1.0,0.0,0.0,0.0,0.0,0.0,0.0,0.0
v1298,0.0,0.9,0.7,0.9,0.4,0.0,0.2,0.7
v1299,1.0,0.0,0.0,0.0,0.1,0.1,0.2,0.2
v1300,0.0,0.4,0.6,1.0,0.6,0.0,0.0,1.0
v1301,1.0,0.0,0.2,0.0,0.4,0.3,0.9,0.0
v1302,0.0,1.0,1.0,1.0,0.9,0.9,0.2,1.0
v1303,0.2,,0.5,,,0.5,,
v1304,0.0,0.7,0.6,1.0,0.3,0.0,0.0,1.0
v1305,0.4,0.0,0.0,0.0,0.0,0.3,0.0,0.0
v1306,0.5,0.3,0.3,0.5,0.5,0.5,0.3,0.5
v1307,0.1,1.0,0.6,0.5,0.6,0.3,0.1,0.3
v1308,0.0,0.0,,,,,,
v1309,0.0,0.0,0.1,0.1,0.1,1.0,,0.1
v1310,0.1,0.9,0.7,0.7,0.7,0.2,,0.7
v1311,0.5,0.7,0.7,0.6,0.7,0.5,0.5,0.7
v1312,0.0,1.0,0.0,0.0,0.0,0.2,0.0,0.0
v1313,0.6,,0.5,,0.6,0.4,,
v1314,1.0,0.4,0.4,,0.5,,,
v1315,0.6,0.2,0.2,0.0,0.1,0.0,0.0,0.0
v1316,1.0,0.0,0.0,0.0,0.0,0.0,0.0,0.0
v1317,1.0,0.0,0.0,0.0,0.0,0.0,0.0,0.0
v1318,0.9,1.0,1.0,0.7,0.6,0.5,0.7,0.7
v1319,0.7,0.4,,,,,,
v1320,0.7,0.8,0.6,0.6,0.7,0.5,0.6,0.7
v1321,1.0,0.1,0.2,0.3,0.2,0.3,0.7,0.1
v1322,0.7,0.6,0.4,0.5,0.5,0.4,0.6,0.5
v1323,0.5,0.4,0.4,0.1,0.3,0.3,0.1,0.3
v1324,0.9,0.8,0.8,0.7,0.8,0.7,0.8,0.7
v1325,0.0,0.8,0.7,0.9,0.9,0.3,0.0,0.8
v1326,0.2,0.9,,,0.8,,,
v1327,1.0,0.0,0.3,0.4,0.3,0.5,0.8,0.2
v1328,1.0,0.0,0.0,0.0,0.3,0.0,0.7,0.0
v1329,0.7,0.0,0.3,0.2,0.5,,,0.2
v1330,0.0,0.0,0.0,0.0,0.0,0.0,0.0,0.0
v1331,0.0,0.4,0.4,0.3,0.2,0.0,0.0,0.5
v1332,0.2,0.5,0.5,1.0,0.5,0.0,0.2,1.0
v1333,0.0,1.0,0.5,0.4,0.5,0.0,,0.4
v1334,0.9,0.0,,,0.3,,,
v1335,0.4,0.4,0.8,0.6,0.5,0.4,0.5,0.7
v1336,0.0,0.0,0.0,0.0,0.0,1.0,0.0,0.0
v1337,1.0,0.0,0.2,0.0,0.4,0.9,0.9,0.0
v1338,0.0,0.8,1.0,0.8,0.8,0.0,0.0,0.8
v1339,0.0,0.7,0.5,0.5,0.5,0.0,0.0,0.6
v1340,0.0,0.9,0.9,0.9,0.3,0.0,,0.9
v1341,0.0,0.6,0.8,0.7,,0.0,,0.7
v1342,0.0,0.0,0.0,0.0,0.0,0.6,0.0,0.0
v1343,1.0,0.0,0.2,0.0,0.6,0.3,0.7,0.0
v1344,1.0,0.1,0.2,0.3,0.2,0.3,0.3,0.2
v1345,0.1,0.9,0.6,0.1,0.1,0.1,0.1,0.1
v1346,0.6,0.2,0.1,0.2,0.4,0.2,0.4,0.1
v1347,0.3,0.9,0.6,0.5,0.4,0.2,0.2,0.6
v1348,0.0,0.7,0.9,0.4,0.8,0.0,0.0,0.4
v1349,0.2,0.6,1.0,0.2,0.3,0.1,0.4,0.5
v1350,0.0,0.8,0.8,0.6,0.8,0.1,0.0,0.5
v1351,0.1,1.0,0.7,0.6,0.4,0.4,0.3,0.7
v1352,1.0,0.0,0.2,0.2,0.1,0.4,0.2,0.3
v1353,0.0,1.0,0.8,0.9,0.8,0.0,0.0,0.8
v1354,0.8,0.2,0.5,0.3,0.3,0.3,0.5,0.3
v1355,0.0,1.0,0.0,0.0,0.0,0.0,0.0,0.0
v1356,0.0,1.0,0.6,0.5,0.4,0.0,0.0,0.5
v1357,1.0,0.0,0.0,0.0,0.0,0.0,0.7,0.0
v1358,0.2,0.7,0.8,,,,,0.5
v1359,0.0,1.0,0.7,0.6,0.7,0.1,0.0,0.6
v1360,0.2,0.6,0.4,0.9,0.5,0.0,0.1,0.7
v1361,0.5,0.5,0.5,0.5,0.5,0.5,0.4,0.5
v1362,0.5,0.5,0.5,0.6,0.5,0.6,0.4,0.5
v1363,0.2,0.8,0.8,0.7,0.3,0.1,0.6,0.6
v1364,0.0,0.8,1.0,0.5,0.3,0.2,0.3,0.6
v1365,0.3,0.4,0.3,0.4,0.3,0.4,0.3,0.1
v1366,0.0,0.4,0.4,0.3,0.4,0.4,0.4,0.4
v1367,0.0,1.0,0.7,0.7,0.7,0.5,0.0,0.7
v1368,0.7,0.5,0.8,0.7,0.5,0.6,0.8,0.7
v1369,0.0,0.9,1.0,0.7,0.7,0.0,0.6,0.6
v1370,0.1,0.9,0.5,0.5,0.4,0.5,0.5,0.5
v1371,0.7,0.0,0.2,0.0,0.3,0.0,0.0,0.5
v1372,0.0,1.0,0.5,0.6,0.1,0.0,0.1,0.6
v1373,1.0,0.1,0.3,0.2,0.6,0.1,0.4,0.3
v1374,0.7,0.0,0.5,0.1,0.5,0.1,0.4,0.1
v1375,0.0,1.0,0.3,0.5,0.6,0.3,0.5,0.4
v1376,0.0,1.0,0.5,0.5,0.7,0.0,0.2,0.5
v1377,0.0,1.0,0.3,0.6,0.4,0.0,0.0,0.3
v1378,0.0,0.5,0.6,1.0,0.1,0.0,0.0,0.9
v1379,0.0,0.8,0.7,0.4,0.5,0.0,0.0,0.7
v1380,0.8,0.4,,,,,0.7,
v1381,0.0,0.0,0.0,0.0,0.0,0.2,0.0,0.0
v1382,0.2,0.1,0.1,0.0,0.1,1.0,0.1,0.0
v1383,0.1,0.8,0.8,0.3,0.3,0.1,0.5,0.7
v1384,0.8,0.0,0.1,0.1,0.3,0.3,,0.0
v1385,0.0,1.0,0.7,0.5,0.2,,,
v1386,0.9,0.2,0.5,0.2,0.4,0.4,0.7,0.2
v1387,0.9,0.0,0.0,0.0,0.0,0.0,0.0,0.0
v1388,0.5,0.6,0.6,0.6,0.6,0.8,0.4,0.5
v1389,0.1,0.5,0.7,0.3,0.4,0.2,0.2,0.3
v1390,0.3,0.2,0.6,0.5,0.4,0.5,0.5,0.5
v1391,0.0,0.8,0.5,0.5,0.5,0.0,0.0,0.5
v1392,0.2,0.5,0.5,0.5,0.4,0.4,0.2,0.5
v1393,0.7,0.6,0.6,0.6,0.5,0.1,0.4,0.6
v1394,0.8,0.1,0.6,0.4,0.5,0.3,0.5,0.2
v1395,0.2,0.8,0.8,0.3,0.2,0.2,0.2,0.8
v1396,0.2,0.4,0.7,0.3,0.5,0.2,0.2,0.4
v1397,0.0,1.0,0.9,1.0,0.5,0.5,0.3,0.9
v1398,0.0,0.7,0.6,0.7,0.3,0.0,0.2,0.7
v1399,0.1,0.8,0.8,0.7,0.5,0.3,0.4,0.3
v1400,1.0,0.3,0.3,0.2,0.5,0.0,0.3,0.2
v1401,1.0,0.0,,,0.5,,,
v1402,0.1,0.1,0.1,0.0,0.1,1.0,0.1,0.0
v1403,0.0,0.0,0.0,0.0,0.0,1.0,0.0,0.0
v1404,0.1,1.0,0.8,0.4,0.6,0.9,0.4,0.3
v1405,1.0,0.9,0.6,0.6,0.7,0.3,0.3,0.6
v1406,0.1,0.1,0.2,0.1,0.1,0.2,0.1,0.1
v1407,0.1,0.9,0.8,0.6,,0.3,,0.6
v1408,0.1,0.5,0.5,0.1,0.1,0.1,0.1,0.1
v1409,0.4,0.3,0.3,0.7,0.4,0.5,0.2,0.3
v1410,0.0,0.7,0.3,0.4,0.3,0.0,0.2,0.4
v1411,0.0,0.7,0.9,1.0,0.2,0.0,0.1,0.5
v1412,1.0,0.4,0.3,0.0,0.3,0.1,0.8,0.0
v1413,0.7,0.5,0.6,0.4,0.7,,,0.4
v1414,0.1,0.8,0.9,0.1,0.6,0.1,0.1,0.3
v1415,0.5,0.5,,,0.5,,,
v1416,1.0,0.0,0.0,0.0,0.5,0.2,0.7,0.1
v1417,1.0,0.0,0.1,0.1,0.5,0.1,0.7,0.1
v1418,0.4,0.1,0.3,,0.1,0.3,0.2,0.1
v1419,0.9,0.1,0.1,0.2,0.3,0.2,0.8,0.1
v1420,0.2,0.7,0.5,0.8,0.5,0.0,0.0,0.6
v1421,0.3,0.5,0.4,0.4,0.4,0.6,0.5,0.5
v1422,0.0,0.7,0.9,0.7,0.6,0.9,0.0,0.7
v1423,0.1,0.3,0.9,0.4,0.2,0.4,0.3,0.5
v1424,1.0,0.1,0.1,0.1,0.4,0.6,0.8,0.1
v1425,0.0,0.7,1.0,0.5,0.6,0.0,0.0,0.6
v1426,0.2,0.6,0.6,0.7,0.6,0.3,0.2,0.7
v1427,0.2,0.5,1.0,0.6,0.5,0.0,0.0,0.4
v1428,1.0,0.0,0.5,0.2,0.3,0.5,0.8,0.3
v1429,0.0,0.8,0.9,0.5,0.7,0.0,0.0,0.5
v1430,0.3,0.7,0.7,0.3,0.4,0.3,0.4,0.4
v1431,0.0,0.4,0.5,0.3,0.1,0.7,0.0,0.0
v1432,0.0,0.7,1.0,0.7,0.8,0.1,0.0,0.5
v1433,1.0,0.0,0.4,0.1,0.3,0.5,0.7,0.1
v1434,0.0,0.9,0.7,0.7,0.5,0.0,0.2,0.9
v1435,0.0,0.8,0.2,0.4,0.4,0.2,0.4,0.4
v1436,0.0,0.5,0.5,0.3,1.0,0.3,0.0,0.3
v1437,0.0,0.6,0.6,0.9,0.5,0.1,0.0,0.9
v1438,0.0,0.5,1.0,1.0,0.6,0.1,0.1,0.5
v1439,0.5,0.5,0.5,0.7,0.5,0.0,0.1,0.5
v1440,1.0,0.0,0.0,0.0,0.1,0.0,0.0,0.0
v1441,0.8,0.2,0.3,0.3,0.3,0.6,0.5,0.2
v1442,0.3,0.8,0.8,0.6,0.7,0.1,0.0,0.6
v1443,0.4,0.3,0.6,0.2,0.7,0.6,0.5,0.2
v1444,1.0,0.0,0.3,0.5,0.5,0.0,0.5,0.0
v1445,0.8,0.3,0.5,0.4,0.3,0.5,0.3,0.3
v1446,0.9,0.0,0.1,0.0,0.1,0.7,0.3,0.0
v1447,1.0,0.0,0.0,0.0,0.0,0.0,0.0,0.0
v1448,0.1,0.2,0.6,0.2,0.4,0.4,0.3,0.2
v1449,0.0,0.1,0.0,0.1,0.1,0.0,0.0,0.0
v1450,0.1,0.9,0.6,0.3,0.4,0.3,0.5,0.2
