,A,B,C,D,E,F
v1,0.0,0.0,0.8,,,0.0
v2,0.9,0.0,0.0,0.2,0.9,0.7
v3,0.0,0.6,0.8,0.0,0.0,0.0
v4,0.0,0.0,0.0,0.0,0.0,0.0
v5,1.0,0.2,0.0,0.0,0.0,0.2
v6,0.5,0.0,0.0,0.0,0.0,0.0
v7,0.3,0.0,0.0,0.8,0.0,0.0
v8,0.0,0.0,0.0,0.0,0.0,0.0
v9,0.0,0.2,0.2,0.2,0.0,0.1
v10,0.7,0.0,0.0,0.9,,
v11,0.2,0.7,0.1,0.1,0.2,0.3
v12,0.7,0.4,0.6,0.3,0.9,0.1
v13,0.0,0.0,0.0,0.0,0.0,0.0
v14,0.3,0.4,0.3,,,
v15,0.0,0.4,0.6,0.0,0.0,0.0
v16,0.4,0.2,0.1,0.1,0.6,0.5
v17,0.6,0.5,0.3,0.2,0.4,0.2
v18,0.4,0.2,0.0,0.0,0.0,0.4
v19,0.3,0.1,0.0,0.0,0.0,0.7
v20,0.5,0.2,0.1,0.0,0.6,1.0
v21,0.0,0.0,0.0,0.0,0.3,0.0
v22,0.0,0.9,0.0,0.1,0.0,0.3
v23,0.6,0.4,0.1,0.1,0.3,0.4
v24,0.0,0.5,0.5,0.2,0.0,0.0
v25,0.2,0.5,0.2,0.3,0.6,0.5
v26,0.0,0.0,0.0,1.0,0.0,0.0
v27,0.7,0.0,0.0,0.0,0.0,0.1
v28,0.0,0.0,0.0,0.0,0.0,0.0
v29,0.4,0.0,0.0,0.0,0.7,0.2
v30,0.0,0.9,0.0,0.0,0.1,0.3
v31,0.0,0.7,0.7,0.0,0.0,0.0
v32,0.1,1.0,0.6,0.9,0.6,0.3
v33,0.2,0.2,0.1,0.1,0.3,0.2
v34,0.4,0.2,0.1,0.1,0.1,0.2
v35,0.2,0.0,0.0,1.0,0.0,0.0
v36,0.1,0.8,0.3,0.3,0.6,0.4
v37,0.3,0.2,0.0,0.0,0.3,0.2
v38,1.0,0.0,0.0,0.0,0.1,0.1
v39,0.6,0.2,0.4,0.6,0.4,0.3
v40,0.0,0.3,0.0,0.0,0.1,0.3
v41,0.0,0.0,0.0,0.0,1.0,0.0
v42,0.0,0.0,0.0,0.0,0.0,0.0
v43,1.0,0.0,0.0,0.0,0.0,0.0
v44,1.0,0.0,0.0,0.0,0.0,0.0
v45,,0.0,0.0,0.2,0.0,
v46,0.0,0.2,1.0,0.0,0.0,0.0
v47,0.0,0.0,1.0,0.0,0.0,0.0
v48,0.4,0.0,0.8,0.0,0.0,0.0
v49,0.9,0.1,0.0,0.0,0.7,1.0
v50,0.2,0.2,0.3,0.8,0.0,0.3
v51,0.8,0.0,0.0,0.1,0.1,0.6
v52,0.0,0.0,0.8,0.0,0.0,0.0
v53,0.0,0.0,1.0,0.0,0.0,0.0
v54,0.0,0.0,0.0,0.0,0.0,0.0
v55,1.0,0.0,0.0,0.7,0.0,0.2
v56,0.0,0.0,0.0,0.0,0.0,0.0
v57,0.7,0.0,0.0,0.0,0.2,0.1
v58,0.0,0.0,0.8,0.0,0.0,0.0
v59,0.2,0.7,0.0,0.1,0.3,0.4
v60,0.0,0.2,0.0,0.0,0.0,0.0
v61,1.0,0.2,0.0,0.0,0.0,0.0
v62,0.7,0.3,0.1,0.2,0.2,0.3
v63,0.1,0.3,0.0,0.0,0.0,0.1
v64,0.3,0.6,0.1,0.1,0.1,0.2
v65,,,,0.7,,
v66,0.3,0.3,0.1,0.1,0.3,0.4
v67,0.8,0.0,0.0,1.0,0.0,0.9
v68,0.5,0.2,0.0,,,
v69,0.6,0.0,0.0,0.0,0.0,0.6
v70,0.1,0.1,0.6,0.2,0.3,0.4
v71,0.0,0.6,1.0,0.0,0.0,0.0
v72,0.4,0.8,0.6,0.7,0.7,0.4
v73,0.1,0.1,0.8,0.3,0.0,0.0
v74,0.3,0.3,0.0,0.9,0.0,0.0
v75,0.4,0.2,0.2,0.4,0.1,0.3
v76,,,0.0,0.0,,
v77,0.3,0.0,0.0,0.0,0.9,0.4
v78,0.8,0.8,0.0,0.2,0.1,0.2
v79,,0.0,0.0,0.1,0.0,0.9
v80,0.5,0.6,0.1,0.2,0.3,0.2
v81,0.0,0.0,1.0,0.0,0.0,0.0
v82,0.1,0.1,0.1,0.1,0.1,0.1
v83,0.0,0.0,0.0,0.4,0.0,0.0
v84,0.0,0.9,0.0,0.0,0.0,0.0
v85,0.5,0.5,0.5,0.5,0.5,0.5
v86,0.0,0.0,0.0,0.0,0.6,0.0
v87,0.3,0.5,0.8,0.7,0.4,0.4
v88,0.0,0.2,0.0,0.8,0.0,0.0
v89,0.2,0.1,0.2,0.0,0.0,0.1
v90,0.1,0.3,0.0,0.0,0.0,0.1
v91,1.0,0.0,0.0,0.0,0.7,0.3
v92,0.5,0.8,0.1,0.1,0.1,0.4
v93,0.0,0.3,0.0,0.0,0.0,0.6
v94,0.4,0.6,0.7,0.6,0.3,0.3
v95,1.0,0.0,0.0,0.0,0.0,0.4
v96,0.0,0.8,0.8,0.0,0.0,0.1
v97,0.3,0.9,0.6,0.5,0.0,0.3
v98,0.0,0.6,1.0,0.0,0.0,0.0
v99,0.5,0.5,0.5,0.5,0.5,0.5
v100,0.1,0.4,0.9,0.2,0.1,0.1
v101,0.7,0.0,0.0,0.0,0.0,0.0
v102,0.4,0.3,0.1,0.2,0.1,0.2
v103,0.9,0.0,0.0,0.0,0.5,0.6
v104,0.4,0.2,0.0,0.0,0.4,0.2
v105,0.0,0.0,0.0,0.0,0.0,0.0
v106,1.0,0.0,0.0,0.0,0.0,0.5
v107,0.8,0.4,0.3,0.3,0.3,0.1
v108,0.3,0.6,0.0,0.0,0.0,0.2
v109,0.0,0.3,0.2,1.0,0.0,0.0
v110,0.9,0.0,0.0,0.2,0.1,0.6
v111,0.2,0.9,0.0,0.0,0.0,0.2
v112,0.0,0.0,0.0,0.0,0.0,0.0
v113,0.0,0.0,1.0,,,
v114,0.0,0.0,0.0,0.0,0.0,0.0
v115,0.8,0.9,0.0,0.9,0.9,0.9
v116,0.8,0.1,0.0,0.0,0.1,0.1
v117,0.0,1.0,0.0,0.0,0.0,0.0
v118,0.5,0.0,0.0,0.0,0.0,0.0
v119,0.2,0.1,0.0,0.0,0.0,0.1
v120,0.6,0.1,0.0,0.1,0.2,0.3
v121,,,0.0,0.0,,
v122,0.9,0.0,0.0,0.0,0.7,0.6
v123,0.1,0.0,0.0,0.1,1.0,0.2
v124,0.4,0.9,0.7,0.2,0.2,0.5
v125,0.4,0.3,0.0,0.0,0.7,0.0
v126,0.4,0.0,0.0,,0.2,
v127,0.0,0.0,0.0,0.0,0.0,0.0
v128,,,,,0.8,
v129,1.0,0.0,0.0,0.3,0.0,0.6
v130,0.8,0.0,0.0,0.0,0.0,0.0
v131,0.3,0.1,0.0,0.0,1.0,0.2
v132,0.2,0.5,0.4,0.4,0.8,0.9
v133,0.0,0.3,0.2,0.5,0.3,0.2
v134,0.7,0.0,0.0,0.0,0.0,0.0
v135,0.0,0.4,0.8,0.0,0.0,0.0
v136,0.7,0.0,0.1,0.0,0.3,0.2
v137,0.5,0.0,0.0,0.0,0.3,0.2
v138,0.6,0.1,0.1,1.0,0.0,0.1
v139,0.0,0.2,0.0,0.0,0.0,0.1
v140,0.0,0.7,1.0,0.0,0.0,0.0
v141,0.9,0.1,0.0,0.2,0.2,0.4
v142,0.1,0.2,0.4,0.2,0.1,0.0
v143,0.5,0.5,0.0,0.0,0.0,0.5
v144,0.0,1.0,0.0,0.0,0.0,0.0
v145,,0.9,1.0,,0.0,
v146,1.0,0.1,0.0,,0.1,0.5
v147,0.0,0.8,1.0,0.1,0.7,0.4
v148,0.3,0.5,0.8,0.6,0.2,0.4
v149,0.9,0.0,0.0,0.0,0.9,0.7
v150,0.1,0.8,0.8,0.5,0.0,0.6
v151,0.7,0.5,0.1,0.6,0.0,0.0
v152,1.0,0.0,0.0,0.0,0.0,0.0
v153,,,0.0,,0.3,0.2
v154,0.1,0.3,0.0,0.0,0.0,0.2
v155,0.2,0.3,1.0,0.7,0.0,0.0
v156,0.0,0.0,0.0,0.0,0.0,0.0
v157,0.9,0.0,0.0,0.1,0.3,0.5
v158,0.0,0.0,0.0,0.0,0.9,0.0
v159,0.0,0.8,0.0,0.0,0.0,0.0
v160,0.1,0.9,0.1,0.2,0.2,0.3
v161,1.0,0.0,0.0,0.5,0.5,0.5
v162,0.0,0.4,1.0,0.2,0.0,0.0
v163,0.1,0.1,0.0,0.1,0.2,0.2
v164,0.9,0.3,0.3,0.3,0.2,0.2
v165,0.7,0.2,0.0,0.1,0.0,0.4
v166,0.2,0.1,0.0,0.1,0.1,0.2
v167,0.8,0.1,0.2,0.1,0.1,0.1
v168,0.0,0.0,0.0,1.0,0.0,0.0
v169,1.0,0.0,0.0,0.0,0.0,0.0
v170,0.7,0.4,0.1,0.4,0.0,0.9
v171,0.1,0.0,0.0,0.0,0.7,0.1
v172,,,0.0,0.0,,
v173,0.0,0.0,1.0,0.0,0.0,0.0
v174,1.0,0.1,0.1,0.0,0.2,0.1
v175,0.3,0.2,0.0,0.1,0.2,0.4
v176,0.0,0.0,0.0,0.0,0.0,0.0
v177,0.5,0.8,0.6,0.7,0.9,0.4
v178,0.1,0.0,0.0,0.0,0.4,0.1
v179,0.7,0.2,0.8,0.0,0.0,0.0
v180,0.3,0.0,0.0,0.0,0.1,0.0
v181,0.6,0.6,0.0,0.0,0.2,0.5
v182,0.0,0.2,1.0,,0.0,0.0
v183,0.0,0.4,0.0,1.0,0.0,0.0
v184,0.0,0.5,0.9,0.0,0.0,0.0
v185,0.2,0.3,0.3,0.5,0.3,0.2
v186,0.7,0.5,,,,
v187,,0.0,0.0,0.0,0.0,0.0
v188,0.8,0.2,0.7,0.8,0.6,0.4
v189,1.0,0.2,0.2,0.6,0.0,0.1
v190,1.0,0.2,0.0,0.0,0.6,0.8
v191,1.0,0.0,0.0,0.0,0.0,0.0
v192,0.0,0.0,0.0,0.2,0.0,0.0
v193,0.0,0.0,0.0,0.0,0.0,0.0
v194,1.0,0.1,0.1,0.7,0.2,0.8
v195,0.4,0.0,0.0,0.0,1.0,0.0
v196,0.0,0.8,0.0,0.0,0.1,0.2
v197,0.0,0.2,0.8,0.3,0.0,0.5
v198,0.6,0.3,0.0,0.1,0.6,0.4
v199,0.9,0.0,0.0,0.1,0.1,0.7
v200,1.0,0.0,0.0,0.0,0.0,0.9
v201,0.2,0.8,0.5,0.7,0.7,0.2
v202,0.0,0.5,0.0,0.0,0.0,0.0
v203,0.8,0.1,0.0,,,
v204,0.0,0.0,1.0,0.0,0.0,0.0
v205,1.0,0.0,0.0,0.1,0.1,0.5
v206,0.0,0.1,0.8,0.0,0.0,0.0
v207,0.0,1.0,0.0,0.0,0.0,0.0
v208,0.5,0.2,0.0,0.0,0.9,0.1
v209,0.0,0.0,0.0,0.0,0.0,0.0
v210,1.0,0.0,0.0,0.0,0.0,0.0
v211,0.0,0.3,1.0,0.6,0.0,0.0
v212,0.6,0.0,0.0,0.0,0.2,0.0
v213,0.0,0.0,0.0,0.0,0.0,0.0
v214,0.0,0.0,0.0,0.0,0.0,0.9
v215,0.3,0.7,0.7,0.2,0.0,0.4
v216,0.5,0.1,0.0,0.0,0.2,0.4
v217,0.0,0.0,1.0,0.0,0.0,0.0
v218,0.9,0.0,0.0,0.0,0.0,0.0
v219,0.8,0.2,0.0,0.0,0.2,0.0
v220,0.8,0.0,0.0,0.0,0.2,0.0
v221,0.0,0.0,0.0,0.0,0.0,0.0
v222,0.0,0.1,,,0.0,0.1
v223,1.0,0.0,0.0,0.0,0.0,0.0
v224,0.4,0.1,0.0,0.0,0.8,0.2
v225,0.6,0.0,0.0,0.0,0.4,1.0
v226,0.3,0.0,0.8,0.0,0.0,0.0
v227,0.8,0.0,0.0,0.0,0.0,0.5
v228,0.0,0.0,0.1,0.1,0.1,0.0
v229,0.6,0.0,0.0,1.0,0.3,0.1
v230,0.0,0.0,0.0,0.0,0.0,0.0
v231,0.6,0.3,0.2,0.1,0.2,0.4
v232,0.9,0.0,0.0,0.0,0.7,0.5
v233,0.3,0.4,1.0,0.6,0.1,0.1
v234,0.6,0.4,0.0,0.0,0.0,0.3
v235,0.8,0.0,0.0,0.0,0.6,0.5
v236,0.4,0.6,0.8,0.4,0.5,0.6
v237,0.0,0.0,0.0,0.0,0.0,0.0
v238,0.6,0.0,0.0,0.2,0.0,0.3
v239,,,,1.0,0.0,
v240,0.8,0.0,0.0,0.0,0.2,0.2
v241,0.0,0.0,1.0,0.0,0.0,0.0
v242,0.9,0.0,0.0,0.0,0.6,0.4
v243,0.0,0.9,0.0,0.0,0.0,0.0
v244,0.4,0.2,0.0,0.0,0.3,0.9
v245,0.0,0.0,0.0,0.0,0.0,0.0
v246,1.0,0.0,0.0,0.0,0.0,0.7
v247,0.7,0.0,0.0,0.0,0.3,0.2
v248,0.0,0.0,0.0,0.0,0.0,0.0
v249,0.0,0.9,0.6,0.0,0.0,0.0
v250,0.2,0.8,0.4,0.5,0.2,0.8
v251,0.0,0.0,0.0,0.0,0.0,0.0
v252,0.4,0.4,0.1,0.1,0.0,0.1
v253,0.0,0.0,0.0,0.0,0.0,0.0
v254,1.0,0.0,0.0,0.2,0.0,0.9
v255,0.4,0.0,0.0,0.0,0.7,0.0
v256,0.0,0.3,0.9,0.0,0.0,0.1
v257,0.5,0.4,0.0,0.0,0.1,0.5
v258,0.1,0.8,0.0,0.0,0.0,0.1
v259,0.4,0.3,0.0,0.0,0.4,0.4
v260,1.0,0.0,0.0,0.0,0.0,0.0
v261,0.5,0.2,1.0,0.2,0.2,0.3
v262,0.2,0.2,0.2,0.1,0.1,0.1
v263,0.9,0.2,0.0,0.0,0.0,0.1
v264,0.0,0.0,0.0,0.0,0.1,0.6
v265,0.2,0.0,0.0,0.0,0.1,0.1
v266,1.0,0.0,0.0,0.0,0.0,0.0
v267,0.9,0.2,0.0,0.1,0.1,0.1
v268,0.1,0.1,0.0,0.1,0.0,0.1
v269,0.0,0.0,1.0,0.0,0.0,0.0
v270,0.5,0.4,0.4,1.0,0.0,0.1
v271,0.0,0.0,0.0,0.0,0.9,0.0
v272,0.5,0.4,0.0,0.0,0.1,1.0
v273,0.9,0.1,0.0,0.0,0.1,0.0
v274,0.1,0.8,0.0,0.0,0.0,0.2
v275,0.2,0.7,0.0,0.0,0.1,0.2
v276,0.2,0.4,0.7,0.4,0.7,0.2
v277,0.0,0.3,0.1,1.0,0.3,0.1
v278,0.4,0.0,0.0,0.0,0.1,1.0
v279,0.9,0.0,0.0,0.7,0.3,0.5
v280,0.8,0.1,0.1,0.5,0.0,0.5
v281,0.0,0.9,0.0,0.0,0.0,0.2
v282,0.1,0.1,0.7,0.5,0.1,0.3
v283,0.0,0.2,0.0,0.0,0.0,0.9
v284,0.5,0.5,0.1,0.1,0.4,0.3
v285,0.0,1.0,0.5,0.0,0.5,0.0
v286,0.8,0.0,0.0,,0.0,
v287,0.7,0.2,0.0,0.3,0.0,0.3
v288,0.7,0.1,0.0,0.0,0.0,0.0
v289,0.8,0.5,0.0,0.0,0.0,0.0
v290,0.3,0.2,0.0,0.0,0.9,0.5
v291,1.0,0.0,0.0,0.0,0.0,0.2
v292,0.1,0.1,0.0,0.0,0.1,0.1
v293,0.0,0.0,0.0,0.0,0.0,0.0
v294,0.5,0.0,0.0,0.0,0.0,0.6
v295,0.6,0.6,0.3,0.3,0.6,0.5
v296,0.5,0.0,0.0,0.0,0.4,0.2
v297,0.5,0.3,0.0,0.0,0.2,0.4
v298,0.4,0.2,0.4,0.6,0.2,0.2
v299,0.3,0.0,0.0,0.0,0.8,0.6
v300,0.0,0.0,0.0,0.0,0.0,0.0
v301,1.0,0.0,0.0,0.0,0.0,0.0
v302,0.7,0.0,0.0,0.0,0.0,0.0
v303,0.0,0.0,,,0.0,0.0
v304,0.1,0.3,0.0,0.1,0.1,0.1
v305,0.2,0.4,0.1,0.0,0.0,0.1
v306,0.6,0.6,0.1,0.2,0.2,0.3
v307,1.0,0.0,0.0,0.1,0.0,0.2
v308,0.6,0.5,0.1,0.6,0.1,0.3
v309,0.5,0.4,0.8,0.1,0.0,0.2
v310,0.6,0.4,0.1,,,
v311,,,,,0.0,
v312,0.9,0.0,0.0,0.0,0.3,0.2
v313,0.3,0.5,0.6,0.4,0.0,0.0
v314,0.4,0.8,0.1,0.1,0.2,0.5
v315,0.0,0.0,0.0,0.0,0.0,0.0
v316,0.8,0.0,0.0,0.0,0.0,0.0
v317,0.0,0.4,0.4,1.0,0.0,0.0
v318,,,0.0,0.0,,
v319,0.5,0.4,0.0,0.2,0.2,0.5
v320,0.8,0.2,0.1,0.2,0.1,0.4
v321,0.1,0.7,0.0,0.0,0.0,0.2
v322,0.2,0.3,0.8,0.0,0.5,0.5
v323,0.9,0.0,0.0,0.0,0.0,0.5
v324,0.8,0.0,0.0,0.0,0.0,0.0
v325,0.9,0.0,0.0,0.0,0.0,0.7
v326,0.0,1.0,0.0,0.0,0.0,0.2
v327,0.0,0.0,0.0,0.0,0.0,0.0
v328,0.2,0.4,0.0,0.0,0.0,0.7
v329,0.3,0.3,0.0,0.0,0.2,0.0
v330,0.0,0.0,0.0,0.0,0.0,0.0
v331,0.7,0.2,0.1,0.2,0.2,0.4
v332,0.8,0.2,0.0,,0.4,
v333,0.6,0.4,0.3,0.4,0.1,0.1
v334,0.2,0.2,0.2,0.9,0.0,0.0
v335,0.0,0.0,0.0,1.0,0.0,0.0
v336,0.7,0.2,0.5,0.5,0.8,0.2
v337,1.0,0.0,0.0,0.0,0.0,0.0
v338,0.0,0.4,0.0,0.0,0.0,0.2
v339,0.0,0.8,0.1,0.9,0.3,0.2
v340,0.0,0.0,0.0,0.0,0.0,0.0
v341,0.9,0.4,0.4,0.9,0.7,0.7
v342,0.0,0.0,0.0,0.0,0.0,0.0
v343,0.0,1.0,0.0,0.0,0.0,0.0
v344,0.7,0.1,0.0,0.0,0.1,0.1
v345,0.8,0.6,0.1,0.1,0.0,0.1
v346,0.7,0.7,0.7,0.6,0.4,0.4
v347,0.8,0.6,1.0,0.8,0.5,0.5
v348,0.9,0.0,0.0,0.0,0.4,0.2
v349,0.0,0.0,1.0,0.0,0.0,0.0
v350,0.8,0.2,0.0,0.0,0.0,0.9
v351,0.0,0.2,0.0,0.0,0.2,0.3
v352,0.5,0.0,0.0,0.0,0.0,0.0
v353,0.3,0.5,0.0,0.0,0.3,0.4
v354,0.2,0.5,0.3,0.3,0.4,0.5
v355,0.0,0.9,0.0,0.0,0.1,0.1
v356,0.8,0.1,0.0,0.5,0.1,0.7
v357,0.1,0.6,0.1,0.0,0.2,0.0
v358,0.1,0.1,0.0,0.0,0.1,0.1
v359,0.8,0.0,0.0,0.0,0.0,0.2
v360,0.3,0.9,0.0,0.1,0.1,0.2
v361,0.0,0.0,0.0,0.0,0.0,0.0
v362,0.0,0.8,0.4,0.0,0.0,0.0
v363,0.9,0.0,0.0,0.0,0.0,0.0
v364,0.0,0.0,0.0,0.0,0.0,0.0
v365,0.1,0.1,0.0,0.0,0.1,0.0
v366,0.7,0.0,0.0,0.0,0.5,0.3
v367,0.0,0.7,0.0,0.0,0.0,0.1
v368,0.0,0.0,0.9,0.0,0.0,0.0
v369,0.9,0.0,0.0,0.0,0.4,0.0
v370,0.0,0.2,0.0,0.9,0.0,0.0
v371,0.4,0.4,0.0,0.0,0.2,0.3
v372,0.8,0.1,0.0,0.1,0.3,0.6
v373,0.0,0.0,0.0,0.0,0.0,0.0
v374,0.1,0.0,0.0,0.0,0.2,0.0
v375,0.0,0.0,0.0,0.0,0.0,0.0
v376,0.0,0.0,0.0,0.0,0.0,0.0
v377,0.1,1.0,0.0,0.0,0.0,0.3
v378,0.5,0.0,0.0,0.0,0.6,0.6
v379,0.9,0.0,0.0,0.0,0.1,0.1
v380,0.3,0.0,0.2,1.0,0.1,0.0
v381,0.8,0.2,0.0,0.6,0.6,1.0
v382,0.1,0.1,0.0,,0.1,0.1
v383,0.3,0.6,0.0,1.0,0.0,0.0
v384,0.0,0.5,0.0,0.0,0.0,0.1
v385,0.0,1.0,0.2,0.0,0.0,0.4
v386,1.0,0.1,0.0,0.1,0.1,0.3
v387,0.1,0.0,0.7,0.6,0.4,0.2
v388,0.0,0.0,1.0,0.5,0.0,0.0
v389,0.9,0.0,0.0,0.0,0.0,0.0
v390,1.0,0.0,0.0,0.0,0.7,0.2
v391,,,,,0.0,
v392,0.5,0.5,0.0,0.0,0.5,0.0
v393,1.0,0.0,0.0,0.6,0.0,0.6
v394,0.5,0.5,0.5,0.7,0.5,0.5
v395,0.4,0.0,0.0,0.9,0.0,0.2
v396,0.9,0.0,0.0,0.0,0.0,0.0
v397,1.0,0.1,0.1,0.1,0.9,0.5
v398,0.7,0.0,0.0,0.0,0.1,0.0
v399,0.4,0.4,0.0,0.0,0.2,0.2
v400,0.0,0.6,1.0,0.0,0.0,0.0
v401,0.0,0.8,0.0,0.0,0.5,0.3
v402,0.4,0.0,0.0,0.0,0.2,0.1
v403,0.4,0.7,0.5,0.9,0.4,0.8
v404,0.5,0.4,0.1,0.1,0.2,0.0
v405,0.0,0.0,0.0,0.0,0.0,0.0
v406,0.8,0.2,0.0,0.0,0.0,0.0
v407,0.8,0.0,0.0,0.1,0.0,0.5
v408,0.6,0.3,0.1,0.2,0.2,0.2
v409,1.0,0.0,0.0,0.6,0.0,0.9
v410,0.9,0.0,0.0,0.0,0.5,0.6
v411,0.3,0.6,0.4,0.3,0.6,0.7
v412,0.3,0.3,0.3,0.3,0.3,0.3
v413,0.2,0.4,0.4,0.4,0.4,0.1
v414,0.3,0.2,0.0,,0.0,
v415,1.0,0.0,0.0,0.0,0.0,0.0
v416,0.0,0.1,0.0,0.9,0.0,0.0
v417,0.4,0.7,0.0,1.0,0.0,0.0
v418,0.0,1.0,0.0,0.0,0.0,0.0
v419,0.7,0.6,0.6,0.8,0.0,0.1
v420,0.0,0.0,0.0,0.0,0.0,0.0
v421,0.0,,,,0.0,
v422,0.8,0.0,0.0,0.0,0.2,0.2
v423,0.9,0.0,0.0,0.0,0.3,0.6
v424,0.0,0.4,0.7,0.0,0.0,0.0
v425,0.2,0.2,0.0,0.0,0.0,0.2
v426,0.4,0.1,0.0,0.0,0.1,0.1
v427,0.6,0.0,0.0,0.3,0.0,0.4
v428,0.9,0.0,0.0,0.0,0.3,0.0
v429,1.0,0.0,0.0,0.0,0.1,0.4
v430,0.0,0.0,0.0,0.0,0.0,0.1
v431,0.5,0.5,0.1,0.1,0.3,0.4
v432,0.2,0.6,0.1,0.2,0.2,0.3
v433,0.2,0.3,0.5,0.1,0.0,0.1
v434,1.0,0.0,0.0,0.0,0.1,0.2
v435,0.7,0.1,0.1,0.1,0.1,0.4
v436,1.0,0.0,0.0,0.0,0.0,0.0
v437,0.0,0.0,0.0,0.0,0.1,0.3
v438,0.2,0.0,0.0,0.0,0.1,0.0
v439,0.1,0.0,0.0,0.0,0.1,0.2
v440,0.4,0.0,0.0,0.0,0.0,0.9
v441,0.4,0.6,0.2,0.4,0.5,0.9
v442,0.3,0.1,0.0,0.0,0.0,0.0
v443,0.2,0.0,0.0,0.0,0.8,0.1
v444,0.0,0.6,0.9,0.0,0.0,0.0
v445,0.5,0.3,0.0,,0.0,0.2
v446,1.0,0.3,0.2,0.2,0.4,0.6
v447,0.5,0.3,0.0,0.0,0.9,0.3
v448,0.0,0.0,0.0,0.0,0.0,0.0
v449,0.5,0.5,0.3,0.3,0.5,0.5
v450,0.8,0.8,0.4,0.2,0.0,0.5
v451,0.4,0.8,0.6,0.5,0.7,0.4
v452,0.6,0.2,0.0,0.0,0.5,0.4
v453,0.5,0.5,0.1,0.2,0.5,0.3
v454,0.2,0.1,0.0,0.0,0.4,0.3
v455,0.7,0.4,0.6,0.6,0.7,0.4
v456,0.4,0.4,0.1,0.1,0.1,0.4
v457,1.0,0.0,0.0,0.0,0.1,0.4
v458,0.2,0.1,0.2,0.1,0.2,0.2
v459,0.9,0.3,0.2,0.1,0.1,0.5
v460,0.9,0.0,0.0,0.3,0.0,0.8
v461,0.0,0.3,0.8,0.0,0.0,0.2
v462,1.0,0.0,0.0,0.0,0.0,0.0
v463,0.0,0.0,0.0,0.0,0.0,0.0
v464,0.0,0.3,0.3,0.9,0.0,0.0
v465,0.1,0.5,0.1,0.1,0.0,0.0
v466,0.0,0.8,0.0,0.0,0.0,0.0
v467,0.6,0.1,0.0,0.0,0.2,0.2
v468,0.0,0.4,0.3,0.1,0.4,0.6
v469,0.7,0.5,0.3,0.3,0.4,0.4
v470,0.7,0.0,0.0,0.0,0.3,0.1
v471,0.6,0.2,0.1,0.1,0.3,0.5
v472,0.1,0.0,0.0,0.0,0.9,0.3
v473,0.1,0.2,0.9,0.1,0.0,0.0
v474,0.5,0.3,0.0,0.0,0.2,0.4
v475,0.4,0.3,0.1,0.1,0.3,0.7
v476,0.6,0.0,0.0,0.0,0.1,0.0
v477,0.7,0.3,0.0,0.0,0.5,0.4
v478,0.8,0.0,0.0,0.0,0.2,0.1
v479,0.5,0.4,0.5,0.5,0.4,0.4
v480,0.8,0.3,0.3,0.7,0.0,0.5
v481,1.0,0.0,0.0,,,
v482,1.0,0.0,0.0,0.0,0.7,0.4
v483,0.0,0.0,0.0,0.0,0.0,0.0
v484,0.0,0.0,0.0,0.0,0.0,0.0
v485,0.8,0.0,0.0,0.0,0.3,0.0
v486,0.9,0.1,0.0,0.1,0.2,0.8
v487,0.0,0.4,0.0,0.0,0.0,0.0
v488,0.0,0.0,0.0,0.0,0.3,0.2
v489,0.0,0.8,,0.0,0.5,0.4
v490,0.6,0.3,0.0,0.1,0.4,0.5
v491,0.8,0.1,0.0,0.0,0.0,0.6
v492,0.0,0.9,0.0,0.0,0.0,0.2
v493,0.7,0.1,0.0,0.0,0.0,0.1
v494,0.8,0.0,0.0,0.1,0.0,0.2
v495,0.0,1.0,0.4,0.0,0.0,0.0
v496,0.6,0.4,0.0,0.0,0.2,0.3
v497,0.1,0.0,0.2,1.0,1.0,0.0
v498,1.0,0.0,0.0,0.0,0.3,0.1
v499,,,0.0,0.0,0.2,0.2
v500,0.8,0.1,0.0,0.1,0.1,0.1
v501,0.6,0.2,0.0,0.0,0.1,0.2
v502,1.0,0.0,0.0,0.1,0.5,0.7
v503,1.0,0.0,0.0,0.0,0.0,0.6
v504,0.0,0.0,0.3,0.1,0.0,0.0
v505,0.5,0.5,0.0,0.0,0.0,0.0
v506,0.3,0.2,0.0,0.1,0.2,0.1
v507,0.8,0.0,0.0,0.5,0.0,0.5
v508,0.5,0.3,0.0,0.0,0.0,0.7
v509,1.0,0.2,0.0,0.1,0.8,0.6
v510,0.6,0.9,0.1,0.9,0.0,0.1
v511,0.2,0.6,0.0,,0.0,0.1
v512,0.5,0.0,0.0,,0.2,
v513,0.0,0.0,0.0,0.0,0.0,0.0
v514,0.6,0.4,0.0,0.0,0.2,0.2
v515,0.0,0.0,0.0,0.0,0.0,0.0
v516,0.2,0.7,0.3,0.3,0.5,0.7
v517,0.1,0.0,0.0,0.0,0.0,0.0
v518,0.1,0.6,1.0,0.4,0.0,0.0
v519,0.5,0.5,0.3,0.3,0.3,0.4
v520,0.0,0.2,1.0,0.0,0.0,0.0
v521,0.9,0.0,0.0,0.0,0.1,0.0
v522,,0.0,0.0,,,
v523,0.5,1.0,0.7,0.7,1.0,0.6
v524,0.6,0.1,0.0,0.0,0.1,0.3
v525,0.0,0.0,0.0,0.9,0.0,0.0
v526,0.4,0.1,0.0,0.0,1.0,0.2
v527,1.0,0.0,0.0,0.0,0.0,1.0
v528,0.4,0.1,0.0,,0.2,
v529,0.2,0.7,0.0,0.0,0.3,0.3
v530,0.0,0.0,0.0,1.0,0.0,0.0
v531,1.0,0.1,0.0,0.0,0.5,0.3
v532,0.5,0.1,0.1,1.0,0.0,0.1
v533,0.0,0.0,0.0,0.0,0.0,0.0
v534,0.0,0.5,0.0,0.0,0.1,0.2
v535,0.2,0.8,0.0,0.2,0.0,0.6
v536,1.0,0.0,0.0,0.1,0.3,0.6
v537,0.4,0.0,0.0,0.8,0.0,0.0
v538,0.0,0.5,0.4,0.1,0.0,0.0
v539,0.8,0.1,0.0,0.1,0.1,0.3
v540,0.0,0.7,1.0,0.0,0.0,0.2
v541,0.7,0.6,0.5,0.7,0.5,0.6
v542,1.0,0.0,0.0,0.0,0.0,0.2
v543,0.0,0.6,0.9,0.0,0.0,0.0
v544,0.1,0.5,0.0,0.0,0.0,0.2
v545,0.5,0.5,0.0,0.0,0.5,0.5
v546,0.1,0.1,0.1,0.1,0.1,0.1
v547,1.0,0.0,0.0,0.0,0.0,0.0
v548,0.8,0.2,0.0,0.0,0.5,0.4
v549,1.0,0.0,0.0,0.0,0.1,0.4
v550,0.1,0.4,0.0,0.1,0.7,0.5
v551,0.1,0.8,1.0,0.3,0.2,0.4
v552,0.0,0.0,0.0,0.0,0.0,1.0
v553,0.9,0.2,0.0,0.2,0.1,0.4
v554,0.7,0.2,0.1,0.1,0.7,0.4
v555,0.9,0.0,0.0,0.0,0.0,0.0
v556,0.4,0.1,0.0,0.0,0.2,0.2
v557,0.4,0.3,0.1,0.0,0.0,0.1
v558,0.8,0.0,0.0,0.1,0.2,0.2
v559,0.4,0.1,0.0,0.0,0.2,0.1
v560,0.0,0.5,0.1,0.8,0.0,0.7
v561,0.9,0.0,0.0,0.3,0.1,0.8
v562,0.0,1.0,,0.0,0.5,0.0
v563,0.2,0.0,0.0,,0.2,
v564,0.6,0.0,0.0,0.0,0.0,0.2
v565,0.4,0.5,0.9,0.4,0.7,0.6
v566,1.0,0.0,0.0,0.0,0.0,0.1
v567,0.1,0.1,0.1,0.1,0.1,0.1
v568,0.2,0.7,0.1,0.1,0.2,0.1
v569,0.5,0.5,0.0,,0.2,0.3
v570,1.0,0.0,0.0,0.0,0.0,0.0
v571,0.9,0.0,0.1,0.1,0.7,0.5
v572,0.9,0.0,0.0,0.0,0.0,0.0
v573,0.1,0.5,0.2,1.0,0.3,0.2
v574,0.2,0.3,0.7,0.7,0.0,0.1
v575,0.6,0.8,0.5,0.2,0.3,0.3
v576,0.0,1.0,0.0,0.0,0.0,0.0
v577,0.4,0.5,0.7,0.5,0.4,0.6
v578,0.0,0.9,0.0,0.0,0.0,0.2
v579,1.0,0.0,0.0,0.0,0.0,0.0
v580,0.6,0.1,0.0,0.0,0.8,0.2
v581,0.3,0.1,0.0,0.0,0.1,0.1
v582,0.2,0.8,0.0,0.0,0.0,0.3
v583,0.0,0.9,0.1,0.0,0.1,0.0
v584,0.0,0.6,0.9,0.0,0.0,0.0
v585,0.7,0.5,0.0,,0.0,0.4
v586,0.6,0.2,0.0,1.0,0.0,0.0
v587,1.0,0.0,0.0,0.1,0.2,0.3
v588,0.0,0.0,0.0,0.0,0.0,0.0
v589,0.3,0.0,0.0,0.0,0.0,0.0
v590,0.1,0.3,0.0,0.1,0.1,0.0
v591,0.3,0.0,0.0,0.0,0.0,0.2
v592,0.5,0.4,0.1,0.1,0.3,0.4
v593,0.5,0.7,0.9,0.5,0.3,0.7
v594,0.2,1.0,0.6,0.2,0.2,0.1
v595,0.6,0.6,0.6,0.6,0.6,0.6
v596,0.2,0.2,0.0,0.0,0.0,0.1
v597,0.8,0.0,0.0,0.0,0.1,0.2
v598,0.3,0.4,0.5,0.4,0.4,0.1
v599,0.4,0.5,0.8,0.6,0.4,0.2
v600,0.8,0.1,0.0,,0.2,0.1
v601,0.4,0.0,0.0,0.0,0.8,0.5
v602,0.4,0.3,0.2,0.9,0.0,0.0
v603,0.3,0.4,0.8,0.6,0.2,0.3
v604,0.0,0.2,0.0,0.0,0.1,0.1
v605,0.9,0.1,0.1,0.3,0.1,0.3
v606,0.1,1.0,0.4,0.1,0.0,0.3
v607,0.0,0.0,0.7,0.2,0.1,0.0
v608,0.3,0.0,0.0,0.0,0.3,0.2
v609,0.2,0.6,0.1,0.2,0.4,0.5
v610,0.0,0.0,0.8,0.0,0.0,0.0
v611,0.2,0.0,0.0,0.0,0.0,0.1
v612,0.4,0.0,0.0,0.0,0.5,0.9
v613,0.6,0.1,0.0,0.0,0.0,0.1
v614,0.1,0.1,0.1,0.1,0.1,0.1
v615,0.6,0.1,0.5,0.7,0.2,
v616,0.2,0.3,0.0,0.0,0.4,0.4
v617,0.0,0.4,0.9,0.0,0.0,0.0
v618,0.2,0.8,0.0,0.8,0.0,0.0
v619,0.0,0.9,0.0,0.0,0.0,0.0
v620,0.3,0.0,0.0,0.0,0.2,0.1
v621,0.7,0.0,0.0,0.9,0.0,0.0
v622,0.2,0.2,0.0,0.0,0.2,0.0
v623,0.7,0.4,0.0,0.2,0.6,0.5
v624,0.5,0.7,0.7,0.3,0.0,0.4
v625,,,0.0,0.0,,
v626,0.0,0.9,0.0,0.0,0.0,0.0
v627,0.1,0.1,0.0,0.0,0.2,0.2
v628,0.2,0.1,0.0,0.0,0.0,0.0
v629,0.3,0.0,0.0,0.0,0.4,0.2
v630,0.0,0.3,0.5,0.1,0.1,0.0
v631,0.3,0.0,0.0,0.0,0.3,0.2
v632,0.7,0.0,0.0,0.0,0.2,0.4
v633,0.2,0.8,0.0,0.1,0.1,0.1
v634,0.1,0.2,0.9,0.3,0.0,0.0
v635,0.0,0.5,0.0,0.5,0.0,0.0
v636,0.7,0.0,0.0,0.0,0.0,0.0
v637,1.0,0.0,0.0,0.0,0.0,0.0
v638,1.0,0.1,1.0,0.2,0.2,0.2
v639,0.8,1.0,0.2,0.2,0.3,0.2
v640,0.0,0.9,1.0,0.3,0.2,0.3
v641,0.3,0.2,0.3,0.3,0.2,0.3
v642,,,0.0,0.0,,
v643,0.5,0.2,0.0,0.0,0.6,0.2
v644,0.5,0.5,0.0,0.0,,0.3
v645,0.6,0.1,0.0,0.0,0.1,0.3
v646,1.0,0.0,0.0,0.3,0.9,0.6
v647,0.8,0.2,0.0,0.1,0.5,0.8
v648,0.0,0.8,0.0,,0.0,0.2
v649,0.3,0.8,1.0,0.2,0.3,0.2
v650,0.4,0.4,0.0,0.0,0.4,0.4
v651,0.4,0.0,0.1,0.9,0.0,0.0
v652,0.8,0.1,0.0,0.2,0.3,0.6
v653,0.5,0.0,0.0,0.0,0.9,0.7
v654,0.2,0.8,0.4,0.1,0.1,0.1
v655,0.0,0.8,0.0,0.0,0.0,0.0
v656,0.1,0.1,0.1,0.0,0.1,0.1
v657,1.0,0.0,0.0,0.6,0.3,0.4
v658,0.5,0.3,0.0,0.0,0.6,0.2
v659,1.0,0.0,0.0,0.0,0.0,0.5
v660,0.5,0.2,0.0,0.1,0.8,0.6
v661,0.0,0.0,0.0,0.0,0.0,0.0
v662,0.5,0.0,0.0,0.0,0.7,0.2
v663,0.0,0.0,0.0,0.0,0.0,0.0
v664,0.3,0.0,0.0,0.0,0.0,0.0
v665,0.3,0.1,0.0,0.0,0.5,0.9
v666,0.7,0.1,0.3,0.1,0.4,0.3
v667,0.4,0.5,0.4,0.5,0.5,0.5
v668,0.9,0.0,0.0,0.0,0.2,0.0
v669,0.0,0.0,0.0,1.0,0.0,0.0
v670,0.1,0.1,0.1,0.1,0.1,0.1
v671,0.2,0.6,0.0,0.0,0.0,0.2
v672,0.1,0.2,0.9,0.6,0.0,0.0
v673,0.8,0.0,0.0,0.0,0.0,0.7
v674,0.0,0.0,0.0,0.0,0.0,0.0
v675,1.0,0.0,0.0,0.0,0.0,0.0
v676,0.6,0.9,0.7,0.7,0.5,0.6
v677,0.5,0.5,0.0,0.5,0.5,0.0
v678,0.8,0.0,0.0,0.0,0.1,0.4
v679,1.0,0.0,0.0,0.1,0.8,0.7
v680,0.1,0.6,0.0,0.0,0.1,0.3
v681,0.8,0.0,0.0,0.0,0.3,0.2
v682,0.0,0.0,1.0,0.0,0.0,0.0
v683,0.6,0.0,0.0,0.1,0.0,1.0
v684,0.1,0.5,0.6,0.8,0.3,0.5
v685,0.2,0.9,0.3,0.2,0.8,0.9
v686,0.0,0.9,0.0,0.0,0.0,0.0
v687,1.0,0.1,0.1,0.1,0.1,0.4
v688,0.0,0.7,0.0,0.0,0.0,0.0
v689,0.9,0.1,0.1,0.1,0.1,0.1
v690,0.0,0.8,0.0,0.0,0.0,0.0
v691,0.0,0.0,0.0,0.7,0.0,0.0
v692,0.7,0.0,0.0,0.1,0.0,0.3
v693,1.0,0.0,0.0,0.0,0.0,1.0
v694,0.6,0.1,0.0,1.0,0.0,0.6
v695,0.0,0.0,0.0,0.0,0.0,0.0
v696,0.0,0.5,0.8,0.0,0.0,0.0
v697,0.0,0.0,0.0,0.0,0.0,0.0
v698,0.8,0.0,0.0,0.0,0.2,0.2
v699,0.1,0.1,0.0,0.0,0.0,0.1
v700,0.0,0.0,0.0,0.0,0.0,0.0
v701,0.2,0.8,0.0,0.0,0.0,0.0
v702,0.0,0.0,0.0,0.0,0.0,0.0
v703,0.0,0.0,0.0,0.0,0.0,0.0
v704,0.0,0.0,0.0,0.0,0.0,0.0
v705,1.0,0.0,0.0,0.1,0.1,0.2
v706,0.0,0.0,1.0,0.6,0.0,0.0
v707,1.0,0.4,0.7,0.7,0.7,0.3
v708,0.0,0.8,0.0,0.0,0.0,0.0
v709,1.0,0.0,0.0,0.0,0.0,0.8
v710,0.5,0.7,0.0,0.0,0.0,0.5
v711,0.0,1.0,0.0,0.0,0.9,0.0
v712,0.5,0.0,0.0,0.0,0.4,0.2
v713,0.0,1.0,0.0,0.0,0.0,0.0
v714,1.0,0.1,0.1,0.0,0.7,0.5
v715,0.0,0.9,0.0,0.0,0.0,0.0
v716,0.6,0.0,0.0,,,0.6
v717,0.1,0.0,0.0,0.0,0.2,0.0
v718,0.0,0.0,0.0,0.0,0.0,0.0
v719,0.4,0.6,0.8,0.6,0.4,0.6
v720,0.4,0.5,0.8,0.5,0.3,0.5
v721,0.5,0.0,0.0,0.0,0.2,0.4
v722,0.0,0.0,0.0,0.0,0.0,0.0
v723,0.5,0.0,0.0,0.0,0.0,0.0
v724,0.0,0.1,0.6,0.6,0.2,0.2
v725,0.5,0.3,0.0,0.7,0.0,0.0
v726,0.0,0.9,0.0,0.0,0.0,0.0
v727,0.0,0.7,0.0,0.0,0.0,0.0
v728,0.8,0.5,0.1,0.1,0.4,0.7
v729,0.9,0.4,0.0,0.0,0.0,0.0
v730,0.0,0.3,0.9,0.1,,
v731,0.0,0.0,0.0,0.0,0.0,0.0
v732,0.2,0.5,0.0,0.0,0.0,0.7
v733,0.9,0.0,0.0,0.1,0.4,0.7
v734,0.1,0.0,0.0,0.0,1.0,0.1
v735,0.2,0.8,0.0,,0.0,
v736,0.3,0.8,1.0,0.0,0.0,0.0
v737,0.2,0.1,0.0,0.0,0.3,0.3
v738,0.0,0.4,0.1,0.9,0.0,0.1
v739,0.0,1.0,0.0,0.0,0.0,0.0
v740,0.5,0.7,0.2,0.9,0.2,0.5
v741,0.6,0.6,0.6,0.6,0.0,0.6
v742,1.0,0.0,0.0,,0.0,0.5
v743,0.4,0.4,0.7,0.3,0.6,0.8
v744,0.3,0.8,0.6,0.9,0.3,0.5
v745,0.0,0.0,0.0,0.0,0.0,0.0
v746,0.0,0.0,0.0,0.0,0.8,0.0
v747,0.0,0.4,0.4,0.0,0.0,0.0
v748,0.6,0.1,0.0,0.2,0.1,0.4
v749,0.7,0.0,0.0,0.0,0.4,0.0
v750,0.7,0.1,0.1,0.1,0.1,0.1
v751,0.8,0.0,0.0,0.0,0.3,0.2
v752,0.7,0.3,0.0,0.0,0.0,0.0
v753,0.1,0.7,0.0,0.1,0.0,0.3
v754,0.2,0.4,1.0,0.0,0.0,0.2
v755,0.7,0.3,0.1,0.0,0.1,0.0
v756,1.0,0.2,0.0,0.0,0.6,0.4
v757,0.5,0.5,0.0,0.7,0.0,0.0
v758,0.6,0.0,0.0,0.3,0.0,0.0
v759,0.0,0.4,1.0,0.0,0.0,0.0
v760,0.0,0.0,0.0,0.0,0.0,0.0
v761,0.2,0.6,0.0,,,
v762,0.5,0.5,0.5,0.5,0.5,0.5
v763,0.9,0.0,0.0,0.0,0.0,0.0
v764,0.0,0.6,0.0,0.0,0.1,0.2
v765,0.8,0.1,0.0,0.0,0.0,0.0
v766,0.1,0.1,0.0,0.0,0.0,0.0
v767,0.1,0.6,0.1,0.9,0.2,0.4
v768,0.0,0.0,0.0,0.0,0.0,0.0
v769,0.0,0.7,0.7,0.0,0.0,0.0
v770,1.0,0.1,0.0,0.0,0.2,0.7
v771,0.2,0.1,0.0,0.0,0.1,0.0
v772,0.6,0.3,0.0,0.0,0.6,0.4
v773,0.1,0.3,0.5,0.1,,
v774,0.0,0.6,0.9,0.0,0.0,0.0
v775,0.1,0.1,0.0,0.6,0.2,0.1
v776,0.0,0.0,0.0,0.0,0.0,0.0
v777,0.8,0.0,0.0,0.0,0.3,0.0
v778,0.0,1.0,0.5,0.0,0.4,0.0
v779,0.0,0.9,0.0,0.0,0.0,0.0
v780,0.0,0.0,0.0,0.0,0.0,0.0
v781,1.0,0.0,0.0,0.0,0.0,0.0
v782,,0.0,0.0,0.0,0.0,0.0
v783,0.0,0.0,0.0,0.0,0.9,0.0
v784,0.4,0.3,0.0,,0.6,0.4
v785,0.3,0.5,0.0,,0.0,0.2
v786,0.5,0.0,0.0,0.0,0.1,0.1
v787,1.0,0.0,0.0,0.0,0.2,0.2
v788,0.0,0.0,0.0,0.9,0.0,0.0
v789,0.1,0.3,0.3,0.9,0.0,0.1
v790,0.8,0.3,0.0,0.0,0.1,0.0
v791,0.5,0.9,0.0,0.1,0.0,0.3
v792,0.0,0.9,0.1,0.0,0.1,0.0
v793,1.0,0.0,0.0,0.0,0.4,0.5
v794,0.0,0.0,0.0,0.0,0.0,0.0
v795,0.1,0.1,0.0,0.1,0.1,0.2
v796,0.0,0.8,0.0,0.0,0.0,0.4
v797,0.9,0.0,0.0,0.0,0.0,0.0
v798,0.4,0.5,0.8,0.8,0.5,0.5
v799,0.5,0.5,0.6,,0.4,
v800,0.0,0.0,0.0,0.0,0.1,0.0
v801,0.4,0.4,0.4,0.4,0.4,0.4
v802,0.0,0.5,0.9,0.0,0.0,0.0
v803,0.5,0.1,0.1,0.9,0.0,0.1
v804,0.2,0.0,0.0,,,0.0
v805,0.0,0.3,0.0,0.0,0.0,0.0
v806,0.9,0.0,0.0,0.0,0.0,0.0
v807,0.8,0.0,0.0,0.0,0.0,0.0
v808,0.4,0.1,0.0,0.0,0.2,0.1
v809,1.0,0.0,0.0,0.0,0.0,0.0
v810,0.0,0.0,0.0,0.0,0.0,0.0
v811,0.0,0.0,0.0,0.0,0.0,0.0
v812,0.0,0.0,0.2,0.1,0.0,0.0
v813,0.8,0.0,0.0,0.0,0.0,0.0
v814,0.8,0.0,0.0,0.0,0.1,0.0
v815,0.5,0.0,0.0,0.0,0.0,0.2
v816,0.1,0.5,0.7,0.1,0.0,0.2
v817,0.9,0.0,0.0,0.0,0.2,0.1
v818,0.9,0.1,0.0,0.0,0.1,0.1
v819,0.8,0.0,0.0,0.0,0.0,0.0
v820,0.1,0.0,0.0,0.0,0.0,0.0
v821,0.0,0.6,1.0,0.2,0.5,0.3
v822,0.4,0.6,0.8,0.7,0.6,0.4
v823,0.9,0.0,0.0,,0.0,0.0
v824,0.8,0.1,0.0,0.1,0.1,0.2
v825,0.0,0.0,0.0,0.0,0.0,0.0
v826,0.0,0.3,0.2,0.5,0.3,0.2
v827,0.5,0.5,0.0,0.0,0.5,0.2
v828,0.1,0.1,0.1,0.0,0.0,0.0
v829,0.0,0.0,0.0,0.0,0.0,0.0
v830,0.0,0.0,0.0,0.0,0.0,0.0
v831,0.5,0.4,0.4,0.9,0.0,0.0
v832,0.5,0.1,0.0,0.0,0.4,0.2
v833,0.0,1.0,0.5,0.5,0.0,0.1
v834,0.4,0.0,0.8,0.2,0.0,0.0
v835,0.0,0.0,0.0,0.0,1.0,0.0
v836,0.0,0.0,0.0,0.0,0.8,0.0
v837,0.0,0.0,0.6,0.3,0.0,0.0
v838,0.9,0.0,0.0,,0.8,0.4
v839,0.4,0.6,0.9,0.5,0.6,0.6
v840,0.2,0.8,0.1,0.1,0.2,0.3
v841,0.8,0.0,0.0,0.0,0.0,0.0
v842,0.5,0.3,0.6,0.2,0.0,0.3
v843,0.0,0.0,0.0,0.0,0.0,0.0
v844,0.0,0.0,0.0,0.0,0.0,0.0
v845,1.0,0.0,0.0,0.0,0.0,1.0
v846,0.9,0.0,0.0,0.5,0.0,0.5
v847,0.3,0.4,0.7,0.3,0.4,0.5
v848,0.0,1.0,0.0,0.0,0.0,0.1
v849,0.0,0.3,0.0,0.0,0.0,0.2
v850,0.0,0.0,0.0,1.0,0.0,0.0
v851,0.9,0.5,0.0,0.0,0.7,0.0
v852,0.0,0.0,0.0,0.0,0.0,0.0
v853,1.0,0.0,0.0,0.0,0.0,0.2
v854,0.0,0.0,0.0,0.0,1.0,0.0
v855,0.6,0.1,0.0,0.0,0.1,0.2
v856,0.3,0.3,0.0,0.0,0.0,0.2
v857,0.1,0.0,0.0,0.0,0.7,0.1
v858,0.9,0.1,0.0,0.1,0.3,0.0
v859,0.0,0.0,0.0,0.0,0.2,0.0
v860,0.1,0.0,0.0,0.0,0.7,0.1
v861,0.3,0.3,0.1,0.0,0.3,0.0
v862,0.9,0.0,0.0,0.0,0.2,0.0
v863,0.5,0.4,0.9,0.4,0.7,0.6
v864,1.0,0.0,0.0,0.5,0.1,0.8
v865,,,,1.0,0.0,
v866,0.0,0.0,0.0,0.0,0.0,0.0
v867,0.0,0.0,1.0,0.0,0.0,0.0
v868,0.2,0.0,0.0,0.7,0.0,0.0
v869,0.1,0.1,0.0,0.0,0.1,0.1
v870,0.5,0.0,0.0,0.0,0.9,0.0
v871,0.0,0.0,0.0,,,
v872,0.0,0.2,0.0,0.0,0.0,0.0
v873,0.0,0.6,0.7,0.1,0.0,0.0
v874,0.9,0.0,0.0,0.0,0.1,0.1
v875,0.0,0.2,0.0,0.0,0.0,0.0
v876,0.0,1.0,0.2,0.0,0.1,0.0
v877,0.0,0.2,0.0,0.4,0.0,0.0
v878,0.9,0.0,0.0,0.0,0.3,0.4
v879,0.8,0.4,0.2,0.1,0.2,0.4
v880,0.7,0.9,0.8,0.4,0.4,1.0
v881,0.0,0.0,0.7,0.7,0.0,0.0
v882,0.0,0.8,0.0,1.0,0.2,0.0
v883,0.0,0.9,1.0,0.2,0.2,0.3
v884,0.8,0.0,0.0,0.0,0.0,0.3
v885,0.8,0.0,0.0,0.0,0.0,0.3
v886,0.0,0.5,0.5,0.7,0.0,0.0
v887,1.0,0.0,0.0,0.1,0.5,0.3
v888,0.6,0.6,0.0,0.0,0.2,0.5
v889,1.0,0.0,0.0,0.0,0.0,0.0
v890,0.5,0.2,0.0,0.0,0.5,0.4
v891,0.3,0.6,0.0,0.1,0.0,0.3
v892,1.0,0.0,0.0,0.0,0.0,0.3
v893,0.1,0.3,1.0,0.4,0.2,0.3
v894,0.9,0.0,0.0,0.0,0.0,0.7
v895,0.0,0.5,0.9,0.0,0.0,0.0
v896,0.0,0.0,0.0,0.0,0.0,0.0
v897,,,0.0,0.0,0.7,0.4
v898,0.0,0.6,0.9,0.0,0.0,0.0
v899,0.4,0.2,0.0,0.0,0.3,0.3
v900,0.0,0.9,0.6,0.2,0.1,0.1
v901,0.7,0.1,0.0,0.0,0.0,0.1
v902,0.0,0.0,0.0,0.0,0.0,0.0
v903,0.7,0.1,0.0,0.0,0.0,0.0
v904,0.5,1.0,0.2,0.8,0.5,0.3
v905,0.0,0.0,0.0,0.0,0.3,0.0
v906,0.8,0.1,0.0,0.0,0.0,0.1
v907,0.1,0.1,0.0,0.0,0.2,0.1
v908,0.0,0.0,0.0,0.0,0.0,0.0
v909,0.0,0.0,0.0,0.0,0.0,0.0
v910,0.0,0.0,0.0,0.0,0.0,0.0
v911,1.0,0.0,0.0,0.0,0.0,0.0
v912,0.0,0.0,0.0,0.0,0.0,0.0
v913,0.0,0.0,1.0,0.0,0.0,0.0
v914,0.0,0.3,0.0,0.9,,
v915,0.0,0.0,0.0,0.0,0.1,0.0
v916,0.0,1.0,0.6,0.0,0.0,0.1
v917,0.6,0.8,0.0,,0.3,
v918,0.0,0.0,0.0,0.0,0.0,1.0
v919,0.1,0.0,0.0,0.0,0.0,0.1
v920,0.3,0.3,0.3,0.3,0.3,0.3
v921,0.5,0.0,0.0,0.9,0.0,0.0
v922,1.0,0.0,0.0,0.0,0.8,0.4
v923,0.4,0.4,0.0,0.0,0.1,0.2
v924,0.5,0.5,0.5,0.6,0.0,0.5
v925,0.3,0.3,0.0,0.0,0.0,0.1
v926,0.0,0.9,0.9,0.9,0.5,0.3
v927,0.0,0.0,0.1,0.8,,0.0
v928,0.8,0.0,0.0,0.0,0.3,0.0
v929,0.0,0.0,1.0,0.0,0.0,0.0
v930,0.1,0.3,0.7,0.3,0.3,0.1
v931,0.0,0.0,0.0,0.0,0.0,0.0
v932,0.7,0.0,0.0,0.0,0.0,0.1
v933,0.2,0.3,0.0,0.2,0.0,0.4
v934,0.0,0.1,0.5,0.1,0.0,
v935,0.6,0.4,0.0,,0.2,0.4
v936,0.3,0.2,0.6,0.5,,
v937,0.5,0.5,0.7,0.4,0.0,0.1
v938,0.4,0.2,0.4,0.4,0.0,0.1
v939,0.6,0.0,0.0,0.0,0.0,0.3
v940,0.2,0.1,0.1,0.1,0.1,0.1
v941,0.0,1.0,0.1,1.0,0.1,0.1
v942,0.3,0.0,0.0,0.0,0.8,0.0
v943,0.0,0.8,0.0,0.0,0.0,0.0
v944,0.3,0.4,0.4,0.3,0.5,0.4
v945,0.0,0.7,0.0,0.0,0.0,0.1
v946,0.3,0.6,1.0,0.4,0.5,0.1
v947,0.0,0.0,0.0,0.0,0.0,0.0
v948,0.8,0.1,0.0,0.1,0.6,0.4
v949,,0.7,,0.6,0.9,0.7
v950,0.0,1.0,0.0,0.0,0.0,0.2
v951,0.8,0.2,0.0,0.1,0.3,0.7
v952,0.0,0.0,0.1,0.1,0.0,0.0
v953,0.8,0.0,0.0,0.0,0.2,0.0
v954,0.4,0.4,0.0,0.0,0.0,0.1
v955,0.4,0.0,0.0,0.0,0.1,0.1
v956,0.0,1.0,0.2,0.2,0.1,0.2
v957,0.8,0.3,0.1,0.1,0.0,0.3
v958,0.8,0.1,0.0,0.1,0.1,0.6
v959,0.8,0.0,0.0,0.0,0.8,0.2
v960,0.0,0.1,,,0.0,0.0
v961,1.0,0.0,0.0,0.0,0.0,0.5
v962,0.3,0.2,0.2,0.7,0.0,0.0
v963,0.6,0.1,0.0,0.0,0.0,0.2
v964,1.0,0.0,0.0,0.1,0.3,0.5
v965,0.1,0.1,0.0,0.0,0.0,0.1
v966,0.5,0.3,0.0,0.0,0.2,0.4
v967,0.5,0.5,0.0,0.0,0.0,0.5
v968,0.0,0.3,0.8,0.0,0.0,0.1
v969,0.0,0.0,0.0,0.0,0.0,0.0
v970,0.0,0.5,0.1,0.2,0.0,0.0
v971,0.0,0.9,0.0,0.0,0.0,0.0
v972,0.0,0.9,,0.0,0.5,0.0
v973,0.0,0.3,0.1,0.6,,0.2
v974,0.1,0.1,0.7,0.2,0.2,0.2
v975,0.1,0.3,0.6,0.8,0.4,0.2
v976,1.0,0.0,0.0,0.0,0.0,0.6
v977,0.0,0.0,0.0,0.0,0.0,0.0
v978,0.2,0.2,0.6,0.2,0.2,0.2
v979,0.1,0.1,0.1,0.1,0.1,0.1
v980,1.0,0.0,0.0,0.0,0.0,0.1
v981,0.0,0.9,0.0,0.0,0.3,0.0
v982,0.1,0.8,0.0,0.0,0.1,0.4
v983,0.0,0.0,0.0,0.0,0.0,0.0
v984,1.0,0.0,0.0,0.0,0.0,0.5
v985,0.7,0.6,0.1,0.1,0.2,0.3
v986,0.0,0.0,0.9,0.0,0.0,0.0
v987,,,,,,0.9
v988,1.0,0.0,0.0,,0.0,0.6
v989,0.1,0.2,0.4,0.0,0.0,0.2
v990,0.2,0.1,0.0,0.0,0.0,0.0
v991,0.0,1.0,0.2,0.0,0.3,0.0
v992,1.0,0.4,0.3,0.5,0.8,0.6
v993,0.9,0.0,0.0,0.0,0.0,0.0
v994,0.3,0.0,0.0,0.2,0.0,0.3
v995,0.9,0.0,0.0,0.0,0.3,0.1
v996,1.0,0.0,0.0,0.0,0.0,0.3
v997,0.1,0.4,0.0,0.0,0.4,0.2
