"","cand_A","cand_B","cand_C","cand_D","cand_E","cand_I"
"21832",2,8,5,2,3,5
"21834",0,0,0,5,0,0
"21836",6,7,7,8,6,6
"21837",6,6,5,5,8,3
"21839",3,4,3,3,4,3
"21840",5,4,5,5,5,5
"21841",10,0,0,10,10,0
"21842",2,7,6,3,3,3
"21843",8,0,0,8,8,0
"21845",0,9,6,0,0,7
"21847",2,4,4,2,3,2
"21849",7,0,0,5,5,0
"21851",0,5,7,0,7,5
"21852",7,3,7,6,3,0
"21854",8,0,3,5,0,0
"21855",0,7,5,0,0,2
"21856",0,7,6,0,0,5
"21857",0,8,8,0,2,4
"21858",2,2,4,3,4,2
"21859",8,3,4,6,7,4
"21861",6,0,2,7,6,2
"21862",3,3,3,3,3,3
"21863",0,6,6,2,1,6
"21866",0,7,6,0,0,6
"21867",0,8,3,5,2,8
"21868",0,6,2,4,2,5
"21870",5,8,4,5,8,5
"21871",0,8,9,0,7,6
"21877",1,5,5,1,5,1
"21881",3,5,5,3,3,3
"21884",9,2,5,9,9,0
"21885",10,0,0,10,0,0
"21889",10,0,0,10,0,0
"21894",5,7,5,3,7,6
"21895",10,5,0,7,5,3
"21898",0,5,10,0,5,5
"21901",0,5,4,0,0,5
"21911",8,4,4,0,8,0
"21912",9,3,4,6,5,0
"21915",10,0,0,9,0,0
"21918",7,0,0,5,5,0
"21919",3,5,3,3,3,9
"21920",4,10,9,5,4,3
"21921",8,2,4,8,7,0
"21924",8,0,0,7,7,0
"21930",0,8,5,0,0,5
"21932",6,7,7,5,6,5
"21933",10,5,3,10,10,0
"21937",0,0,0,0,0,0
"21939",2,5,5,3,5,5
"21940",3,3,4,3,0,0
"21941",3,2,2,4,4,4
"21943",10,1,0,8,6,0
"21944",2,8,7,3,3,6
"21947",10,0,5,5,5,0
"21951",1,7,8,1,0,5
"21955",3,4,4,3,4,3
"21957",0,3,5,0,0,5
"21958",0,10,10,0,0,10
"21960",0,0,0,0,0,0
"21961",0,6,4,0,1,5
"21966",2,8,8,5,8,5
"21968",2,4,4,1,3,2
"21972",2,3,3,2,4,0
"21977",0,0,0,0,0,0
"21979",6,5,7,6,4,2
"21980",7,3,6,7,6,3
"21981",5,0,5,3,2,1
"21983",1,5,10,5,5,5
"21984",0,10,10,0,5,10
"21985",3,6,6,2,2,5
"21986",0,8,8,0,0,0
"21988",9,8,2,9,7,5
"21991",5,0,5,10,0,0
"21994",2,5,4,3,2,5
"21995",0,7,7,0,2,7
"21996",7,0,4,7,8,0
"21998",8,0,0,6,5,0
"22000",3,7,8,4,3,4
"22001",5,5,6,6,4,3
"22002",2,8,7,4,4,4
"22003",10,5,0,5,5,10
"22006",3,7,6,3,5,5
"22010",7,2,0,5,2,0
"22014",6,4,4,6,7,3
"22015",0,7,5,0,0,5
"22016",0,10,10,0,0,10
"22017",0,4,5,0,2,4
"22018",8,7,5,8,6,6
"22023",3,7,6,4,5,6
"22024",4,5,5,4,4,4
"22027",0,0,0,0,0,0
"22028",0,6,9,0,7,9
"22032",5,7,8,5,6,6
"22033",5,5,4,5,5,5
"22034",4,4,5,6,4,3
"22035",7,4,3,6,6,0
"22037",5,5,5,5,6,3
"22039",0,0,0,0,0,0
"22045",0,8,7,0,0,5
"22047",4,6,7,4,4,7
"22048",6,5,4,5,5,5
"22049",5,5,5,5,5,5
"22052",3,2,2,2,3,1
"22053",7,3,3,7,6,1
"22055",8,3,5,7,8,0
"22056",4,0,3,5,5,0
"22057",7,6,5,5,5,4
"22058",7,5,7,7,5,5
"22060",3,4,5,4,4,3
"22062",8,0,0,8,0,0
"22064",8,7,7,4,7,7
"22066",8,5,3,7,7,0
"22067",1,7,6,2,5,6
"22068",0,5,5,6,6,5
"22070",8,4,2,6,7,3
"22072",10,0,0,10,8,0
"22073",10,0,0,10,10,0
"22076",0,3,0,0,3,3
"22078",8,5,0,5,2,0
"22079",2,8,6,2,5,8
"22080",10,4,6,7,8,0
"22081",5,3,5,5,3,7
"22082",0,9,8,0,1,1
"22083",0,5,5,0,5,3
"22085",2,5,7,0,3,6
"22087",5,1,3,5,4,1
"22090",8,10,4,10,5,7
"22091",5,7,8,6,4,4
"22092",3,7,8,3,4,6
"22094",3,5,6,5,4,6
"22095",9,5,6,8,8,3
"22096",6,3,2,7,6,2
"22099",7,2,6,5,7,3
"22100",0,5,9,5,5,5
"22102",10,0,5,8,8,0
"22104",6,4,2,5,4,3
"22105",8,5,2,8,4,0
"22106",10,0,0,5,0,0
"22107",8,3,5,9,8,0
"22108",2,0,6,3,5,0
"22112",7,0,3,6,9,0
"22113",6,2,3,6,5,6
"22114",7,5,5,6,6,4
"22115",2,0,0,4,3,0
"22117",2,4,4,2,3,3
"22118",6,3,3,7,7,3
"22124",5,7,7,5,5,6
"22125",0,10,10,0,0,0
"22126",0,8,8,0,6,5
"22127",0,0,6,0,0,0
"22130",10,0,0,2,0,0
"22131",6,5,7,5,6,6
"22132",0,10,5,0,0,5
"22133",2,2,2,2,3,1
"22135",0,6,5,0,0,7
"22141",0,2,3,0,0,1
"22144",0,1,1,0,1,1
"22146",8,0,0,6,8,0
"22148",1,8,5,2,4,3
"22149",0,6,9,3,5,5
"22150",4,8,5,4,4,4
"22151",0,6,8,0,0,8
"22153",0,8,7,0,2,5
"22154",4,2,2,2,4,0
"22155",0,7,10,0,6,5
"22156",0,2,2,0,3,8
"22159",0,0,0,0,0,0
"22160",4,6,6,3,2,0
"22161",3,1,2,2,1,0
"22162",5,5,6,0,5,3
"22163",9,3,8,6,6,2
"22164",2,4,7,8,4,2
"22168",0,5,5,0,0,5
"22169",10,0,0,10,8,0
"22171",4,9,8,4,0,5
"22175",1,7,7,2,2,5
"22177",3,3,3,3,3,4
"22178",10,0,0,8,10,0
"22179",2,6,6,5,4,4
"22180",3,7,7,3,3,8
"22181",8,0,1,5,10,0
"22183",3,3,2,3,3,0
"22184",0,8,8,4,0,6
"22185",0,5,5,0,0,10
"22186",0,8,8,3,4,6
"22188",8,0,0,8,5,0
"22189",5,2,4,5,5,0
"22190",5,3,5,5,3,0
"22192",4,3,2,5,2,2
"22193",4,3,5,5,4,3
"22194",0,8,6,0,1,4
"22197",3,5,4,5,5,0
"22200",3,5,3,5,4,3
"22201",10,3,5,6,8,0
"22202",1,5,5,0,2,2
"22203",4,3,5,2,5,0
"22205",6,5,4,3,6,0
"22208",10,0,3,7,5,0
"22211",5,7,5,5,6,2
"22214",0,4,2,0,3,4
"22215",2,7,5,3,1,3
"22216",3,2,2,4,2,1
"22217",7,3,2,7,8,0
"22218",5,0,0,5,5,0
"22220",6,3,4,6,4,3
"22221",7,2,0,0,8,0
"22222",0,5,5,0,0,0
"22225",5,2,6,4,7,0
"22226",4,8,8,3,3,6
"22227",7,0,3,5,9,0
"22228",0,5,5,1,1,3
"22230",7,7,7,8,6,5
"22231",4,7,9,5,4,8
"22232",8,0,1,6,9,1
"22233",6,1,1,5,0,0
"22234",0,10,7,0,0,4
"22235",0,5,5,0,0,5
"22236",5,2,2,5,5,5
"22239",6,2,4,8,8,0
"22244",10,0,0,10,10,10
"22245",0,5,5,0,2,3
"22247",3,6,4,5,4,6
"22249",10,5,2,10,0,0
"22250",7,3,6,6,8,0
"22254",5,0,3,6,8,0
"22255",6,3,4,5,5,3
"22256",10,5,0,0,9,0
"22258",6,3,3,4,5,2
"22261",3,7,6,5,5,5
"22263",5,8,5,5,8,1
"22264",5,0,0,5,0,0
"22265",0,10,10,0,0,10
"22266",0,10,7,0,0,5
"22267",0,5,5,0,0,5
"22268",7,0,1,5,6,0
"22269",1,6,7,2,5,6
"22270",0,10,10,0,0,5
"22271",6,5,8,4,5,4
"22272",5,5,3,4,3,0
"22274",4,5,7,5,3,3
"22275",3,5,3,3,6,4
"22276",2,5,5,0,2,5
"22278",0,8,9,3,5,4
"22279",0,6,6,3,5,5
"22280",3,3,2,1,2,3
"22281",5,0,3,8,3,0
"22282",5,5,5,5,5,5
"22283",6,2,3,6,6,3
"22284",7,5,5,5,5,3
"22285",3,1,5,0,4,0
"22286",0,8,8,5,0,2
"22287",0,10,10,0,0,10
"22288",3,8,6,4,2,0
"22290",10,10,8,10,10,10
"22291",10,1,2,8,3,7
"22293",6,5,5,8,8,4
"22296",2,6,4,5,6,5
"22298",1,6,6,1,2,4
"22299",3,4,2,3,4,2
"22300",4,6,6,5,5,6
"22301",5,2,5,5,5,5
"22302",3,3,3,3,3,3
"22303",1,7,7,3,4,7
"22305",0,9,4,0,4,3
"22307",0,9,8,0,0,0
"22308",0,0,10,6,6,6
"22309",0,0,0,5,10,0
"22311",1,1,10,1,2,0
"22312",3,5,5,3,3,2
"22314",1,9,8,1,0,5
"22315",0,9,10,2,4,7
"22317",4,5,5,5,5,7
"22318",8,1,3,8,3,3
"22320",2,6,7,2,7,6
"22322",5,5,5,5,5,0
"22324",6,1,4,5,7,0
"22325",3,3,2,2,3,0
"22327",3,6,5,6,5,5
"22329",4,8,7,5,6,9
"22330",0,7,8,1,1,6
"22331",3,5,5,3,2,5
"22333",0,7,1,0,0,7
"22335",1,5,8,2,2,5
"22336",8,5,6,8,8,4
"22337",0,5,10,0,5,10
"22339",7,0,3,8,9,0
"22341",9,0,2,9,9,0
"22342",0,5,7,3,4,2
"22343",0,10,10,0,0,6
"22344",1,5,6,1,5,8
"22345",0,8,6,2,0,6
"22347",5,3,4,4,2,3
"22348",5,0,0,5,5,0
"22349",2,2,6,4,4,1
"22352",7,6,5,6,6,0
"22353",2,6,6,3,3,6
"22356",0,5,5,1,2,4
"22357",4,0,0,4,4,0
"22359",0,0,0,3,0,0
"22360",5,4,5,5,5,2
"22361",1,6,8,3,2,8
"22362",0,0,5,0,6,8
"22364",0,7,7,0,2,8
"22366",4,5,8,3,6,3
"22367",4,6,8,4,5,5
"22369",6,5,5,4,8,3
"22371",0,7,6,0,2,2
"22372",2,8,7,3,5,7
"22374",8,0,5,10,10,0
"22376",6,4,6,8,7,3
"22377",3,3,5,5,5,3
"22379",2,7,5,3,3,5
"22381",0,6,7,7,0,8
"22383",0,10,5,0,0,5
"22388",2,8,7,4,6,1
"22389",10,0,0,8,8,0
"22390",5,0,0,5,8,0
"22391",5,5,5,5,5,5
"22395",0,10,9,6,8,9
"22396",3,3,3,3,3,3
"22397",6,4,3,1,3,6
"22398",9,1,5,9,9,2
"22400",8,8,8,8,8,0
"22401",3,6,5,3,2,5
"22402",5,0,0,6,6,0
"22403",0,8,6,0,0,5
"22404",8,5,7,7,5,5
"22405",0,6,4,0,0,5
"22406",9,0,0,7,8,0
"22408",0,10,10,1,1,5
"22409",3,5,5,5,5,5
"22410",0,7,5,0,0,3
"22412",7,1,1,9,7,0
"22413",8,0,0,7,7,0
"22414",0,5,4,0,0,2
"22415",7,5,5,5,7,4
"22417",3,6,8,4,5,6
"22419",5,1,0,4,4,4
"22422",1,5,5,5,5,7
"22423",1,6,5,2,0,4
"22424",4,0,2,3,6,0
"22425",5,5,5,5,5,5
"22426",10,0,0,10,8,0
"22427",0,4,4,3,3,4
"22428",3,7,8,3,4,4
"22429",5,0,0,3,5,0
"22430",6,0,4,4,7,0
"22431",6,4,4,5,6,0
"22432",0,8,7,0,0,6
"22433",2,9,7,5,4,5
"22434",9,0,5,4,7,0
"22435",8,4,4,4,4,4
"22437",6,5,1,3,3,1
"22438",2,8,7,2,3,4
"22439",3,1,2,4,10,1
"22441",5,2,0,2,0,0
"22442",8,1,0,5,10,0
"22443",0,8,7,2,0,6
"22444",0,0,0,0,0,0
"22445",2,8,7,2,2,2
"22446",5,6,6,5,6,5
"22447",3,5,5,3,5,5
"22449",9,5,4,6,6,1
"22450",5,6,7,5,6,5
"22451",0,8,7,5,0,6
"22452",2,9,10,0,1,8
"22455",0,10,7,2,5,6
"22456",0,9,6,3,0,0
"22457",6,0,1,5,1,0
"22458",3,3,3,3,2,2
"22459",5,1,3,4,5,0
"22460",0,9,7,0,0,7
"22461",7,1,2,3,7,1
"22462",8,0,0,5,5,0
"22464",0,5,5,0,0,0
"22465",9,7,8,8,2,1
"22466",5,5,5,4,8,4
"22467",5,0,3,3,7,0
"22468",0,5,5,0,0,8
"22469",0,8,5,3,0,6
"22470",6,4,5,5,4,4
"22471",6,5,6,7,6,0
"22472",1,7,5,3,2,3
"22473",0,7,5,0,0,5
"22474",5,3,3,6,7,2
"22476",0,9,8,5,4,8
"22477",2,4,6,4,4,4
"22478",10,8,10,10,10,6
"22480",5,4,5,3,3,5
"22481",3,5,6,8,5,2
"22482",0,6,7,0,0,5
"22483",3,3,3,3,2,0
"22484",5,5,5,6,5,2
"22485",0,7,5,0,0,7
"22486",5,5,5,5,5,5
"22487",2,3,5,8,5,5
"22489",10,0,0,10,10,0
"22490",4,5,5,4,5,5
"22491",7,7,7,8,8,7
"22492",7,6,6,7,7,6
"22493",5,0,0,3,5,0
"22494",2,2,2,3,3,0
"22497",4,8,6,4,5,5
"22498",5,3,3,3,5,3
"22499",2,3,3,2,4,7
"22503",0,5,5,0,0,5
"22506",4,3,6,6,4,5
"22508",0,5,5,0,1,3
"22509",0,7,4,0,0,2
"22510",5,5,5,5,5,5
"22512",5,5,7,6,3,4
"22513",0,7,5,0,0,3
"22514",0,3,4,0,7,6
"22519",0,7,6,3,4,5
"22521",0,8,6,2,0,8
"22523",5,6,5,6,4,6
"22524",10,3,8,5,0,0
"22526",5,6,5,5,6,3
"22527",0,7,8,0,0,5
"22529",0,8,7,6,0,6
"22530",0,8,6,0,0,2
"22534",4,3,5,4,3,2
"22535",4,6,5,6,4,7
"22536",1,6,5,3,4,5
"22537",0,10,8,0,0,9
"22539",0,3,2,0,0,6
"22540",0,0,2,0,2,2
"22541",5,5,5,6,7,6
"22542",1,3,5,1,3,1
"22543",3,7,6,3,6,0
"22544",7,7,5,4,4,7
"22545",0,7,5,0,0,5
"22546",6,3,4,1,2,7
"22547",0,7,5,3,0,7
"22548",5,5,4,5,5,4
"22549",4,3,5,2,3,6
"22550",7,0,2,7,0,0
"22551",9,0,0,7,8,0
"22552",8,5,7,6,8,0
"22557",1,6,7,3,4,7
"22558",9,0,1,9,9,0
"22560",0,9,5,1,0,6
"22561",2,3,2,5,2,6
"22562",0,10,7,1,2,10
"22563",5,4,1,6,1,1
"22564",4,3,3,9,9,4
"22565",4,5,5,4,5,4
"22567",0,0,5,0,0,10
"22568",0,7,6,0,0,6
"22569",5,0,0,3,2,0
"22571",7,0,4,6,8,0
"22572",2,4,6,4,1,5
"22573",6,4,5,5,7,2
"22574",0,10,5,0,5,10
"22575",0,5,0,0,0,5
"22578",1,8,5,2,0,4
"22579",2,3,2,2,1,0
"22582",0,6,3,3,5,5
"22583",2,6,4,0,2,3
"22585",0,5,5,0,1,5
"22586",0,6,4,0,0,3
"22587",1,8,8,1,8,7
"22588",0,7,4,0,0,5
"22589",0,10,9,0,0,5
"22591",0,8,5,0,0,6
"22592",0,4,3,1,1,4
"22593",1,5,5,5,4,4
"22594",0,6,6,0,0,4
"22595",0,0,0,0,1,2
"22596",6,0,3,4,4,0
"22597",0,6,5,0,0,7
"22598",0,0,3,0,0,1
"22599",2,7,5,3,2,4
"22600",1,2,2,1,2,2
"22602",0,5,3,0,4,4
"22603",7,4,6,8,9,0
"22604",7,0,0,9,8,2
"22605",1,3,3,2,4,5
"22607",0,5,5,0,3,7
"22608",0,8,3,0,0,5
"22609",3,5,1,3,5,0
"22610",0,0,0,0,0,5
"22611",0,7,7,3,8,6
"22612",5,5,5,5,5,5
"22614",0,10,6,0,0,8
"22615",1,8,7,3,1,4
"22616",3,8,7,5,4,6
"22619",0,6,5,0,0,7
"22620",2,3,3,2,2,5
"22621",0,5,1,0,0,8
"22622",0,8,6,1,1,6
"22623",0,0,8,0,0,5
"22624",4,3,4,5,4,1
"22625",3,2,3,5,5,3
"22626",0,7,3,1,1,5
"22628",0,4,6,0,3,5
"22629",9,4,3,8,7,1
"22630",0,3,5,0,0,3
"22631",2,5,5,0,5,5
"22632",0,2,0,1,0,7
"22633",0,9,6,0,0,6
"22634",0,7,6,0,5,6
"22636",8,0,0,5,8,0
"22637",3,5,5,5,5,5
"22640",0,7,5,5,5,6
"22641",1,1,7,3,1,7
"22643",0,8,6,0,3,7
"22644",1,4,4,3,5,5
"22646",0,5,0,5,5,7
"22648",1,7,5,1,1,8
"22649",5,7,6,4,5,7
"22650",0,5,2,0,4,6
"22651",0,4,4,0,1,4
"22652",6,8,7,8,7,4
"22653",0,10,7,4,1,5
"22654",0,1,1,1,0,5
"22655",4,5,6,5,4,4
"22656",0,5,5,5,5,7
"22657",0,5,2,0,0,7
"22658",3,5,5,3,5,5
"22661",0,3,1,0,0,3
"22662",5,5,5,5,5,5
"22663",0,7,6,0,0,6
"22664",0,5,1,0,0,6
"22665",0,0,0,0,0,0
"22666",2,2,2,2,1,4
"22667",0,2,3,3,3,6
"22668",5,5,5,5,5,6
"22670",0,7,7,2,7,7
"22671",0,8,6,5,0,6
"22672",0,9,5,0,0,8
"22675",0,8,6,0,0,8
"22676",2,5,4,2,2,5
"22678",4,7,7,4,4,5
"22679",2,4,4,2,2,4
"22681",0,4,3,0,1,4
"22682",0,7,1,0,4,7
"22683",2,7,6,3,3,6
"22684",1,3,3,2,2,3
"22685",0,6,8,5,4,7
"22686",5,2,5,5,2,2
"22687",0,6,4,1,2,5
"22688",0,7,5,6,5,8
"22689",0,6,0,0,0,5
"22690",1,7,6,1,1,7
"22692",1,5,5,3,3,7
"22693",0,2,2,0,0,8
"22694",3,3,3,5,4,6
"22695",7,7,5,6,5,8
"22696",0,5,6,4,5,7
"22697",5,6,6,4,5,5
"22698",0,6,5,2,5,7
"22699",0,7,8,2,3,4
"22700",0,7,6,1,1,7
"22701",0,5,5,0,6,7
"22702",0,5,5,0,0,2
"22704",0,7,6,0,0,7
"22706",4,7,5,3,5,6
"22707",2,3,4,1,4,6
"22708",10,7,7,10,10,8
"22709",0,4,5,3,1,6
"22710",0,7,4,0,0,3
"22711",1,8,6,3,2,8
"22712",0,5,3,0,0,3
"22713",0,8,7,0,0,8
"22714",1,4,4,3,3,6
"22715",0,3,0,0,0,7
"22716",0,9,4,0,0,5
"22717",4,5,5,5,4,5
"22718",0,7,5,0,0,7
"22719",1,8,7,2,2,7
"22720",2,7,2,0,2,2
"22721",0,0,3,1,2,7
"22722",0,5,6,0,0,5
"22723",0,2,3,4,3,5
"22724",0,9,6,3,3,8
"22725",0,8,7,5,3,7
"22726",0,7,6,0,0,9
"22727",0,8,5,2,2,5
"22728",0,9,6,8,0,4
"22730",0,0,0,2,1,3
"22732",0,7,7,0,5,7
"22733",1,10,5,3,4,7
"22734",1,6,6,3,1,7
"22735",1,5,4,1,1,4
"22736",2,3,4,2,1,2
"22737",0,8,1,0,2,7
"22738",1,9,7,4,4,6
"22740",1,6,3,1,6,5
"22742",3,6,4,3,4,5
"22743",0,1,5,0,5,0
"22745",3,7,8,3,4,6
"22747",4,6,5,5,6,7
"22748",0,3,5,2,4,5
"22750",0,7,7,0,0,6
"22751",10,6,6,9,8,1
"22752",0,5,7,0,5,9
"22753",0,4,6,0,5,7
"22754",5,5,4,4,4,8
"22755",2,5,3,3,2,5
"22757",0,7,3,0,0,6
"22758",0,3,3,0,3,2
"22759",6,5,7,5,6,7
"22760",0,5,5,3,4,5
"22761",0,1,6,0,2,7
"22762",2,7,7,3,6,8
"22763",1,5,6,1,4,7
"22764",0,8,5,0,0,2
"22765",0,4,6,2,4,5
"22766",4,4,5,4,4,5
"22767",0,6,6,0,6,5
"22768",3,7,5,4,3,4
"22769",0,7,7,7,2,5
"22770",3,5,5,5,5,6
"22772",3,3,3,3,4,0
"22773",7,7,5,5,6,0
"22774",0,9,7,0,0,5
"22775",0,2,0,0,0,8
"22778",8,6,5,6,7,4
"22779",1,8,6,2,3,5
"22781",1,4,7,2,4,2
"22782",0,0,0,0,0,3
"22783",5,5,4,2,4,7
