"","cand_A","cand_B","cand_C","cand_D","cand_E","cand_F","cand_G","cand_H"
"40003",7,7,7,8,5,5,5,5
"40007",7,6,2,2,0,5,1,5
"40008",6,5,6,7,6,6,1,2
"40009",10,0,0,4,0,0,0,0
"40011",8,8,5,5,3,5,5,3
"40012",8,5,6,7,5,5,5,5
"40015",7,4,6,2,7,4,6,1
"40017",9,3,1,0,1,5,3,5
"40018",9,2,6,5,1,1,2,1
"40019",0,10,1,10,0,9,0,9
"40020",10,1,1,5,0,0,0,0
"40021",10,0,3,0,0,2,3,0
"40022",5,8,5,7,3,5,8,4
"40023",1,5,5,9,1,5,5,2
"40027",7,5,3,5,3,5,3,3
"40028",8,3,1,1,1,5,7,5
"40029",1,6,5,10,9,7,0,9
"40030",10,0,6,6,0,1,1,1
"40031",5,5,5,5,5,5,5,5
"40032",7,3,3,0,2,7,5,0
"40033",7,2,1,1,1,1,1,1
"40035",8,7,5,8,4,5,5,4
"40038",6,6,1,6,6,3,0,0
"40039",5,9,3,5,0,0,0,0
"40041",2,6,3,4,3,5,0,4
"40043",10,10,7,5,1,2,5,1
"40044",3,4,10,0,0,0,7,0
"40045",10,0,8,0,0,0,8,0
"40046",1,10,1,2,5,5,0,2
"40047",6,9,7,8,4,4,4,4
"40048",5,8,5,3,4,0,0,0
"40049",0,10,9,6,9,3,2,3
"40050",7,6,4,5,3,5,3,1
"40052",5,7,7,8,0,5,3,5
"40053",4,10,8,10,6,8,0,8
"40054",4,8,5,5,4,3,3,4
"40055",10,1,5,1,0,5,6,0
"40056",8,3,5,1,0,5,4,0
"40058",9,1,0,3,1,5,1,0
"40062",10,6,7,5,1,3,4,2
"40064",6,5,7,5,4,5,5,4
"40065",0,8,8,7,0,2,0,1
"40066",5,5,0,5,0,5,0,0
"40069",10,2,0,5,0,0,0,0
"40070",5,6,2,4,0,1,0,0
"40071",9,3,1,1,0,3,3,0
"40079",9,7,5,5,0,0,1,0
"40085",7,6,0,4,0,2,0,1
"40088",4,10,5,5,0,4,2,2
"40091",1,10,1,10,7,5,1,1
"40092",0,10,5,9,5,5,0,5
"40097",0,10,5,5,8,5,0,10
"40098",3,7,4,4,1,4,2,0
"40099",10,0,4,1,8,9,9,0
"40103",8,1,1,1,0,8,5,0
"40104",5,5,5,5,5,5,5,5
"40105",4,5,3,6,0,0,2,0
"40109",5,5,5,0,1,0,4,0
"40110",6,5,1,3,0,1,1,0
"40112",9,2,3,0,0,0,0,0
"40113",10,1,1,6,7,1,7,1
"40114",7,5,3,5,6,5,5,3
"40115",6,2,6,0,6,5,2,2
"40119",3,8,5,6,5,5,5,5
"40120",3,3,8,2,4,5,0,0
"40121",10,5,5,1,1,1,5,1
"40122",9,3,2,3,5,3,8,1
"40130",9,3,1,3,2,3,5,1
"40131",0,10,5,10,0,8,0,0
"40132",2,7,4,10,5,6,0,5
"40135",8,4,4,2,3,2,6,1
"40137",0,7,3,8,3,3,0,3
"40138",8,5,3,3,2,3,3,3
"40139",6,9,6,5,3,5,2,5
"40140",10,3,3,3,5,3,3,3
"40141",4,10,5,7,4,4,1,1
"40142",10,0,0,5,0,6,9,0
"40143",9,2,0,1,3,5,2,0
"40146",3,9,7,8,4,5,6,5
"40149",5,10,9,9,8,5,5,5
"40150",10,0,1,2,5,2,3,2
"40151",6,10,4,7,0,1,1,1
"40152",1,7,5,10,0,0,0,1
"40153",9,2,1,5,3,5,4,5
"40154",9,6,4,1,4,1,4,0
"40155",2,10,10,5,1,10,1,5
"40156",6,4,3,6,5,6,2,5
"40157",5,7,3,7,5,7,0,5
"40158",5,7,5,8,3,4,4,4
"40159",6,5,3,6,4,9,4,3
"40160",5,9,10,5,5,5,0,5
"40161",6,8,5,5,3,5,5,5
"40162",5,9,3,7,8,5,1,3
"40164",2,10,6,10,0,7,0,5
"40165",3,7,5,6,3,5,2,5
"40166",3,7,1,7,10,8,0,0
"40169",0,10,2,5,5,5,0,5
"40170",7,5,0,4,5,5,2,2
"40171",6,7,7,10,0,3,4,3
"40172",4,4,6,5,4,5,5,5
"40173",4,7,5,8,7,6,4,5
"40175",5,9,0,6,6,5,0,5
"40176",7,7,10,3,0,4,5,4
"40177",8,7,0,6,6,7,7,1
"40178",2,8,4,8,7,8,1,8
"40182",2,5,5,5,2,4,3,2
"40183",5,6,0,2,0,2,0,2
"40185",5,7,5,6,2,5,2,3
"40187",10,8,0,9,0,0,0,0
"40190",1,7,4,2,5,3,0,3
"40193",0,7,5,0,0,0,5,0
"40194",5,5,2,5,3,0,1,1
"40195",10,5,0,0,0,0,6,0
"40196",8,6,2,6,7,6,4,1
"40200",2,8,4,4,2,0,1,1
"40201",0,8,10,5,0,0,0,10
"40204",5,5,1,5,5,5,0,4
"40206",4,7,2,5,10,5,0,4
"40207",6,4,5,4,5,5,5,5
"40208",7,6,7,6,2,7,3,5
"40210",10,5,3,5,6,7,2,2
"40211",8,8,5,8,7,5,5,5
"40213",8,7,6,6,8,5,5,4
"40214",8,2,6,6,5,6,6,5
"40215",9,7,2,3,3,2,3,1
"40217",1,6,10,2,0,0,0,0
"40218",10,4,6,5,8,8,5,4
"40223",5,9,8,6,5,8,8,7
"40224",5,5,5,5,5,5,5,5
"40225",8,4,3,2,2,5,6,1
"40227",0,9,9,0,0,5,0,5
"40228",2,5,2,8,6,5,1,5
"40229",10,3,0,0,0,0,0,0
"40230",2,10,9,8,7,6,4,5
"40231",9,1,1,1,0,0,1,0
"40232",8,6,3,5,0,0,2,0
"40234",8,5,1,3,0,5,3,0
"40235",4,6,2,5,2,3,1,3
"40236",4,7,10,7,7,3,1,1
"40240",7,3,7,0,0,0,5,0
"40241",8,2,7,2,6,2,6,2
"40242",10,0,0,0,0,2,0,2
"40243",2,7,2,4,0,2,0,2
"40244",7,4,4,1,2,4,4,2
"40246",10,5,5,0,5,0,10,0
"40247",7,5,7,0,1,1,0,0
"40249",6,10,5,8,10,4,4,4
"40250",4,8,0,10,0,5,0,5
"40251",10,5,1,5,5,5,6,5
"40253",7,4,3,3,4,2,2,1
"40254",10,4,3,5,1,1,8,1
"40255",5,5,5,5,0,5,3,3
"40257",8,5,3,4,4,2,3,1
"40260",9,10,8,9,1,5,7,0
"40261",7,3,2,3,2,3,6,1
"40262",2,10,5,5,1,1,1,1
"40263",8,0,0,0,8,8,5,0
"40265",2,8,3,6,5,3,1,3
"40266",5,10,4,4,0,0,0,0
"40267",2,8,5,7,1,1,1,1
"40268",1,10,5,2,1,1,1,1
"40269",5,5,3,0,0,0,0,0
"40271",10,4,6,4,3,6,7,3
"40275",4,8,8,1,0,0,1,0
"40276",7,5,0,1,0,4,1,0
"40279",8,2,5,5,5,5,5,5
"40280",8,8,5,0,5,0,5,0
"40281",6,6,4,4,6,3,3,3
"40282",9,4,2,3,4,5,8,2
"40283",5,9,7,5,5,1,3,2
"40285",3,8,5,8,5,9,5,8
"40286",9,0,5,0,5,5,0,9
"40287",7,10,9,8,9,7,7,5
"40288",9,6,0,4,1,5,5,5
"40289",10,5,8,5,3,8,4,5
"40290",6,8,6,2,0,0,0,0
"40291",2,8,6,9,2,5,0,5
"40292",8,5,2,2,0,0,0,0
"40293",2,7,5,6,5,6,1,5
"40294",5,5,5,5,5,5,5,5
"40295",5,5,4,5,5,5,4,5
"40296",10,9,6,5,0,0,5,0
"40297",3,7,5,6,5,5,0,0
"40299",5,5,0,4,6,3,2,3
"40300",6,8,6,6,4,4,4,4
"40302",5,5,5,5,4,5,2,2
"40306",7,5,5,0,3,3,5,3
"40309",9,2,4,6,8,6,6,2
"40311",8,3,4,0,2,0,0,0
"40313",2,10,7,7,1,3,5,3
"40314",6,5,4,3,0,2,2,1
"40316",10,6,3,3,0,0,3,0
"40317",8,3,0,3,7,5,0,0
"40318",0,0,0,0,0,0,0,0
"40320",8,6,5,3,2,7,7,2
"40321",9,2,0,1,1,3,2,1
"40322",10,7,5,5,5,5,5,5
"40326",9,3,3,3,4,3,3,3
"40327",6,7,2,8,5,5,0,0
"40328",8,5,5,5,5,5,5,5
"40330",10,0,5,5,3,5,5,5
"40331",7,6,5,3,2,1,3,0
"40332",2,7,5,5,5,5,1,6
"40333",2,10,5,10,5,5,5,5
"40334",9,2,5,5,2,0,8,0
"40336",3,10,5,5,5,5,5,5
"40338",5,10,5,10,1,1,1,1
"40339",1,10,4,8,6,6,0,2
"40340",5,7,3,8,7,5,5,3
"40342",9,5,6,6,1,1,1,1
"40344",0,10,8,9,1,7,2,7
"40346",0,9,5,9,5,6,0,5
"40349",10,8,5,5,3,5,3,3
"40350",8,2,2,0,2,2,5,0
"40352",6,10,5,10,5,1,10,5
"40353",4,6,0,2,0,0,1,0
"40356",5,10,0,5,0,0,0,0
"40357",2,5,7,5,5,8,2,6
"40358",0,9,9,9,7,5,5,5
"40360",10,3,7,1,0,0,4,0
"40361",0,10,5,10,1,5,5,5
"40362",10,1,1,4,0,1,1,1
"40365",0,10,10,8,10,10,0,0
"40366",10,0,5,0,0,0,9,0
"40368",5,7,9,6,3,5,1,4
"40370",9,5,1,5,1,1,1,1
"40372",9,5,5,0,7,7,7,0
"40373",7,10,10,2,2,2,2,2
"40374",8,5,5,2,0,7,0,0
"40376",9,3,5,5,0,7,5,2
"40377",6,6,6,2,5,1,1,1
"40378",10,2,2,2,2,0,2,0
"40379",4,9,0,4,0,0,0,0
"40381",3,8,6,4,4,3,5,0
"40386",1,3,3,2,5,3,3,3
"40387",6,2,6,5,5,0,5,0
"40388",6,4,5,3,5,3,4,2
"40390",0,10,5,5,5,5,0,5
"40391",8,2,0,0,6,0,2,0
"40394",7,3,2,2,2,2,2,2
"40397",8,2,2,2,2,2,2,2
"40398",2,8,0,0,5,5,0,5
"40399",10,1,9,6,1,0,5,0
"40400",8,4,5,1,0,5,1,2
"40402",9,2,1,1,2,7,4,1
"40403",7,3,5,0,0,4,4,0
"40404",3,9,5,9,6,6,2,6
"40405",7,5,7,1,2,2,5,3
"40406",7,6,0,3,0,0,1,0
"40407",10,3,5,0,0,3,3,0
"40408",6,8,9,5,1,5,1,5
"40409",7,9,8,2,0,0,0,0
"40410",3,8,4,9,7,8,0,7
"40411",0,10,7,7,5,0,0,0
"40412",7,3,6,1,5,5,6,3
"40413",8,5,4,4,5,4,4,2
"40414",0,3,10,0,0,0,5,0
"40415",9,3,2,3,2,4,5,2
"40416",10,1,8,6,2,5,7,4
"40417",8,3,1,6,0,1,1,1
"40420",2,9,2,10,8,9,0,6
"40421",8,3,1,3,4,2,5,1
"40422",10,0,0,5,7,7,6,7
"40423",3,8,8,8,0,0,3,0
"40424",7,7,5,6,6,0,4,0
"40425",6,6,1,5,4,5,3,5
"40426",4,7,3,6,5,2,2,2
"40427",6,5,5,5,5,6,6,5
"40428",8,1,0,1,2,2,2,0
"40432",5,10,5,10,0,6,0,6
"40434",8,9,0,8,5,0,5,0
"40436",6,5,5,3,9,1,3,1
"40437",10,5,5,5,7,5,5,5
"40439",10,5,1,1,1,1,1,1
"40440",10,4,0,6,0,0,1,0
"40441",10,4,3,3,0,7,3,0
"40442",10,4,0,0,0,0,0,0
"40446",6,4,0,2,1,5,0,0
"40448",9,4,2,4,6,4,2,2
"40449",5,5,5,5,5,5,5,5
"40450",8,4,0,1,2,3,6,0
"40451",10,0,5,0,0,0,0,0
"40452",10,8,5,7,0,1,1,1
"40453",4,5,3,6,2,5,5,4
"40454",9,3,1,6,3,3,5,1
"40455",9,6,5,5,5,5,5,5
"40456",5,6,2,1,0,2,2,1
"40458",10,3,4,0,0,0,5,0
"40463",6,6,6,3,10,3,0,0
"40464",5,10,5,5,0,5,0,0
"40465",8,3,8,5,0,5,5,5
"40466",6,3,7,0,0,2,0,0
"40467",6,0,6,0,1,1,5,0
"40468",4,9,5,10,3,5,1,5
"40469",3,8,6,6,3,3,3,3
"40470",5,10,5,0,0,0,0,0
"40471",9,5,0,4,1,5,0,3
"40472",7,4,2,0,3,5,5,0
"40473",8,4,3,2,2,3,3,2
"40474",8,6,5,5,3,5,5,5
"40475",2,10,5,10,5,5,0,0
"40476",5,10,7,5,5,5,5,5
"40477",9,5,4,6,3,9,3,5
"40478",5,8,4,5,1,5,5,5
"40479",1,8,10,0,5,5,5,5
"40480",5,5,6,2,0,1,2,0
"40481",5,5,6,2,5,2,1,0
"40482",8,5,0,3,3,5,0,5
"40483",8,3,2,0,0,3,9,3
"40486",10,0,0,5,5,5,5,5
"40487",2,7,1,9,9,6,0,1
"40488",0,9,5,5,0,0,4,0
"40489",9,7,7,3,0,0,1,0
"40490",10,2,0,3,1,9,2,2
"40491",8,2,4,1,1,5,8,5
"40492",10,5,4,3,8,8,4,4
"40495",10,8,6,5,4,6,5,5
"40497",9,2,1,6,0,0,0,0
"40498",2,10,5,7,1,5,1,1
"40499",9,4,9,3,3,5,5,5
"40502",1,5,9,2,0,0,7,0
"40503",1,8,7,10,5,7,0,10
"40504",7,6,6,3,8,3,6,1
"40505",10,0,0,0,0,0,0,0
"40506",8,7,4,6,6,6,6,4
"40507",10,3,0,5,6,5,3,0
"40508",2,7,4,2,0,5,2,5
"40509",9,2,4,6,0,0,8,0
"40515",0,9,3,6,5,7,0,6
"40516",9,2,0,2,0,5,5,3
"40519",10,3,3,3,0,0,3,0
"40520",0,7,5,0,5,5,1,5
"40521",5,7,7,6,1,1,1,1
"40522",2,8,5,6,5,5,5,5
"40525",8,4,6,4,1,4,4,4
"40526",8,8,5,2,1,1,2,1
"40527",8,6,6,5,9,9,9,9
"40529",10,6,8,2,1,5,5,5
"40530",8,6,0,0,0,0,0,0
"40531",5,7,3,3,0,2,0,0
"40533",5,7,4,5,1,1,1,1
"40534",8,3,9,0,0,0,6,0
"40535",5,8,1,1,0,1,1,1
"40538",2,5,0,5,0,0,0,0
"40539",8,9,7,8,1,5,5,5
"40540",8,6,6,5,9,0,1,0
"40541",6,9,5,8,5,5,0,2
"40542",3,9,9,5,0,0,0,0
"40543",2,8,3,8,3,9,0,4
"40544",10,5,5,4,3,3,4,3
"40545",6,10,9,9,5,5,4,5
"40547",4,7,5,6,8,2,2,2
"40548",8,5,0,5,0,5,0,5
"40549",2,2,8,0,0,0,0,0
"40551",10,0,5,5,5,5,5,5
"40552",7,5,5,5,5,5,5,5
"40554",3,10,9,1,0,5,2,2
"40555",4,8,7,7,5,5,0,2
"40558",10,0,5,0,0,5,5,0
"40559",9,2,2,0,0,0,1,0
"40560",5,6,6,4,0,0,0,0
"40562",5,9,3,6,0,5,1,4
"40563",9,2,5,2,0,2,8,0
"40564",9,2,0,0,0,0,0,0
"40565",9,5,3,3,7,1,3,1
"40566",8,3,2,4,5,5,5,2
"40568",6,5,9,1,0,5,1,5
"40570",8,3,7,0,6,5,6,0
"40574",9,5,3,5,7,5,3,5
"40575",0,10,5,5,1,1,0,1
"40576",4,8,7,6,0,5,5,5
"40577",5,8,4,8,5,5,5,5
"40579",10,6,0,5,0,0,0,0
"40580",3,6,5,6,0,0,0,0
"40581",4,8,3,4,1,5,1,1
"40584",1,7,3,9,6,6,0,5
"40585",4,8,5,7,6,5,0,1
"40586",8,1,4,1,0,0,0,0
"40588",6,4,2,3,2,4,5,3
"40591",10,5,0,5,0,0,0,0
"40592",9,2,5,2,5,5,5,0
"40593",2,9,4,4,3,2,2,2
"40594",8,5,2,4,8,8,7,0
"40595",3,10,3,5,1,2,2,2
"40596",2,7,6,6,0,5,2,2
"40597",7,5,6,6,5,5,5,5
"40598",8,2,3,0,2,2,3,2
"40599",1,8,6,8,3,5,1,3
"40600",8,6,5,6,6,7,5,4
"40601",3,5,6,5,4,3,1,5
"40602",2,7,4,5,4,5,1,1
"40603",9,5,3,5,5,3,3,9
"40606",0,8,6,9,6,5,0,5
"40607",1,10,10,1,1,1,1,1
"40608",9,4,7,3,1,3,5,1
"40609",7,3,2,1,5,6,5,1
"40612",8,4,1,0,7,5,5,3
"40613",8,6,1,5,3,5,9,0
"40614",5,6,6,6,7,5,5,5
"40616",7,3,5,4,0,5,5,5
"40618",9,5,7,5,5,5,5,5
"40619",7,4,5,5,0,5,5,5
"40620",2,8,7,7,0,2,1,1
"40621",10,5,5,3,10,5,5,10
"40622",8,3,0,3,0,0,0,0
"40625",8,4,4,5,3,5,4,3
"40626",5,8,5,9,1,5,1,5
"40628",9,7,3,2,3,3,3,0
"40629",6,5,7,4,2,2,2,2
"40630",6,7,6,4,1,3,3,3
"40632",9,3,3,7,7,5,6,5
"40634",4,4,0,5,10,10,2,7
"40635",9,6,3,2,1,5,6,5
"40640",5,6,4,5,10,3,3,2
"40641",5,10,0,9,0,3,0,0
"40643",5,9,7,5,4,2,2,2
"40644",1,10,1,7,5,7,1,6
"40648",0,10,2,2,5,5,3,2
"40651",10,7,3,4,3,4,3,1
"40652",7,6,4,7,4,7,0,3
"40653",8,4,3,1,1,1,1,1
"40654",5,6,4,6,1,3,3,1
"40656",5,5,5,5,5,5,5,5
"40657",8,5,4,4,4,7,5,1
"40658",3,8,6,6,7,0,0,0
"40659",5,5,0,0,0,0,0,0
"40660",10,7,3,3,1,1,3,1
"40661",0,10,5,5,5,5,5,5
"40665",4,8,5,7,6,5,2,4
"40667",3,7,5,2,2,6,5,2
"40669",10,4,2,8,10,5,5,0
"40671",10,2,2,2,2,2,2,2
"40673",5,8,8,7,1,1,2,1
"40674",10,6,5,5,3,5,5,4
"40675",7,9,0,10,6,3,0,0
"40676",5,8,0,9,4,5,0,4
"40678",10,4,0,3,1,6,6,2
"40679",2,8,5,0,0,5,5,5
"40680",7,4,1,1,0,1,1,0
"40681",7,4,2,5,10,4,2,4
"40682",4,9,3,7,6,5,2,2
"40684",5,5,2,4,3,5,3,5
"40688",3,9,7,1,1,4,7,2
"40689",3,7,0,6,5,5,0,1
"40691",9,5,5,5,3,4,4,3
"40692",6,9,1,7,5,5,1,4
"40693",8,7,7,7,8,1,6,1
"40694",8,5,0,5,0,0,0,0
"40697",3,9,8,8,6,4,0,2
"40698",9,6,8,4,1,1,3,1
"40701",7,2,5,5,5,4,5,4
"40703",5,8,6,5,4,5,3,2
"40704",9,2,5,2,4,3,5,3
"40705",1,7,2,10,2,7,0,3
"40706",6,1,5,0,2,2,1,2
"40707",2,9,5,5,9,1,4,1
"40708",8,8,6,6,0,6,0,0
"40709",2,5,3,7,1,5,0,3
"40710",0,10,0,1,0,0,0,0
"40713",0,10,9,9,0,7,0,7
"40714",6,7,4,5,5,5,5,5
"40715",9,1,5,5,1,3,3,3
"40716",5,6,1,7,4,5,3,5
"40717",5,10,5,5,5,5,5,5
"40719",4,8,2,10,0,6,0,2
"40720",10,0,0,5,0,2,2,1
"40724",0,7,1,8,6,3,0,0
"40725",0,0,5,5,5,0,5,0
"40726",3,8,8,6,8,1,5,1
"40727",7,7,0,5,6,4,2,2
"40728",8,9,5,6,6,5,5,5
"40729",2,9,2,10,7,7,0,5
"40733",5,5,5,4,4,4,5,0
"40734",4,10,4,4,4,4,4,4
"40735",5,10,0,0,0,0,0,0
"40736",8,3,1,2,0,4,6,0
"40737",5,5,0,7,2,5,2,2
"40738",7,3,2,1,0,7,3,0
"40740",8,8,5,8,5,5,5,5
"40741",7,5,5,5,5,5,5,5
"40742",0,10,5,10,5,7,0,5
"40743",4,8,5,7,5,5,3,5
"40744",0,10,8,5,0,0,0,0
"40745",6,6,5,5,3,3,5,3
"40747",6,7,6,8,10,3,8,3
"40749",7,6,5,7,5,7,5,5
"40750",8,4,7,5,4,1,8,1
"40751",6,3,1,5,1,6,4,1
"40752",8,7,2,9,2,2,5,2
"40753",2,8,5,9,5,5,2,2
"40755",1,8,2,9,4,5,0,4
"40756",8,7,7,6,1,2,5,1
"40757",0,8,3,10,5,10,0,10
"40759",5,8,4,9,3,3,4,3
"40761",10,0,8,5,0,0,4,0
"40764",1,5,10,5,5,1,5,5
"40765",0,9,1,10,5,5,0,5
"40766",8,9,0,9,8,6,6,1
"40767",8,7,5,4,5,5,5,5
"40768",8,4,3,0,0,0,1,0
"40770",7,4,3,2,5,4,2,1
"40773",6,5,6,5,5,4,6,3
"40774",4,7,5,6,5,5,4,4
"40775",2,7,5,10,9,7,2,3
"40777",10,10,6,4,5,5,5,5
"40778",9,6,5,7,7,5,5,5
"40779",10,2,0,5,5,5,5,5
"40780",7,6,8,5,4,5,5,3
"40781",8,2,5,0,3,5,1,4
"40783",0,6,1,7,8,5,0,5
"40784",10,6,3,6,2,5,5,5
"40785",9,8,0,7,6,8,1,5
"40786",2,8,4,10,5,7,0,7
"40787",5,5,5,5,10,5,5,5
"40790",2,9,5,5,5,5,5,5
"40791",2,10,4,10,7,8,0,3
"40792",7,8,0,7,2,7,0,0
"40793",9,6,5,4,8,5,5,5
"40795",8,4,4,2,9,3,5,0
"40798",9,5,6,5,5,5,5,5
"40799",2,7,1,10,6,9,1,5
"40801",0,10,4,5,3,5,3,3
"40803",10,2,0,8,0,0,2,0
"40804",3,7,5,7,6,5,3,5
"40805",9,2,0,3,0,5,8,5
"40806",5,5,5,5,5,5,5,5
"40807",7,1,1,1,2,5,4,0
"40810",3,7,5,10,4,8,2,3
"40811",5,6,2,9,5,8,3,5
"40812",7,6,3,5,9,5,0,2
"40813",3,7,6,10,7,6,5,6
"40814",10,0,0,0,0,0,10,0
"40815",0,0,0,0,0,0,0,0
"40816",2,4,8,0,10,0,0,0
"40818",4,7,2,5,2,2,1,2
"40820",8,5,1,1,1,1,1,1
"40821",8,8,5,10,9,7,0,6
"40822",7,5,6,3,10,3,4,1
"40824",10,8,8,8,8,8,8,8
"40825",4,9,6,8,7,6,0,6
"40829",8,4,1,1,3,5,5,3
"40831",4,7,4,9,6,5,0,2
"40832",3,9,3,6,0,5,2,5
"40833",7,8,2,6,3,2,4,2
"40834",4,6,5,5,7,5,1,5
"40836",10,3,3,5,3,5,5,5
"40837",7,5,1,7,5,1,10,1
"40839",3,10,5,1,5,5,1,1
"40840",2,8,3,8,4,5,1,2
"40841",5,5,2,5,5,5,2,4
"40842",2,7,8,2,4,0,1,0
"40843",3,10,3,8,4,7,3,5
"40846",8,8,2,6,0,7,3,3
"40848",2,8,5,7,7,6,0,5
"40849",1,7,2,9,6,6,1,9
"40850",5,8,1,10,8,3,1,3
"40853",9,6,6,5,1,4,8,3
"40854",5,5,5,5,5,5,5,5
"40857",5,10,4,3,0,3,2,1
"40858",2,8,0,8,6,5,0,2
"40859",9,8,3,3,3,3,3,3
"40860",7,3,0,3,4,5,5,0
"40861",3,6,3,9,9,8,0,5
"40862",0,7,0,8,9,7,0,2
"40863",4,9,8,4,4,2,2,2
"40867",7,8,5,2,0,1,3,0
"40868",2,7,3,8,4,7,6,8
"40869",4,8,5,9,7,5,3,5
"40870",0,1,7,3,9,0,8,4
"40875",6,10,10,6,6,4,0,4
"40876",5,7,5,5,5,3,3,2
"40877",5,10,2,8,2,8,2,5
"40878",6,8,4,7,2,3,3,3
"40880",1,6,4,10,6,5,0,5
"40883",0,7,3,8,10,7,3,5
"40885",9,9,5,8,5,5,5,5
"40886",9,6,4,2,6,8,4,1
"40888",2,9,1,10,2,7,0,7
"40889",2,8,7,7,5,5,6,5
"40890",6,5,2,6,1,3,2,3
"40891",0,6,0,10,4,5,0,5
"40892",4,8,5,4,5,5,0,3
"40893",9,3,2,4,5,6,3,3
"40894",7,8,2,7,5,5,7,5
"40895",7,3,0,8,7,4,0,0
"40897",10,1,1,5,0,3,6,3
"40900",10,1,1,5,1,1,5,1
"40902",7,7,5,7,5,7,5,5
"40903",6,6,2,0,6,5,2,0
"40904",4,8,5,8,6,6,2,2
"40906",9,2,2,3,6,7,4,5
"40907",9,9,7,6,0,5,4,4
"40908",10,0,0,0,0,0,0,0
"40909",6,9,4,6,0,3,3,3
"40910",6,3,6,3,2,0,6,0
"40911",0,10,0,10,10,8,0,7
"40912",8,6,6,0,6,7,4,1
"40914",4,10,5,4,5,3,5,5
"40915",3,8,8,5,1,1,0,1
"40916",8,6,5,7,4,3,5,3
"40918",2,7,5,10,9,6,0,8
"40920",5,5,5,5,5,1,5,1
"40922",4,10,3,7,1,7,2,6
"40923",7,6,5,6,5,5,5,1
"40926",6,6,6,6,9,5,5,5
"40927",2,7,3,10,6,7,0,7
"40930",1,8,2,6,9,5,5,5
"40931",5,9,6,6,5,5,4,5
"40933",6,5,5,5,5,5,5,5
"40934",9,7,7,8,7,3,6,3
"40936",1,6,3,7,3,4,2,2
"40937",4,9,5,10,5,6,4,6
"40938",8,5,5,5,5,5,5,5
"40941",9,3,4,8,2,2,2,2
"40944",8,10,6,5,2,1,1,1
"40946",8,5,4,4,4,0,5,0
"40947",8,7,1,6,5,5,0,5
"40948",6,8,2,2,0,0,2,0
"40949",6,6,5,6,5,5,3,5
"40954",7,7,7,7,5,7,7,5
"40955",5,3,5,5,5,10,3,10
"40956",6,10,6,10,8,10,5,8
"40958",0,8,7,5,5,5,0,5
"40959",5,8,3,7,7,8,0,6
"40960",2,8,2,5,5,2,0,0
"40961",4,7,4,8,9,6,0,5
"40963",8,8,5,5,5,5,5,5
"40967",0,7,5,7,6,8,0,8
"40969",7,6,6,3,6,6,1,6
"40974",3,10,7,7,5,5,0,5
"40975",8,6,1,6,9,9,1,9
"40976",7,9,8,9,5,9,5,5
"40977",3,9,4,2,5,10,2,5
"40979",4,7,5,6,6,6,6,6
"40980",1,10,6,2,1,1,0,1
"40981",5,10,5,9,5,10,6,9
"40983",8,5,2,1,0,3,1,0
"40984",5,10,7,8,2,3,2,2
"40986",4,8,5,5,3,5,5,3
"40987",0,1,1,0,1,1,0,0
"40988",5,9,5,6,6,6,5,5
"40989",3,7,1,8,10,8,1,8
"40990",3,7,3,8,8,9,0,9
"40991",6,7,5,6,5,6,4,6
"40992",3,6,0,5,4,7,0,0
"40993",4,10,9,8,1,8,4,1
"40995",4,8,8,8,5,5,0,5
"40996",5,6,10,10,0,8,5,10
"40997",8,8,5,8,8,8,8,5
"40999",4,10,8,8,6,8,4,4
"41000",9,5,10,1,5,5,5,5
"41002",2,2,2,2,2,2,2,2
"41003",0,9,10,4,0,9,3,4
"41005",0,10,0,5,7,0,3,0
"41007",5,10,5,5,5,5,5,10
"41008",0,8,3,8,5,1,0,0
"41009",0,8,8,8,8,8,8,8
"41010",5,3,3,5,6,10,3,2
"41011",0,10,5,10,5,5,5,5
"41012",5,5,3,6,3,6,3,6
"41013",3,9,6,8,10,8,2,10
"41014",7,10,7,7,8,10,5,7
"41015",0,10,0,10,0,5,0,2
"41018",5,8,5,5,5,5,5,5
"41019",5,7,0,5,5,2,0,1
"41021",2,8,4,4,4,3,3,3
"41023",6,8,4,4,0,5,1,4
"41025",7,5,5,5,5,6,5,6
"41026",5,5,5,5,5,5,5,5
"41027",10,0,0,0,0,10,0,0
"41029",1,10,10,10,7,8,8,9
"41030",8,3,1,1,0,5,2,4
"41032",0,10,10,5,8,9,0,10
"41035",0,10,0,9,10,10,0,9
"41036",0,10,6,9,5,9,0,7
"41037",7,5,7,1,3,5,5,5
"41038",1,5,6,5,10,10,1,5
"41039",0,10,5,9,0,8,0,7
"41040",5,5,5,5,5,5,5,5
"41041",8,2,4,8,4,8,0,8
"41043",0,10,1,4,10,10,1,10
"41045",0,10,10,10,5,0,0,5
"41046",1,9,8,5,5,6,5,6
"41047",1,9,5,8,8,10,5,9
"41048",2,6,10,6,0,4,0,0
"41049",0,10,8,8,6,5,5,5
"41051",6,4,5,5,5,8,5,5
"41052",5,5,5,5,5,10,5,5
"41054",0,10,6,6,0,6,0,6
"41056",4,7,6,7,5,6,4,5
"41057",0,9,5,10,6,6,0,6
"41058",0,10,0,5,0,5,5,0
"41060",5,6,6,6,5,6,6,5
"41061",2,10,10,10,10,8,1,3
"41064",5,5,5,5,5,5,0,5
"41067",2,7,3,9,7,4,0,2
"41068",6,7,5,3,8,3,7,4
"41069",9,4,3,2,2,2,8,2
"41071",0,5,10,5,5,5,5,5
"41072",5,8,2,4,2,0,1,0
"41073",5,10,0,8,0,5,0,0
"41074",2,8,9,6,0,4,2,2
"41075",7,7,4,3,1,2,2,1
"41080",0,10,1,5,0,5,0,5
"41081",5,6,4,6,5,6,4,5
"41082",5,5,5,5,5,5,5,5
"41083",10,5,3,3,0,4,2,0
"41084",9,5,9,3,3,3,3,2
"41085",0,8,6,5,3,1,0,0
"41086",10,3,0,5,0,6,5,4
"41087",7,6,6,0,5,5,0,5
"41088",0,9,0,9,9,1,0,1
"41089",9,3,2,1,3,5,4,1
"41091",5,5,4,4,5,3,4,3
"41092",6,4,8,2,1,2,2,2
"41093",6,4,0,3,3,0,1,0
"41094",8,3,2,0,0,6,5,0
"41095",10,5,2,2,1,7,4,1
"41096",5,10,6,4,0,2,3,1
"41098",6,0,5,0,2,0,2,0
"41099",9,6,4,6,3,4,5,3
"41100",8,2,2,3,2,7,5,3
"41101",2,8,2,8,2,2,1,2
"41102",10,0,0,0,0,7,0,0
"41103",10,5,5,5,0,0,0,0
"41104",5,10,10,6,4,4,4,4
"41105",5,7,3,6,6,6,1,1
"41106",8,4,4,1,5,5,5,5
"41107",10,2,3,3,5,5,5,5
"41108",8,3,3,5,2,5,2,1
"41109",5,8,4,8,5,5,2,5
"41110",8,4,1,4,1,5,5,2
"41111",7,5,5,1,1,5,5,5
"41112",7,3,6,3,0,3,3,3
"41113",3,7,5,7,6,7,1,7
"41114",8,8,7,8,5,5,7,5
"41115",8,5,5,5,7,5,5,5
"41119",1,9,4,7,5,1,3,1
"41120",10,5,3,5,3,3,3,3
"41121",8,4,5,5,5,2,5,2
"41124",7,5,5,5,5,5,5,5
"41125",0,8,8,6,6,5,0,5
"41129",1,6,9,1,1,0,0,0
"41130",6,2,1,1,8,1,5,1
"41131",3,5,9,7,8,3,5,1
"41136",4,7,2,6,8,6,0,2
"41138",8,0,0,0,5,5,5,5
"41139",6,8,4,5,1,2,2,2
"41141",6,3,5,6,5,6,5,5
"41142",0,10,5,5,0,8,5,5
"41143",10,0,3,0,0,3,5,0
"41144",5,8,6,5,1,1,1,1
"41147",5,7,7,0,0,1,1,1
"41148",5,5,3,6,8,5,3,5
"41151",8,6,4,6,5,8,7,5
"41153",8,8,5,6,3,1,4,0
"41154",7,6,0,3,0,0,0,0
"41155",5,8,0,10,8,6,2,8
"41156",4,6,8,5,6,2,3,1
"41157",10,3,5,1,7,10,5,5
"41158",3,7,6,5,5,5,5,5
"41159",9,4,4,2,5,5,4,3
"41160",8,6,7,5,2,7,5,6
"41163",0,8,8,5,0,5,0,2
"41164",7,7,5,7,7,6,5,5
"41165",5,7,3,5,0,5,0,0
"41166",7,7,6,5,5,5,5,5
"41167",9,1,2,0,0,0,0,0
"41168",9,2,6,4,2,3,3,2
"41169",8,4,1,1,3,5,5,1
"41170",4,9,1,7,6,5,1,5
"41171",8,5,1,5,0,1,8,0
"41173",0,6,10,5,7,5,6,7
"41174",8,2,6,5,5,5,6,1
"41176",9,3,0,2,5,5,5,5
"41179",0,6,0,9,6,9,0,9
"41180",10,0,1,3,7,5,2,0
"41181",9,3,2,5,5,2,3,2
"41184",9,8,0,5,5,9,9,0
"41185",7,5,6,5,4,5,5,4
"41186",9,0,7,0,0,7,0,0
"41188",9,3,8,4,9,1,6,0
"41189",8,2,2,2,0,2,2,2
"41190",3,10,5,10,0,5,0,5
"41191",5,2,9,1,0,2,5,0
"41192",5,5,5,6,8,5,2,5
"41193",10,0,0,0,6,0,2,0
"41194",8,6,4,5,2,4,3,1
"41195",9,4,2,1,0,1,2,0
"41196",0,10,7,7,6,1,2,0
"41197",6,6,5,7,2,6,4,2
"41198",0,7,6,5,5,0,5,0
"41200",6,6,6,5,5,5,5,5
"41202",10,0,0,6,5,3,6,1
"41204",8,2,4,1,0,6,4,0
"41205",8,4,0,0,0,4,0,0
"41206",10,4,0,2,6,4,6,0
"41209",10,5,5,5,3,5,5,3
"41210",8,7,0,6,7,5,5,1
"41211",8,5,2,2,2,0,1,0
"41212",7,4,5,4,5,4,5,4
"41214",7,8,3,8,6,8,3,7
"41215",9,10,9,10,6,9,8,8
"41216",9,1,0,0,0,3,2,0
"41217",5,2,7,0,0,0,0,0
"41218",10,5,5,0,10,10,10,10
"41219",10,6,6,3,5,3,6,5
"41220",2,9,4,6,7,5,2,0
"41221",0,8,7,8,6,3,4,3
"41226",7,3,3,3,3,3,4,2
"41227",8,6,5,6,6,5,5,5
"41228",2,3,2,8,10,10,8,10
"41229",0,7,10,5,3,0,1,0
"41230",5,3,8,0,4,0,0,0
"41231",5,9,0,3,0,0,0,0
"41232",9,5,5,5,0,5,0,5
"41235",7,5,4,6,6,6,5,5
"41238",6,10,4,8,1,3,3,3
"41240",10,0,5,3,6,2,5,0
"41241",9,7,1,5,8,1,1,1
"41242",8,2,3,0,4,4,7,0
"41244",9,3,5,0,0,0,10,0
"41245",10,1,2,3,1,1,8,1
"41246",4,4,6,5,7,6,6,4
"41250",5,7,2,1,5,5,10,1
"41251",3,9,6,7,7,1,1,1
"41257",3,9,8,5,4,0,4,0
"41258",5,7,4,5,2,5,0,5
"41260",5,6,1,3,0,0,1,0
"41261",8,8,10,5,0,0,0,0
"41262",8,5,0,1,0,0,0,0
"41263",9,3,3,3,0,1,1,0
"41264",9,5,7,7,5,5,5,5
"41267",3,9,5,8,6,4,2,2
"41269",10,4,0,1,0,5,1,0
"41271",7,5,4,4,1,3,3,2
"41274",10,4,2,0,2,5,5,4
"41276",2,7,5,10,6,10,0,8
"41278",0,10,3,7,2,8,0,8
"41279",10,0,0,0,0,0,0,0
"41280",8,5,3,3,5,4,5,0
"41282",8,3,5,5,5,5,5,5
"41283",9,4,2,5,5,5,5,5
"41285",10,0,0,0,0,5,5,5
"41286",6,7,6,7,10,6,2,7
"41288",10,2,2,2,3,3,8,0
"41290",10,4,5,4,5,10,5,10
"41293",9,5,5,10,9,8,5,5
"41294",0,10,6,5,4,1,0,0
"41296",8,6,6,0,0,0,6,0
"41297",6,5,8,4,5,3,2,1
"41298",3,6,5,5,3,5,3,5
"41299",9,1,0,5,3,7,5,0
"41300",3,8,3,5,5,5,3,3
"41301",10,0,0,5,5,0,0,0
"41302",3,9,0,5,0,0,0,0
"41303",0,10,5,10,8,8,0,5
"41304",2,9,0,8,0,5,0,0
"41306",8,5,1,2,0,0,2,0
"41307",0,10,5,5,0,2,2,2
"41308",6,4,2,0,0,2,0,2
"41310",3,7,0,6,5,5,0,1
"41311",8,5,2,5,0,5,2,5
"41312",5,5,5,5,5,5,5,5
"41314",8,1,1,2,5,5,2,5
"41316",6,6,0,6,6,2,0,0
"41319",7,3,2,2,2,1,1,0
"41320",9,4,9,3,0,8,5,5
"41321",7,5,6,5,3,5,3,3
"41324",2,7,0,7,0,5,0,5
"41325",2,2,2,2,2,3,2,2
"41326",7,6,1,4,5,6,1,4
"41327",4,10,6,8,1,2,3,2
"41328",10,0,6,0,0,0,6,0
"41329",7,4,2,2,0,2,2,2
"41331",1,9,8,8,5,5,1,5
"41332",8,10,7,6,5,5,5,5
"41333",3,6,1,2,4,4,0,1
"41339",10,3,8,7,2,5,3,2
"41340",8,6,2,5,5,0,2,0
"41342",4,6,7,3,5,5,5,5
"41343",7,6,3,3,4,5,0,2
"41344",6,4,4,5,7,5,4,2
"41346",5,9,5,5,5,5,5,5
"41347",6,6,2,1,1,1,2,1
"41349",8,3,6,0,3,6,6,0
"41350",2,10,5,8,8,2,0,2
"41351",10,3,4,1,5,2,5,0
"41352",7,4,3,2,1,6,8,3
"41353",7,2,6,2,1,6,2,1
"41355",5,8,5,8,8,8,2,6
"41356",10,3,0,6,0,0,0,0
"41357",10,5,1,4,9,0,0,0
"41358",7,4,4,2,1,1,2,1
"41361",9,6,7,4,0,4,4,4
"41362",6,5,2,7,5,3,4,0
"41363",10,0,5,0,0,0,5,0
"41364",8,4,2,2,9,2,8,2
"41366",5,5,5,5,5,5,5,5
"41367",10,5,5,7,5,5,5,5
"41368",4,10,8,8,1,6,5,5
"41369",9,5,2,2,1,1,2,1
"41370",5,5,5,5,5,6,5,4
"41371",5,8,5,6,6,5,0,2
"41372",5,5,10,0,0,0,0,0
"41373",4,7,5,5,5,5,4,4
"41375",10,1,1,1,1,8,5,1
"41377",8,5,8,0,0,0,2,0
"41378",8,6,3,6,2,4,2,3
"41379",9,2,0,1,0,1,0,0
"41380",2,5,3,5,0,5,1,3
"41381",1,9,9,1,0,8,0,4
"41382",8,3,6,0,2,5,5,3
"41385",6,6,1,5,4,4,4,4
"41386",6,4,1,5,5,5,1,1
"41389",8,5,3,0,1,2,0,2
"41391",3,5,10,7,0,5,0,0
"41392",10,0,7,3,6,5,9,5
"41394",10,3,2,3,3,2,3,2
"41395",0,8,5,10,8,8,5,8
"41396",9,3,3,6,2,7,7,2
"41397",8,8,5,5,2,2,2,2
"41398",7,3,4,0,5,4,5,3
"41399",5,8,5,6,5,5,0,0
"41400",0,1,10,0,0,1,0,0
"41403",3,9,9,1,1,1,1,1
"41405",5,5,5,5,5,5,5,5
"41406",4,7,5,4,5,5,0,5
"41410",9,4,4,4,5,6,5,4
"41411",0,10,0,4,0,0,0,0
"41413",8,7,5,6,7,6,7,4
"41414",9,7,0,9,1,0,6,0
"41415",9,0,2,0,2,0,2,0
"41417",4,10,5,7,0,5,0,5
"41421",10,5,5,5,5,5,5,5
"41422",8,1,7,3,5,5,5,5
"41425",2,8,5,7,7,8,1,6
"41427",10,2,8,0,2,1,0,0
"41429",7,6,4,6,5,5,5,5
"41430",8,6,0,5,8,10,5,2
"41431",8,8,5,7,4,5,5,4
"41433",3,6,10,1,0,5,0,2
"41434",7,6,5,3,5,1,3,0
"41438",9,3,7,1,2,1,1,1
"41441",5,5,5,5,5,5,5,5
"41442",8,5,7,5,4,7,5,5
"41443",10,0,5,0,0,0,0,0
"41445",10,4,1,2,0,1,1,0
"41446",1,9,6,9,6,7,0,5
"41448",7,6,2,5,7,8,5,3
"41449",0,8,7,5,5,2,2,2
"41451",10,5,4,0,0,8,5,3
"41453",10,10,10,1,1,5,1,1
"41454",10,1,1,1,1,1,1,1
"41455",5,10,5,8,5,5,5,5
"41456",7,10,8,10,1,7,4,4
"41458",9,3,0,2,6,3,2,0
"41459",2,8,0,8,5,5,0,4
"41462",7,7,4,4,1,3,5,5
"41463",8,8,4,3,3,5,4,5
"41464",1,10,3,10,7,5,1,5
"41465",3,5,5,5,3,3,4,2
"41467",4,8,5,5,2,5,0,5
"41468",2,9,8,10,9,5,1,8
"41469",8,6,7,5,7,6,5,4
"41470",5,9,7,5,0,1,1,1
"41471",7,7,6,4,5,0,5,0
"41472",0,10,8,7,3,2,0,2
"41473",4,10,8,6,4,6,4,4
"41475",9,1,1,6,0,6,6,0
"41477",10,1,4,0,6,2,5,0
"41480",8,2,7,4,5,7,6,2
"41481",8,4,8,6,5,8,8,5
"41482",1,8,1,8,9,8,0,5
"41483",4,6,5,3,5,4,1,1
"41485",2,8,4,8,7,5,2,6
"41486",7,4,1,5,5,5,5,1
"41487",7,6,3,3,5,3,5,2
"41488",3,8,6,6,3,0,3,0
"41489",5,8,5,8,6,5,2,3
"41491",3,10,8,8,5,8,0,2
"41492",4,10,4,8,4,7,1,7
"41493",5,5,5,5,5,5,5,5
"41494",2,6,0,10,5,5,0,0
"41495",4,10,10,10,10,9,8,8
"41497",0,10,8,5,0,0,0,0
"41498",7,6,1,3,6,6,5,2
"41499",8,3,4,3,7,8,5,5
"41502",5,5,0,5,5,5,5,5
"41503",9,5,0,2,7,0,5,0
"41504",8,6,6,4,6,5,4,3
"41505",3,9,4,7,5,5,1,4
"41506",5,5,5,3,4,3,4,4
"41508",10,4,2,2,0,0,4,0
"41510",4,9,0,7,6,6,2,5
"41511",2,7,5,6,6,0,0,0
"41513",5,5,6,6,5,5,4,5
"41516",0,10,10,5,5,5,5,5
"41519",10,2,8,1,7,0,8,0
"41520",4,6,6,7,9,5,1,2
"41521",1,6,5,5,9,5,1,5
"41522",8,5,3,3,2,4,4,4
"41523",8,5,2,4,0,4,0,0
"41525",0,9,2,10,5,9,1,7
"41526",10,5,0,0,0,0,0,0
"41527",3,8,2,7,2,2,0,0
"41530",10,5,3,7,3,5,5,5
"41534",10,2,4,2,1,4,4,4
"41536",2,8,4,10,5,4,0,4
"41538",6,10,8,8,5,5,6,5
"41539",10,5,4,2,0,5,2,5
"41540",1,5,10,5,5,6,1,6
"41544",7,6,5,6,7,5,5,5
"41545",9,3,0,0,2,0,5,0
"41546",0,10,9,8,0,0,0,0
"41547",9,4,3,3,3,2,4,3
"41550",10,4,0,1,0,0,0,0
"41553",5,10,7,9,2,5,5,5
"41554",7,3,0,3,6,6,0,0
"41555",9,5,5,1,0,2,2,0
"41557",3,10,5,5,8,6,3,5
"41558",5,5,10,3,1,1,3,1
"41562",8,3,1,1,1,2,9,1
"41564",7,5,1,3,3,2,1,2
"41565",6,8,7,7,5,5,5,5
"41568",7,8,2,2,0,0,0,0
"41570",0,2,5,0,2,0,5,0
"41571",1,10,4,6,1,1,1,1
"41572",3,10,8,8,6,4,4,4
"41573",10,0,0,4,0,0,0,0
"41574",9,3,0,6,6,8,5,0
"41575",7,5,3,5,5,5,5,1
"41576",7,7,1,2,0,0,0,0
"41577",2,6,0,8,2,6,1,6
"41580",0,10,5,10,10,10,0,10
"41581",6,6,5,6,5,5,5,5
"41582",2,8,7,6,2,2,2,2
"41583",10,5,3,5,5,0,3,0
"41584",1,7,5,5,0,0,0,0
"41585",1,8,5,7,5,2,0,7
"41586",8,6,5,5,5,4,4,4
"41587",0,10,5,7,0,5,0,5
"41588",10,3,4,5,2,2,6,2
"41589",10,0,0,0,2,10,5,7
"41591",7,2,9,0,2,6,0,7
"41592",5,5,10,6,0,0,3,0
"41593",3,9,5,8,3,8,3,3
"41594",0,9,2,8,5,5,1,5
"41596",6,5,5,3,3,3,3,3
"41597",5,0,5,0,0,0,1,0
"41599",5,5,5,7,5,5,5,5
"41600",8,6,4,5,6,5,4,4
"41605",3,7,8,5,1,1,4,1
"41606",0,4,1,7,3,5,0,4
"41609",5,7,5,7,5,5,2,4
"41610",5,7,4,3,2,4,0,0
"41612",7,6,5,6,6,7,4,3
"41614",1,5,0,0,0,0,1,0
"41615",10,1,0,2,0,0,0,0
"41617",5,5,3,2,2,2,2,2
"41618",9,8,5,7,1,1,5,1
"41619",6,3,1,2,5,7,0,4
"41620",4,9,6,8,7,0,0,0
"41622",7,3,2,2,2,6,2,2
"41623",2,9,4,8,5,5,2,5
"41627",8,3,2,1,2,0,4,0
"41629",8,8,6,6,1,5,5,3
"41630",9,4,3,5,1,6,5,1
"41633",1,8,5,5,3,5,2,5
"41634",10,3,0,6,0,5,3,5
"41635",9,5,5,5,5,5,5,5
"41636",4,5,4,5,5,5,4,5
"41637",5,7,5,7,5,5,5,5
"41639",9,5,2,0,4,8,2,0
"41641",10,5,1,2,1,2,3,1
"41642",4,8,5,7,6,6,0,6
"41643",9,4,0,4,5,3,0,3
"41645",2,10,6,3,0,0,0,0
"41646",5,0,10,0,0,5,0,0
"41648",7,5,0,0,0,0,0,0
"41651",10,3,6,5,6,4,6,1
"41652",5,5,5,5,10,5,5,5
"41654",10,3,3,3,3,3,3,3
"41656",9,7,5,5,3,5,5,5
"41657",8,1,1,2,0,7,1,5
"41658",0,10,5,5,0,0,0,0
"41659",5,9,5,6,0,5,4,3
"41661",6,3,3,2,0,0,0,0
"41663",5,5,5,7,0,7,5,0
"41664",0,8,10,3,0,0,0,0
"41665",10,4,8,6,5,5,4,0
"41668",5,5,5,4,3,3,4,1
"41671",1,10,7,7,1,5,5,5
"41672",0,10,10,0,0,0,0,0
"41673",4,8,6,9,8,7,1,7
"41674",10,5,5,5,3,3,5,3
"41675",10,4,2,2,2,5,3,2
"41676",7,10,1,3,2,5,1,1
"41677",8,7,6,6,3,3,6,3
"41678",0,7,1,9,4,4,0,4
"41679",5,8,5,7,5,6,0,5
"41681",1,10,7,7,1,5,1,5
"41683",5,10,8,10,0,7,5,1
"41685",7,5,1,2,6,6,2,2
"41686",0,5,4,5,0,0,0,0
"41687",10,6,0,5,5,5,6,5
"41688",10,10,10,10,0,0,0,0
"41690",10,5,9,7,5,5,5,5
"41691",0,10,0,10,4,5,0,5
"41692",3,7,3,7,8,7,2,2
"41697",9,5,3,2,0,3,6,2
"41699",6,4,5,4,5,6,5,5
"41701",4,8,3,2,2,2,2,2
"41703",6,5,0,8,6,5,5,5
"41704",10,2,5,4,5,5,5,0
"41705",0,8,8,9,9,8,0,8
"41706",0,7,5,3,3,1,3,0
"41707",8,5,3,5,7,5,6,2
"41708",8,5,8,0,5,2,0,0
"41709",10,4,0,6,1,4,4,1
"41710",7,5,2,5,0,5,7,5
"41711",5,5,2,5,1,5,5,3
"41713",10,0,2,1,0,2,0,5
"41717",0,8,3,6,2,5,0,5
"41720",10,3,3,7,2,5,5,2
"41721",9,1,3,0,0,0,0,0
"41722",8,4,6,5,0,6,6,1
"41723",2,8,4,2,5,4,0,5
"41724",7,3,0,5,0,2,5,2
"41725",6,4,3,5,8,3,3,3
"41728",8,4,6,1,7,0,5,0
"41729",0,9,0,9,7,5,0,5
"41730",7,7,5,6,4,6,1,6
"41731",8,9,6,7,6,5,7,5
"41732",6,6,2,6,6,4,0,4
"41733",9,5,5,6,0,3,3,3
"41735",5,5,10,0,0,0,0,0
"41736",8,4,1,4,3,7,8,2
"41738",10,3,1,4,1,1,2,1
"41740",9,3,6,3,1,1,1,1
"41742",8,7,8,5,5,5,5,5
"41744",6,5,1,4,5,3,5,3
"41745",9,5,2,3,3,5,5,5
"41749",8,5,5,5,5,5,5,5
"41757",9,3,3,1,1,5,2,1
"41758",8,3,0,5,0,5,5,0
"41759",7,3,5,5,5,7,5,5
"41760",10,5,2,2,2,2,2,2
"41762",8,4,7,4,5,1,4,1
