"","cand_A","cand_B","cand_C","cand_D","cand_E","cand_F","cand_G","cand_I"
"49612",10,0,0,6,0,0,0,0
"49616",0,8,10,0,0,5,2,5
"49634",0,7,10,3,5,7,5,6
"49635",0,8,10,2,5,8,5,7
"49643",8,0,0,10,9,1,6,2
"49644",0,10,9,0,0,9,2,9
"49647",0,8,8,0,0,7,4,6
"49648",9,0,0,7,8,0,6,2
"49651",3,9,7,2,5,7,5,3
"49654",0,10,10,0,0,9,5,7
"49655",9,10,10,2,5,7,5,7
"49662",0,10,10,1,2,10,4,10
"49664",0,8,7,5,0,7,5,6
"49668",0,10,10,4,0,10,2,8
"49671",0,10,9,0,0,10,1,9
"49673",0,10,8,2,2,8,4,7
"49693",0,10,10,0,5,9,5,6
"49700",7,0,4,10,5,2,5,5
"49703",5,10,5,5,5,5,5,5
"49706",8,5,5,5,5,5,5,5
"49707",0,6,10,2,5,5,5,5
"49723",3,4,4,5,4,4,4,4
"49724",0,3,3,10,3,3,3,3
"49726",5,5,5,5,5,5,5,5
"49727",4,5,5,5,5,5,5,5
"49728",1,3,3,8,4,4,3,4
"49731",2,4,4,6,4,5,4,4
"49732",5,5,5,5,5,5,5,5
"49734",5,5,5,5,5,5,5,5
"49735",10,10,10,10,10,10,10,10
"49736",7,6,6,7,6,6,7,6
"49737",8,8,8,8,8,8,8,8
"49738",8,8,8,8,8,8,8,8
"49739",5,4,6,8,5,5,5,5
"49742",5,5,6,5,6,5,5,5
"49748",1,7,9,5,5,6,5,5
"49752",5,5,5,6,5,5,5,5
"49754",2,4,5,8,5,5,5,5
"49758",1,5,8,5,5,5,5,5
"49760",4,1,1,5,4,1,4,4
"49763",3,5,8,10,5,6,5,5
"49764",4,10,9,6,5,6,5,6
"49766",8,5,2,7,7,3,6,5
"49767",3,8,7,5,6,5,7,5
"49768",8,5,5,6,5,4,5,5
"49769",8,3,5,5,5,5,5,5
"49770",3,5,8,10,5,6,5,5
"49771",10,3,1,5,1,1,3,5
"49772",6,4,6,10,8,4,5,4
"49773",10,3,4,5,3,3,3,3
"49776",10,1,4,7,4,5,3,3
"49777",3,5,8,10,5,5,4,5
"49778",0,2,10,5,3,4,9,6
"49781",4,7,10,8,6,6,5,6
"49782",7,8,10,0,5,6,7,6
"49783",8,5,5,6,5,4,5,5
"49784",3,5,10,7,4,7,4,6
"49785",3,5,7,7,4,6,4,6
"49786",3,6,10,5,3,4,5,4
"49788",2,6,10,5,3,4,5,4
"49789",3,6,4,7,4,4,4,4
"49790",0,10,8,9,6,5,4,4
"49792",9,4,4,6,3,5,4,4
"49793",4,1,1,5,4,1,4,4
"49794",3,5,10,4,4,4,4,4
"49795",3,10,8,4,4,6,5,5
"49796",4,10,7,4,6,7,6,4
"49797",2,8,10,7,4,4,7,5
"49798",2,8,9,5,5,7,5,5
"49799",3,9,8,5,5,7,5,5
"49800",5,3,5,5,5,5,4,5
"49801",5,7,10,7,5,5,6,5
"49802",0,10,9,10,8,5,6,5
"49805",9,5,5,7,6,5,5,5
"49806",4,6,7,7,5,5,6,5
"49807",8,3,4,5,6,6,6,6
"49808",8,5,8,10,5,6,3,5
"49809",6,4,6,10,8,4,5,4
"49810",4,9,7,7,6,6,7,5
"49811",5,5,3,7,1,5,5,1
"49812",0,3,5,7,6,2,3,2
"49814",0,0,10,10,6,7,0,5
"49815",0,10,9,10,7,0,0,0
"49816",1,3,8,10,6,7,3,3
"49817",1,3,5,10,5,6,3,3
"49824",5,5,5,5,5,5,5,5
"49825",5,5,5,5,5,5,5,5
"49830",5,5,5,6,5,5,5,6
"49841",10,0,0,8,6,0,5,0
"49842",1,5,10,5,5,5,5,5
"49843",5,5,9,6,5,5,5,5
"49845",7,4,5,8,5,4,5,5
"49847",6,5,8,9,5,5,5,5
"49853",5,5,5,8,5,5,5,5
"49856",9,5,5,5,5,5,5,5
"49860",5,5,5,5,5,5,5,5
"49861",3,5,8,5,4,5,5,4
"49867",5,4,5,7,5,5,5,5
"49871",5,5,9,5,5,5,5,5
"49874",6,6,8,5,5,6,5,5
"49876",0,10,9,3,2,6,2,6
"49879",0,8,10,4,2,6,5,6
"49883",0,10,10,0,2,10,4,7
"49884",0,10,9,4,4,9,3,8
"49887",0,10,9,2,3,8,3,7
"49890",9,3,1,7,2,4,5,2
"49905",3,9,5,6,5,5,5,5
"49908",5,5,5,5,5,5,5,5
"49918",10,4,5,9,5,5,5,5
"49927",9,4,5,7,5,5,5,5
"49928",9,4,5,8,5,5,5,5
"49943",7,4,5,5,5,5,5,5
"49944",8,4,5,6,7,5,6,5
"49945",7,5,4,5,5,5,5,5
"49954",5,5,5,5,5,5,5,5
"49956",0,5,10,6,5,6,3,5
"49957",8,5,4,6,5,5,5,5
"49967",0,10,9,2,3,7,5,7
"49971",0,9,8,2,0,7,5,3
"49972",0,9,10,5,0,8,5,7
"49981",2,9,7,2,8,4,6,5
"49984",3,7,4,3,5,4,5,4
"49985",4,4,9,10,4,6,4,4
"49988",4,4,4,7,7,1,5,5
"49990",6,9,4,3,6,4,5,6
"50010",5,5,5,5,5,5,5,5
"50014",5,5,5,5,5,5,8,5
"50016",5,5,5,5,5,5,10,5
"50017",2,5,5,5,5,5,10,5
"50019",5,5,5,5,5,5,8,5
"50022",4,7,6,2,4,7,6,6
"50023",2,6,9,6,5,5,4,4
"50028",6,5,5,6,10,5,4,6
"50031",4,6,5,5,8,4,6,6
"50035",3,5,5,5,5,5,5,5
"50037",5,5,5,5,5,5,5,5
"50038",1,8,7,2,2,7,2,5
"50039",5,5,10,5,5,5,5,5
"50041",2,10,8,5,5,6,5,5
"50042",2,5,9,5,5,5,5,5
"50043",1,10,5,1,1,1,1,1
"50045",1,9,5,2,1,5,1,5
"50046",2,10,7,5,5,5,5,5
"50047",5,5,5,5,5,5,5,5
"50049",2,10,5,5,5,5,5,5
"50050",5,5,5,7,5,5,5,5
"50052",5,5,8,5,5,5,5,5
"50056",10,5,5,5,5,5,5,5
"50059",5,5,5,5,5,5,5,5
"50063",5,5,5,5,5,5,5,5
"50065",4,6,7,6,6,4,4,3
"50066",4,6,6,6,6,5,4,4
"50068",4,5,7,6,6,5,4,4
"50069",3,5,5,4,5,4,3,3
"50070",4,5,6,5,6,4,5,4
"50072",5,6,6,5,5,4,5,3
"50073",6,6,5,6,5,4,3,3
"50074",4,5,6,6,6,4,4,4
"50077",3,4,1,5,2,2,4,3
"50078",2,4,3,4,3,3,4,6
"50080",3,6,3,4,2,4,4,4
"50081",3,4,3,3,3,3,3,5
"50082",5,5,2,3,1,4,1,3
"50083",2,4,3,4,5,5,2,5
"50084",2,4,2,2,2,3,4,3
"50085",3,3,3,9,3,3,3,3
"50088",4,4,3,4,2,5,2,6
"50089",3,2,3,5,3,3,2,3
"50091",4,5,2,4,2,4,3,5
"50092",0,0,0,10,0,0,0,0
"50120",0,10,10,5,5,4,4,4
"50133",3,9,10,6,8,5,8,5
"50134",5,5,2,4,3,5,3,4
"50135",5,7,5,3,5,5,5,5
"50136",2,4,2,3,2,5,2,2
"50137",3,4,8,3,4,3,3,3
"50138",5,5,10,5,6,8,3,7
"50139",5,2,5,2,5,2,3,4
"50140",2,4,6,4,4,2,4,2
"50144",5,3,4,4,4,3,3,4
"50145",5,3,8,4,6,3,3,2
"50146",4,2,6,6,4,7,4,7
"50147",8,4,7,3,7,7,7,7
"50148",5,3,4,3,4,3,3,4
"50154",3,10,10,10,10,10,10,10
"50168",0,10,10,0,0,9,3,4
"50170",0,8,5,2,1,3,1,1
"50171",3,5,4,4,3,4,4,4
"50172",0,10,6,5,2,4,4,2
"50174",0,4,8,2,1,3,3,2
"50175",1,6,5,4,2,2,2,1
"50176",0,6,4,4,2,2,5,3
"50178",1,8,9,5,3,5,5,3
"50179",0,5,5,3,3,4,2,2
"50180",1,9,5,4,5,5,3,4
"50181",0,9,6,3,4,5,4,2
"50182",3,8,5,5,4,5,5,3
"50183",1,8,8,4,4,6,5,4
"50184",2,9,10,5,4,5,4,2
"50185",0,8,6,4,4,5,2,3
"50186",0,6,5,4,2,4,3,2
"50187",0,4,5,2,1,2,1,2
"50188",0,4,5,2,1,3,1,1
"50189",1,6,8,4,2,6,4,2
"50190",1,7,4,3,1,3,3,1
"50191",0,6,5,4,3,4,2,3
"50193",0,8,5,3,2,2,3,2
"50196",0,5,9,4,5,4,3,3
"50197",0,7,7,4,5,3,1,1
"50198",0,9,5,3,2,3,4,2
"50199",1,9,6,4,5,5,4,5
"50200",1,9,6,5,4,4,4,4
"50201",0,5,3,3,1,0,2,1
"50205",1,5,9,3,4,5,3,3
"50206",0,10,7,2,3,1,1,4
"50207",1,8,6,5,5,5,3,4
"50208",0,9,4,5,2,5,1,3
"50209",1,9,7,5,3,5,4,3
"50210",0,8,5,4,5,5,6,4
"50211",1,9,6,5,3,5,4,4
"50214",1,8,5,3,4,4,3,4
"50215",1,10,7,4,4,6,4,3
"50216",1,5,5,4,1,5,3,2
"50217",1,9,7,3,2,4,4,4
"50218",4,9,6,4,4,5,6,3
"50219",5,10,5,8,5,5,5,5
"50220",5,5,5,5,5,5,5,5
"50221",4,3,5,10,7,5,4,5
"50222",5,10,8,5,5,5,5,5
"50223",3,10,5,5,5,2,5,3
"50224",5,10,5,5,2,5,6,5
"50225",3,3,3,10,3,3,3,3
"50226",5,10,5,10,5,5,5,5
"50227",10,10,10,5,5,5,5,5
"50231",1,10,10,5,4,5,6,7
"50232",8,0,4,10,2,8,3,3
"50233",0,10,10,3,0,5,5,5
"50234",0,9,10,1,4,5,7,5
"50235",5,10,10,5,5,5,5,5
"50237",6,10,4,0,5,5,5,5
"50243",0,10,10,5,0,5,5,0
"50248",5,3,10,10,5,5,5,5
"50250",5,10,5,5,5,5,5,5
"50259",0,10,9,0,0,0,0,0
"50263",0,10,9,0,0,0,0,0
"50281",3,7,5,5,5,5,5,5
"50285",5,5,5,5,5,5,5,5
"50287",5,5,5,5,5,5,5,5
"50289",5,5,5,5,5,5,5,5
"50290",0,10,2,3,2,1,1,2
"50293",1,1,10,10,10,10,1,10
"50294",5,9,4,5,6,5,5,4
"50295",1,10,9,10,3,2,2,2
"50297",1,10,10,1,2,2,2,2
"50298",6,5,6,3,5,5,2,5
"50302",0,5,7,0,4,5,3,4
"50322",10,10,5,0,5,5,5,5
"50326",1,8,10,4,1,1,3,5
"50334",0,10,5,0,4,6,3,2
"50339",5,5,5,5,5,5,5,5
"50347",5,1,1,1,2,1,2,1
"50362",8,5,5,5,4,2,3,1
"50363",8,4,4,4,4,4,4,4
"50370",10,10,0,0,10,0,0,0
"50375",0,10,10,3,10,0,2,3
"50385",2,1,1,2,2,0,1,0
"50387",8,5,9,4,5,0,1,2
"50390",7,4,2,3,0,0,0,0
"50401",4,9,8,2,1,1,1,1
"50413",9,10,9,4,2,1,7,7
"50422",4,4,7,5,6,5,5,7
"50423",3,5,5,4,5,5,6,7
"50461",5,7,5,5,5,5,5,5
"50466",5,5,5,5,5,5,5,5
"50467",8,9,7,5,6,5,4,4
"50495",0,9,9,2,7,5,5,5
"50514",6,8,7,3,8,2,2,2
"50534",6,10,3,10,3,8,3,8
"50544",0,1,10,0,1,0,1,0
"50554",7,5,7,2,7,7,6,1
"50555",7,5,7,2,7,7,6,1
"50559",7,5,7,2,7,7,6,1
"50563",7,5,7,2,7,7,6,1
"50573",9,9,4,1,3,3,3,3
"50583",0,1,10,0,1,0,1,0
"50584",0,10,0,0,0,0,0,0
"50588",6,10,3,2,3,8,3,8
"50595",9,9,4,1,3,3,3,3
"50596",5,5,4,5,4,4,4,4
"50612",5,5,5,5,5,5,5,5
"50625",3,8,8,5,6,8,2,3
"50651",7,6,5,2,3,2,1,3
"50652",0,5,2,5,0,1,2,1
"50655",5,3,7,5,5,6,6,6
"50657",10,0,0,0,0,0,0,0
"50659",7,8,8,1,7,6,5,7
"50662",8,5,7,4,4,4,3,5
"50664",10,10,0,0,0,0,0,0
"50669",0,10,2,3,2,2,2,2
"50679",5,10,7,5,5,5,5,5
"50685",0,10,10,2,5,5,3,4
"50696",3,10,4,3,2,2,2,2
"50700",3,5,2,3,3,3,4,2
"50701",0,7,8,2,2,6,5,5
"50702",5,9,10,5,5,5,5,5
"50703",6,9,7,5,5,5,5,5
"50704",2,9,9,8,5,5,3,3
"50705",6,8,8,5,5,5,5,6
"50706",10,5,5,5,5,5,5,5
"50707",4,8,5,5,5,5,4,5
"50708",1,5,9,2,1,1,1,1
"50709",5,8,5,5,5,5,5,8
"50712",8,10,9,8,8,9,8,8
"50713",10,7,5,7,5,5,5,5
"50714",4,3,1,7,5,5,1,4
"50719",6,5,7,7,5,6,6,6
"50721",5,5,10,5,5,5,5,5
"50724",5,5,4,7,0,5,5,5
"50732",4,6,8,7,3,3,3,3
"50734",4,3,4,8,4,4,2,4
"50736",0,0,4,0,3,10,1,0
"50737",3,5,5,7,4,5,3,4
"50739",8,5,5,5,5,5,5,5
"50740",5,5,5,10,5,2,3,1
"50751",5,5,5,6,5,5,5,5
"50752",5,4,5,5,4,4,3,4
"50755",6,4,4,7,4,4,3,3
"50756",8,1,1,5,2,0,0,0
"50757",0,1,7,6,2,1,1,1
"50758",0,1,6,3,2,1,1,1
"50759",0,1,3,3,3,0,0,1
"50760",2,1,2,6,1,2,1,1
"50761",0,1,3,5,3,1,0,1
"50764",7,0,5,8,6,5,6,6
"50765",5,5,10,5,5,5,5,5
"50766",0,1,6,9,1,1,1,1
"50767",2,6,4,10,9,4,8,4
"50768",7,0,5,8,5,5,4,6
"50769",5,2,5,6,4,4,3,3
"50770",4,4,5,6,4,4,3,3
"50771",0,0,3,10,1,0,0,0
"50777",1,1,1,10,1,1,1,1
"50778",4,4,4,7,4,4,4,4
"50780",5,3,2,7,4,2,2,3
"50781",2,3,2,9,2,2,2,2
"50783",8,3,2,9,5,4,6,3
"50784",8,3,0,10,7,3,9,2
"50785",4,4,3,4,9,3,4,3
"50786",5,5,5,6,4,5,4,5
"50787",6,2,2,8,6,3,4,3
"50788",7,4,4,5,4,4,4,4
"50789",6,1,3,6,5,3,3,3
"50790",6,0,4,7,7,3,5,4
"50793",5,3,2,6,6,2,1,1
"50794",6,2,2,5,4,5,5,4
"50796",3,5,6,5,5,5,5,5
"50798",2,4,8,7,3,4,3,3
"50799",3,5,8,5,5,4,5,4
"50800",1,6,4,5,3,1,3,2
"50801",0,7,8,2,4,6,2,9
"50802",6,6,6,6,6,5,4,4
"50804",5,0,1,7,6,3,6,5
"50805",5,5,5,5,5,5,5,5
"50808",3,2,2,5,4,5,2,2
"50809",5,4,4,5,4,4,4,4
"50810",6,2,1,7,8,5,5,5
"50811",4,5,3,5,5,1,6,2
"50812",1,4,6,2,4,4,4,3
"50813",8,2,5,7,5,5,5,5
"50823",5,4,5,5,5,5,5,5
"50824",5,5,5,5,5,5,5,5
"50832",8,0,0,4,7,0,3,2
"50835",7,1,2,5,4,5,2,2
"50840",8,5,5,6,5,5,5,5
"50841",9,3,5,4,5,5,6,5
"50842",9,5,5,5,4,4,4,5
"50844",3,2,5,4,8,6,3,1
"50845",6,1,3,6,6,6,2,4
"50846",9,5,8,6,6,2,3,4
"50847",10,0,0,0,4,0,0,0
"50848",6,1,8,9,8,7,4,6
"50851",5,5,5,5,5,5,5,5
"50852",5,4,6,5,5,6,4,6
"50853",5,5,5,6,5,5,5,5
"50902",3,7,6,3,1,5,4,3
