"","cand_A","cand_B","cand_C","cand_D","cand_E","cand_F"
"50903",0,0,0,0,0,0
"50904",1,0,0,0,1,0
"50905",0,0,10,0,0,0
"50906",0,0,2,0,0,4
"50908",0,5,5,0,0,10
"50909",4,3,1,4,2,2
"50910",0,0,0,0,1,2
"50912",0,0,7,5,0,0
"50913",0,0,0,0,0,0
"50914",0,2,2,0,2,2
"50915",3,4,4,3,0,5
"50916",0,0,0,0,0,0
"50920",10,0,0,2,5,0
"50921",5,0,0,10,7,6
"50922",0,0,0,0,0,0
"50923",0,0,0,0,0,0
"50924",0,0,0,0,0,0
"50925",1,0,0,5,0,7
"50926",0,0,10,10,0,0
"50927",0,5,0,3,8,0
"50928",9,5,6,3,8,2
"50929",0,1,5,0,0,1
"50930",10,0,0,0,0,0
"50932",0,0,0,0,0,0
"50933",0,0,2,0,0,0
"50936",4,3,10,7,10,10
"50937",0,0,0,0,0,0
"50939",0,0,0,0,0,0
"50940",0,6,6,0,0,0
"50941",0,0,0,0,0,0
"50943",1,0,0,0,0,0
"50945",3,0,0,8,5,5
"50946",9,7,9,6,4,1
"50947",1,9,5,5,7,8
"50948",0,0,0,4,0,0
"50950",3,2,0,7,0,3
"50951",3,2,5,1,0,2
"50952",6,5,3,3,3,3
"50953",0,0,0,0,0,0
"50954",0,0,0,0,0,0
"50955",0,0,0,0,0,0
"50956",0,5,0,0,0,2
"50957",0,0,2,0,0,5
"50960",0,0,0,0,0,0
"50961",3,0,0,0,0,1
"50962",3,1,0,3,4,1
"50964",1,1,1,1,1,1
"50965",0,0,0,0,0,0
"50966",2,1,7,2,2,8
"50967",8,0,4,7,8,6
"50968",0,0,0,0,5,0
"50969",4,3,1,2,0,1
"50971",0,5,7,2,0,4
"50972",5,1,0,0,0,0
"50973",1,3,0,4,0,0
"50974",0,2,1,2,2,5
"50975",0,1,4,0,0,9
"50976",0,6,10,2,0,5
"50977",0,0,0,0,0,5
"50978",0,0,10,0,0,5
"50979",0,0,10,0,0,2
"50980",0,0,0,0,1,1
"50981",0,0,0,8,0,10
"50982",0,0,0,0,0,5
"50983",7,0,0,7,8,6
"50985",0,0,0,0,2,1
"50986",0,0,0,5,10,5
"50987",0,0,0,0,0,0
"50989",0,8,5,3,0,6
"50990",0,10,0,10,10,10
"50992",0,0,0,0,0,0
"50993",0,0,0,0,0,0
"50994",0,5,6,5,4,7
"50996",3,8,5,3,2,6
"50997",3,5,5,2,2,2
"50998",0,0,0,0,0,0
"50999",0,0,2,0,2,5
"51000",0,0,0,0,0,0
"51001",1,1,7,1,4,5
"51003",0,10,10,0,0,0
"51005",5,0,0,0,8,7
"51007",0,10,7,0,0,0
"51008",0,0,0,0,0,0
"51011",0,4,7,5,1,6
"51012",0,0,7,8,0,7
"51014",10,10,10,10,10,9
"51018",0,0,5,0,0,0
"51020",0,0,8,4,0,7
"51022",9,0,0,7,9,0
"51023",0,0,5,0,0,0
"51025",0,0,0,0,0,0
"51028",0,0,0,0,0,0
"51030",1,2,0,1,0,0
"51031",1,1,1,1,1,1
"51032",0,0,0,0,0,0
"51033",0,10,4,6,5,6
"51035",5,5,0,0,0,4
"51036",0,0,0,0,0,0
"51037",0,0,0,0,0,0
"51039",0,0,0,0,0,0
"51040",0,5,0,0,0,0
"51043",0,3,5,4,4,6
"51045",0,10,0,0,9,10
"51047",0,0,0,0,0,0
"51048",0,10,0,10,0,0
"51049",0,0,7,0,0,0
"51051",6,3,0,5,4,2
"51052",0,5,3,7,4,6
"51054",0,0,0,0,0,10
"51056",0,0,0,0,0,0
"51058",10,0,10,10,0,0
"51059",0,10,10,3,4,7
"51060",8,5,0,2,8,0
"51062",0,0,0,0,0,0
"51064",6,2,1,4,4,5
"51065",1,0,0,0,5,0
"51066",0,3,2,2,2,3
"51067",0,10,0,0,0,0
"51069",0,4,8,7,2,0
"51070",0,9,0,0,0,0
"51071",0,1,2,6,3,7
"51072",0,0,0,0,0,0
"51074",1,2,5,3,9,4
"51075",0,8,7,5,4,3
"51078",3,8,5,2,1,7
"51079",0,0,0,0,0,0
"51080",0,0,0,0,0,0
"51081",0,0,0,0,0,0
"51082",0,0,0,0,0,0
"51083",0,10,0,3,0,4
"51086",0,0,10,0,0,0
"51087",6,1,0,0,2,3
"51088",0,0,0,0,0,0
"51089",5,3,0,2,4,0
"51091",0,0,10,0,0,0
"51092",0,10,0,0,0,0
"51093",0,0,3,0,1,0
"51094",0,0,1,2,1,0
"51095",0,1,1,0,0,0
"51097",0,0,10,0,0,10
"51099",0,0,0,0,0,0
"51100",0,5,0,0,0,0
"51101",0,0,0,0,0,0
"51102",7,6,5,5,4,8
"51103",4,0,0,0,2,0
"51105",6,0,6,0,0,7
"51106",0,0,0,0,0,0
"51107",6,0,2,0,1,0
"51108",0,0,0,0,0,0
"51109",3,0,0,0,8,3
"51112",1,9,5,7,0,5
"51113",4,5,4,2,3,4
"51114",0,0,5,0,0,0
"51115",1,0,0,1,0,1
"51116",3,0,0,10,4,7
"51117",0,2,0,0,0,0
"51118",5,2,0,2,10,3
"51119",0,0,7,3,0,5
"51121",0,0,0,0,0,0
"51122",0,10,5,3,4,7
"51126",0,0,0,4,0,0
"51127",3,2,0,0,0,3
"51128",3,8,8,5,7,9
"51129",4,1,0,3,3,3
"51130",10,4,0,0,5,7
"51131",1,9,3,1,1,4
"51132",0,0,0,6,0,5
"51133",0,5,1,10,6,0
"51135",1,1,1,1,1,8
"51136",0,2,7,1,3,0
"51139",0,0,5,2,0,5
"51140",7,5,0,5,5,5
"51141",0,1,1,0,0,0
"51143",0,0,10,1,0,1
"51144",7,0,0,0,9,0
"51146",0,3,6,4,2,7
"51147",2,1,1,3,0,1
"51149",0,0,0,0,0,0
"51151",0,0,0,6,3,2
"51152",0,10,4,2,3,10
"51153",0,0,3,0,0,1
"51154",10,0,0,0,0,10
"51155",10,3,4,2,8,1
"51159",7,10,4,3,3,5
"51161",0,0,10,0,0,0
"51162",9,10,6,7,8,5
"51163",0,0,5,0,0,2
"51164",0,0,0,0,0,0
"51165",4,0,3,0,3,5
"51167",0,0,0,0,0,0
"51172",0,3,3,3,4,4
"51173",6,8,0,10,2,0
"51175",5,2,6,8,10,7
"51177",0,10,10,0,0,5
"51181",0,10,10,10,4,10
"51182",0,0,0,0,0,9
"51184",0,0,0,0,0,0
"51185",0,10,10,0,10,10
"51188",6,6,0,6,4,5
"51189",0,0,1,2,0,2
"51190",0,0,0,0,0,0
"51192",0,0,0,0,0,0
"51194",5,0,0,0,2,0
"51195",0,0,0,0,0,0
"51196",7,3,0,0,9,0
"51197",1,3,10,3,3,4
"51199",0,5,1,0,0,0
"51200",6,6,3,2,4,3
"51202",0,0,1,0,3,3
"51203",0,0,6,6,0,3
"51204",0,8,0,4,3,8
"51205",0,0,0,0,0,0
"51206",0,10,9,0,10,5
"51207",0,1,2,1,1,1
"51208",0,5,8,8,1,4
"51210",0,0,0,0,0,0
"51211",0,0,0,7,0,5
"51214",0,0,0,0,10,10
"51216",0,0,0,0,0,0
"51221",0,0,0,1,0,0
"51223",0,0,0,0,0,0
"51224",0,0,0,0,0,0
"51226",0,0,0,0,0,0
"51227",9,5,3,10,4,2
"51232",4,2,1,5,7,8
"51233",0,0,0,0,0,5
"51235",5,2,0,1,1,1
"51237",0,0,0,2,0,2
"51240",0,4,9,3,2,10
"51241",8,8,10,3,6,7
"51242",1,3,2,4,5,5
"51243",5,9,3,4,6,4
"51245",0,0,0,0,0,0
"51250",0,0,0,0,0,0
"51252",0,0,10,2,0,0
"51254",0,10,0,0,0,10
"51255",0,0,10,2,0,5
"51257",10,5,6,3,4,7
"51258",0,0,0,0,0,0
"51259",5,8,9,6,3,2
"51260",0,0,4,0,0,0
"51261",0,4,5,2,1,4
"51262",0,7,10,8,7,5
"51263",0,0,0,0,0,0
"51264",5,1,0,1,1,1
"51265",0,10,0,0,0,0
"51266",1,1,1,2,2,1
"51267",6,7,7,7,7,8
"51268",0,0,0,0,0,0
"51269",0,6,3,3,0,0
"51270",0,0,8,1,0,7
"51271",4,1,1,1,2,1
"51272",0,2,0,1,3,4
"51273",0,0,0,0,0,0
"51278",10,0,0,0,10,0
"51280",0,0,0,0,0,0
"51282",0,5,9,2,0,5
"51284",0,10,0,0,0,0
"51285",0,0,0,0,0,0
"51287",2,2,0,5,0,2
"51288",0,0,3,4,0,6
"51291",10,5,0,1,2,0
"51293",0,0,0,0,0,0
"51294",0,0,0,0,0,0
"51295",0,0,0,0,0,0
"51297",0,0,0,0,0,0
"51299",10,0,0,0,0,0
"51300",1,1,2,1,1,3
"51301",0,0,3,0,0,3
"51305",0,0,0,0,0,0
"51307",0,0,0,0,0,5
"51308",0,5,10,7,0,8
"51309",5,7,0,6,8,2
"51310",0,5,10,10,10,10
"51311",0,5,10,2,0,5
"51312",0,0,5,0,0,0
"51313",0,0,0,0,0,1
"51314",7,3,0,0,6,0
"51315",0,0,0,0,0,0
"51316",5,8,0,0,0,0
"51317",0,0,0,0,0,0
"51318",3,5,7,6,2,7
"51323",4,3,4,2,2,2
"51325",8,7,7,3,2,5
"51327",3,4,10,7,9,7
"51329",4,1,0,4,3,0
"51331",6,5,2,3,5,6
"51332",0,0,0,0,0,0
"51333",0,0,0,2,1,2
"51335",0,10,5,0,10,1
"51337",10,0,0,0,0,0
"51338",0,9,0,0,0,0
"51340",0,2,1,0,0,4
"51341",0,0,0,0,0,0
"51342",0,10,10,5,5,10
"51343",0,0,0,5,0,5
"51345",0,10,10,10,0,10
"51347",0,0,0,0,0,0
"51349",0,0,0,7,0,0
"51351",0,2,5,7,0,7
"51352",0,5,3,5,5,10
"51353",0,0,0,0,0,0
"51355",3,3,3,3,3,3
"51358",10,4,1,3,2,5
"51359",9,10,4,8,5,2
"51360",0,0,0,2,0,0
"51361",0,0,0,0,0,0
"51362",0,0,0,0,0,0
"51365",0,0,0,0,0,0
"51368",5,4,0,7,0,2
"51371",7,2,8,3,6,9
"51374",0,0,0,0,0,0
"51376",0,0,0,1,0,0
"51379",6,0,0,5,0,0
"51380",3,1,0,4,0,1
"51382",8,7,4,6,3,7
"51383",0,0,0,0,0,0
"51384",0,0,0,0,0,0
"51385",3,7,2,2,8,4
"51386",5,2,0,7,2,2
"51387",4,2,0,5,1,1
"51388",0,0,5,0,0,0
"51389",0,0,0,0,0,0
"51390",0,0,0,0,0,0
"51391",0,0,0,0,0,0
"51392",8,5,3,5,5,5
"51393",0,0,6,0,0,0
"51394",0,0,0,0,0,0
"51396",5,5,0,5,5,5
"51397",3,1,0,0,1,1
"51398",0,0,2,3,0,1
"51399",0,0,0,0,0,0
"51401",0,0,10,5,0,5
"51402",0,0,0,0,0,0
"51404",0,0,10,0,0,0
"51406",0,0,2,0,0,0
"51407",0,4,0,0,0,0
"51408",0,4,0,0,0,0
"51410",0,0,0,0,0,0
"51412",5,5,0,6,2,1
"51414",0,0,4,0,0,0
"51416",0,0,0,0,0,5
"51417",0,5,10,0,0,0
"51419",0,0,0,0,0,0
"51420",5,0,0,0,10,0
"51421",0,0,0,0,0,0
"51423",0,0,0,3,0,4
"51425",0,3,5,0,0,0
"51429",0,0,8,0,0,0
"51431",0,0,10,0,0,0
"51432",0,0,0,0,0,0
"51433",0,0,5,5,0,3
"51434",10,5,0,4,10,7
"51435",0,0,0,0,0,0
"51436",0,0,0,0,0,0
"51437",0,0,0,0,0,0
"51438",10,10,10,10,0,10
"51439",6,0,0,0,10,4
"51441",0,0,10,5,0,10
"51443",3,0,0,0,4,5
"51445",0,4,5,0,0,0
"51446",0,10,10,10,8,5
"51447",0,0,0,0,0,0
"51448",0,0,0,0,0,0
"51449",0,5,6,8,0,7
"51450",0,0,10,0,0,0
"51451",0,0,0,0,0,0
"51452",0,7,3,5,0,4
"51456",0,10,10,10,10,5
"51457",10,1,0,1,10,2
"51458",0,0,0,0,0,0
"51459",10,0,0,0,0,0
"51460",0,0,0,0,7,4
"51462",3,3,2,3,2,0
"51464",0,3,1,2,0,0
"51466",4,3,0,0,6,0
"51467",7,4,0,6,8,4
"51468",0,0,0,0,0,0
"51469",0,0,0,0,0,0
"51470",0,1,3,0,0,6
"51471",0,6,10,0,0,0
"51472",0,0,0,0,0,0
"51473",0,5,0,0,0,0
"51474",0,0,0,0,0,0
"51475",0,0,10,0,10,0
"51479",0,0,0,0,0,0
"51481",0,0,10,0,0,0
"51485",0,0,0,0,0,0
"51487",3,8,10,8,5,4
"51488",0,4,1,1,1,0
"51489",0,0,6,6,0,9
"51490",0,0,3,0,0,3
"51491",0,0,0,0,0,6
"51492",5,1,0,1,5,6
"51493",0,1,0,2,3,4
"51497",10,5,0,0,7,0
"51498",5,7,6,6,4,5
"51499",0,0,3,0,0,5
"51500",0,0,10,2,5,0
"51501",0,0,0,0,0,0
"51503",0,10,5,2,4,6
"51504",6,0,0,0,0,0
"51507",0,0,0,3,3,0
"51509",0,0,0,0,0,0
"51511",0,0,0,0,0,0
"51513",0,0,0,0,0,0
"51514",0,0,0,0,0,0
"51515",0,0,0,0,0,0
"51517",5,8,10,1,1,5
"51518",0,0,0,0,0,0
"51519",0,0,0,0,0,0
"51520",0,0,0,0,0,0
"51521",0,0,0,0,0,0
"51522",0,10,0,0,0,0
"51523",0,0,0,0,0,0
"51524",0,10,10,8,5,4
"51526",0,0,3,0,0,0
"51527",3,4,4,3,5,3
"51528",5,5,0,5,5,1
"51530",6,0,0,5,5,7
"51532",0,0,9,8,0,8
"51533",0,10,10,0,0,0
"51535",0,0,1,2,2,2
"51536",0,0,5,0,0,0
"51537",1,4,10,2,6,7
"51538",7,6,0,9,5,7
"51540",0,0,8,5,0,5
"51541",0,0,10,4,0,10
"51542",4,1,0,2,1,4
"51544",3,0,1,1,1,1
"51546",0,0,1,0,0,0
"51547",0,0,0,0,0,0
"51548",2,0,1,1,0,0
"51549",0,2,10,3,5,6
"51550",0,5,0,5,1,9
"51552",0,0,0,0,0,0
"51554",0,0,0,0,0,0
"51555",0,10,2,7,7,7
"51557",0,0,0,0,0,10
"51559",0,0,10,5,0,8
"51560",0,5,5,2,0,3
"51561",0,2,10,0,0,0
"51562",0,5,7,3,6,0
"51565",0,0,0,0,0,0
"51566",0,10,10,0,0,0
"51567",0,0,0,0,0,0
"51570",9,0,0,0,0,0
"51575",0,0,6,5,0,5
"51576",0,4,0,0,0,0
"51577",0,4,10,2,0,5
"51579",0,0,0,0,0,0
"51583",0,0,0,0,0,0
"51585",8,2,3,0,0,1
"51588",0,5,2,3,0,0
"51589",0,0,0,4,0,5
"51590",0,2,3,2,5,2
"51592",0,0,0,0,0,0
"51594",0,10,10,0,0,0
"51595",0,0,0,0,0,0
"51596",0,0,0,0,0,0
"51597",4,4,6,2,3,9
"51598",0,0,0,0,0,0
"51599",0,5,0,5,0,0
"51601",0,0,3,0,0,0
"51604",2,0,2,3,2,2
"51605",0,0,0,0,0,0
"51607",0,0,0,0,0,0
"51608",0,3,3,0,0,2
"51609",5,5,5,5,5,5
"51611",4,0,0,0,0,0
"51612",0,0,10,0,0,5
"51613",0,3,0,8,0,3
"51614",4,0,0,0,0,0
"51615",0,2,7,4,6,8
"51617",0,0,10,0,0,0
"51618",0,0,0,0,0,10
"51619",3,0,3,6,0,2
"51620",0,0,10,0,0,0
"51621",0,0,0,0,0,6
"51622",0,5,3,5,5,6
"51624",0,0,10,0,0,2
"51625",0,0,0,0,0,0
"51626",0,4,5,2,0,5
"51628",0,0,0,0,0,0
"51629",5,0,0,3,9,4
"51632",0,2,7,1,4,3
"51634",5,0,0,7,6,7
"51635",8,0,0,3,6,2
"51636",0,0,0,0,0,0
"51637",0,1,5,2,0,2
"51638",10,8,0,3,10,0
"51640",0,2,10,3,0,5
"51641",0,8,7,3,5,5
"51642",0,1,2,3,5,6
"51643",0,4,5,3,2,6
"51644",0,0,0,10,0,0
"51645",0,1,2,2,0,2
"51647",5,5,5,3,5,3
"51649",0,3,10,4,6,10
"51650",0,0,5,2,0,8
"51654",5,7,6,6,4,8
"51657",2,1,1,0,3,3
"51658",5,0,0,0,0,0
"51663",0,0,0,0,0,0
"51665",0,4,3,2,1,6
"51666",9,5,4,3,1,4
"51668",0,0,8,0,0,0
"51669",0,0,0,0,0,0
"51671",0,2,4,2,0,0
"51672",0,5,0,0,0,5
"51674",3,0,0,4,3,5
"51676",0,0,7,0,0,1
"51680",5,2,3,2,0,3
"51682",0,0,0,0,0,0
"51684",0,0,0,0,1,1
"51685",0,10,10,10,10,0
"51686",3,1,3,4,1,5
"51690",0,0,10,9,0,0
"51691",0,0,0,0,0,0
"51692",10,0,0,0,10,10
"51694",0,6,9,0,0,0
"51695",0,10,5,8,7,10
"51696",5,3,0,5,6,2
"51697",0,5,3,9,0,8
"51698",0,0,0,0,0,0
"51700",0,0,0,0,0,0
"51702",0,0,0,3,0,5
"51703",0,0,5,0,0,5
"51705",5,2,0,0,3,0
"51706",0,0,0,0,0,0
"51709",0,0,0,0,0,0
"51710",0,0,0,8,0,5
"51711",0,0,5,0,0,6
"51712",2,0,2,5,0,5
"51715",0,2,4,2,2,2
"51716",0,0,5,3,0,3
"51719",0,0,0,0,0,0
"51724",1,5,4,6,3,6
"51728",0,0,0,0,0,0
"51731",10,7,0,3,9,0
"51733",0,0,9,3,2,5
"51734",0,1,0,0,10,5
"51737",1,1,0,1,5,0
"51739",0,0,10,7,0,7
"51742",0,1,6,2,5,3
"51743",0,0,0,0,0,0
"51744",0,4,4,3,3,5
"51745",10,6,0,5,8,3
"51746",0,10,0,10,10,10
"51747",3,3,3,3,0,5
"51749",5,0,0,6,6,7
"51751",3,1,1,5,1,3
"51755",10,9,10,7,9,10
"51756",0,0,0,0,0,0
"51757",3,1,6,6,3,1
"51760",0,0,2,6,0,3
"51762",1,4,5,3,1,2
"51763",0,5,6,0,4,8
"51765",0,0,0,3,0,3
"51767",3,2,10,4,5,8
"51768",5,0,5,0,0,0
"51770",5,4,7,0,0,3
"51773",4,4,5,6,5,3
"51775",4,6,10,7,9,6
"51778",0,0,10,0,0,0
"51779",0,9,8,8,8,9
"51780",5,5,1,7,1,7
"51781",0,0,10,4,0,0
"51786",0,3,10,4,3,1
"51788",7,3,0,0,9,0
"51789",5,10,5,1,1,8
"51790",9,5,0,8,1,3
"51791",8,10,7,1,3,6
"51794",3,1,1,0,0,2
"51796",0,0,0,0,0,0
"51797",3,5,10,2,1,1
"51798",0,0,0,0,0,10
"51805",0,0,0,0,0,0
"51806",0,3,1,4,1,10
"51809",1,3,5,3,4,4
"51811",0,3,0,0,0,0
"51812",0,0,0,0,0,5
"51813",1,5,1,10,1,6
"51815",0,0,0,0,0,0
"51817",0,0,0,0,0,0
"51818",0,0,8,4,0,3
"51819",0,0,0,0,0,0
"51820",0,0,0,0,0,0
"51821",0,0,4,7,6,3
"51822",6,2,0,0,7,0
"51824",0,0,0,0,10,0
"51826",0,0,0,0,0,10
"51828",10,8,1,5,9,1
"51831",5,7,4,6,4,5
"51833",0,0,9,6,0,3
"51834",0,10,5,5,4,8
"51837",0,2,5,5,0,9
"51838",0,7,10,0,0,4
"51840",0,7,9,6,6,4
"51841",0,0,10,10,10,10
"51843",0,10,10,4,6,8
"51844",0,0,0,0,0,0
"51847",0,0,1,2,0,2
"51848",5,1,0,1,6,1
"51849",0,5,5,0,0,5
"51850",0,0,1,5,0,10
"51852",0,7,2,6,3,2
"51853",0,3,10,5,5,9
"51854",0,0,0,0,0,0
"51855",7,0,0,0,8,0
"51856",0,5,9,10,3,8
"51857",1,1,10,10,0,10
"51860",0,0,0,0,0,0
"51862",0,0,0,0,0,0
"51863",7,0,0,0,7,0
"51866",0,0,0,0,5,0
"51867",0,0,0,5,0,0
"51869",0,0,0,0,0,0
"51871",0,0,0,0,0,0
"51872",6,4,0,3,6,0
"51875",0,0,2,2,0,3
"51879",0,0,5,0,0,0
"51880",0,5,10,1,0,3
"51881",0,0,0,0,0,0
"51882",0,5,7,4,3,4
"51883",0,5,1,0,0,0
"51885",4,6,4,7,3,4
"51887",7,5,0,5,5,3
"51890",0,0,0,0,5,0
"51891",0,6,2,0,0,3
"51892",0,0,0,0,0,0
"51894",0,0,0,0,0,0
"51898",0,1,6,2,1,6
"51899",0,5,10,2,0,5
"51900",4,0,3,3,0,3
"51901",0,5,10,1,4,0
"51903",0,0,0,3,5,5
"51904",4,10,0,0,10,10
"51907",0,0,0,0,0,0
"51909",5,0,0,4,5,2
"51912",0,0,0,0,0,0
"51913",0,0,0,0,0,0
"51914",0,0,5,2,2,9
"51915",0,3,0,0,7,0
"51916",0,0,0,0,0,0
"51918",0,0,0,0,0,0
"51919",0,0,0,0,0,0
"51920",1,1,1,1,1,4
"51922",0,0,0,0,0,0
"51923",5,10,10,5,5,5
"51925",2,3,0,5,7,5
"51928",5,3,4,8,7,5
"51929",0,10,5,3,5,6
"51930",0,0,1,0,0,0
"51931",10,9,0,5,7,4
"51932",0,0,0,2,1,0
"51933",0,0,0,0,0,0
"51934",0,0,0,0,2,0
"51935",0,3,3,3,3,0
"51936",5,1,0,3,10,0
"51938",5,3,0,4,6,1
"51939",4,3,2,5,2,5
"51940",4,0,0,7,7,5
"51945",0,0,0,0,0,0
"51946",2,4,6,6,10,10
"51947",0,0,1,1,0,7
"51948",9,5,7,8,6,4
"51950",0,5,8,8,0,9
"51951",10,0,0,0,0,5
"51953",3,1,7,4,6,3
"51955",0,0,0,0,0,0
"51956",6,6,6,6,6,6
"51957",9,6,0,0,8,0
"51958",0,10,2,1,1,0
"51959",5,0,0,8,4,6
"51961",0,0,10,3,0,2
"51963",0,0,0,0,0,0
"51964",0,4,0,3,3,2
"51965",0,0,0,0,0,0
"51966",0,2,1,1,1,1
"51967",0,0,0,0,0,0
"51968",10,0,0,0,8,0
"51969",10,2,0,0,10,0
"51971",0,0,1,0,0,0
"51974",0,0,0,0,0,0
"51975",0,0,0,10,5,10
"51976",3,0,5,3,0,7
"51978",2,0,0,4,1,5
"51979",8,0,5,0,0,5
"51980",10,0,2,1,1,3
"51981",0,0,0,0,0,0
"51982",0,0,0,0,0,0
"51983",0,0,5,0,0,0
"51984",0,0,0,0,0,0
"51985",1,2,1,1,0,2
"51986",5,5,5,0,5,10
"51987",1,1,3,2,7,2
"51988",0,3,3,5,0,6
"51989",10,2,0,1,6,1
"51991",0,0,0,0,0,0
"51992",4,0,0,1,6,1
"51993",3,1,3,1,1,10
"51994",0,0,0,0,0,0
"51995",0,0,0,0,0,0
"51996",10,10,10,10,10,10
"51997",0,0,0,0,0,0
"51998",0,0,0,0,0,0
"52000",0,0,1,7,2,2
"52001",0,4,3,3,1,5
"52002",3,0,0,1,1,2
"52003",6,3,2,4,7,2
"52004",0,0,0,0,0,0
"52005",0,0,0,0,0,0
"52006",1,1,1,1,1,1
"52007",7,4,8,6,5,4
"52009",9,8,6,6,7,5
"52010",4,3,3,2,5,0
"52014",0,2,5,3,4,6
"52015",0,1,2,1,1,1
"52025",3,2,0,3,3,3
"52026",1,2,3,1,0,2
"52027",0,0,1,0,0,0
"52030",10,8,0,2,6,2
"52031",0,0,0,10,0,8
"52035",0,0,9,0,0,1
"52036",0,0,2,1,0,1
"52038",0,0,0,0,0,0
"52039",0,0,10,0,0,0
"52040",0,0,0,0,0,0
"52041",5,5,5,4,3,3
"52042",0,0,10,0,0,2
"52044",0,0,0,0,1,0
"52047",0,0,10,0,0,0
"52049",7,5,0,4,5,0
"52050",10,10,10,10,10,10
"52051",7,3,0,4,9,2
"52052",0,3,0,2,5,6
"52053",0,0,2,0,0,3
"52054",0,0,0,0,0,0
"52055",0,4,1,4,1,10
"52056",0,0,0,0,3,5
"52057",7,3,0,1,10,0
"52058",1,10,9,4,10,10
"52059",0,8,0,1,0,0
"52061",0,0,10,0,0,0
"52062",4,4,0,2,4,2
"52063",0,0,0,0,7,0
"52064",0,1,3,1,1,0
"52065",0,0,0,0,3,0
"52066",10,10,10,10,10,10
"52067",0,0,9,1,1,2
"52068",3,4,3,5,2,6
"52069",5,0,0,0,6,0
"52070",0,5,10,0,10,0
"52071",0,0,0,0,0,0
"52072",0,0,0,0,0,0
"52073",0,0,4,3,0,3
"52074",0,4,2,3,5,6
"52075",10,9,0,0,0,0
"52077",3,3,5,5,0,4
"52079",0,0,3,1,1,0
"52083",3,3,4,4,3,5
"52084",0,3,4,0,5,5
"52086",0,0,0,0,0,0
"52087",0,0,0,0,0,0
"52089",0,0,10,2,0,5
"52091",0,0,0,0,0,0
"52093",0,0,0,2,0,3
"52095",0,0,0,0,0,1
"52096",10,5,5,4,4,1
"52097",0,0,0,0,0,0
"52099",0,0,0,0,0,0
"52100",8,1,0,4,7,0
"52103",3,1,1,3,2,4
"52104",0,0,0,0,0,1
"52105",3,6,0,0,5,0
"52109",0,0,0,6,1,3
"52110",1,0,0,2,0,3
"52112",0,5,0,0,0,0
"52113",0,0,0,0,0,0
"52117",0,0,0,0,0,0
"52119",7,6,0,2,8,0
"52121",4,3,1,4,0,3
"52123",0,0,3,3,0,3
"52125",0,6,0,0,0,0
"52127",8,8,1,1,1,1
"52128",0,0,10,0,0,0
"52131",0,3,4,2,6,2
"52134",0,0,0,0,0,0
"52135",0,0,0,0,0,0
"52136",3,2,1,1,2,3
"52138",5,10,3,4,5,7
"52139",10,7,3,6,5,2
"52140",0,0,0,0,0,0
"52141",0,0,0,0,0,0
"52148",0,0,10,0,0,0
"52151",0,0,0,10,10,10
"52152",0,1,4,1,2,4
"52153",10,10,10,10,10,10
"52155",0,0,0,0,0,0
"52156",0,0,0,0,0,0
"52157",10,1,4,2,3,5
"52158",0,1,6,2,5,8
"52159",0,8,0,2,1,3
"52161",0,0,1,0,0,1
"52163",2,1,0,2,5,4
"52164",0,0,0,5,0,0
"52165",0,0,0,0,0,0
"52169",0,0,0,0,0,5
"52171",5,5,0,1,7,1
"52173",2,0,0,2,3,1
"52175",5,2,0,1,0,0
"52176",0,4,5,0,0,5
"52177",3,10,2,3,2,1
"52178",4,8,9,3,10,10
"52179",5,0,0,2,5,1
"52180",0,0,0,0,0,0
"52182",5,0,0,5,5,3
"52184",5,0,0,8,6,6
"52185",0,0,1,0,0,0
"52186",10,5,0,1,3,1
"52188",1,1,1,1,1,1
"52192",6,4,1,2,0,1
"52194",9,0,0,0,0,0
"52196",5,4,0,4,10,0
"52197",0,0,3,0,5,5
"52202",0,0,2,1,0,3
"52203",5,6,5,5,3,6
"52206",10,7,0,1,7,0
"52207",9,8,2,5,3,4
"52208",0,0,0,0,0,0
"52209",0,7,9,6,8,5
"52210",0,2,0,0,5,3
"52212",10,5,1,1,1,1
"52213",0,0,0,0,0,0
"52214",1,1,1,1,1,1
"52215",10,10,10,10,10,10
"52217",0,0,0,0,0,0
"52219",5,5,0,0,4,0
"52220",10,10,10,10,10,10
"52221",0,0,4,0,0,0
"52222",0,0,0,0,0,0
"52226",10,1,0,2,5,3
"52227",9,8,3,7,5,2
"52228",5,4,1,2,2,2
"52229",4,5,1,2,1,2
"52231",2,5,4,4,5,4
"52232",10,8,3,7,9,3
"52235",4,1,0,7,8,5
"52236",10,0,0,0,10,0
"52237",0,0,0,0,0,0
"52238",10,0,10,10,10,10
"52239",5,0,0,0,2,0
"52240",10,0,1,0,5,10
"52241",0,0,0,0,0,0
"52245",0,0,0,0,0,0
"52249",0,7,0,7,9,3
"52251",2,3,4,3,8,4
"52252",0,0,10,5,0,5
"52259",3,1,2,4,0,4
"52260",0,0,0,0,0,1
"52264",0,0,0,2,5,5
"52266",0,0,0,0,0,0
"52268",0,0,0,0,0,0
"52272",0,0,1,0,0,1
"52273",0,5,0,0,0,0
"52274",0,0,0,0,0,0
"52276",0,0,0,0,0,0
"52280",0,5,10,5,5,3
"52281",0,1,0,0,0,1
"52282",0,0,0,0,0,0
"52283",1,1,0,2,3,1
"52284",7,4,0,2,6,2
"52285",0,2,1,1,2,3
"52286",1,0,0,0,10,0
"52287",9,5,1,5,6,5
"52288",8,6,4,5,8,7
"52289",2,1,1,2,3,2
"52290",0,3,8,5,0,10
"52296",6,0,0,2,0,8
"52297",0,10,10,0,0,0
"52298",4,10,5,4,10,9
"52299",1,3,0,0,0,0
"52301",0,10,0,0,10,0
"52304",0,6,2,8,3,7
"52306",0,0,0,0,0,0
"52307",0,1,9,3,4,8
"52308",9,8,0,2,10,0
"52309",7,6,0,4,8,4
"52311",0,0,0,0,2,0
"52312",0,4,0,6,6,8
"52314",2,0,0,0,0,0
"52315",1,1,1,1,1,2
"52316",6,0,0,1,6,0
"52317",10,0,0,0,0,0
"52318",10,4,0,0,9,0
"52322",0,1,5,3,2,4
