"","cand_A","cand_B","cand_C","cand_D","cand_E"
"54892",9,6,9,9,4
"54893",0,10,5,5,5
"54894",6,0,5,10,2
"54895",1,7,6,5,6
"54896",4,6,9,3,5
"54897",7,3,5,5,5
"54898",8,5,5,5,5
"54899",7,4,7,5,4
"54900",5,5,5,5,5
"54901",0,5,3,0,1
"54903",0,0,0,0,0
"54904",7,0,3,9,2
"54905",2,8,5,1,6
"54906",2,3,2,4,4
"54907",3,4,4,4,3
"54908",5,3,4,5,4
"54909",3,6,5,2,3
"54910",3,3,5,3,3
"54911",6,4,5,5,5
"54912",7,3,5,5,5
"54913",10,0,5,5,5
"54914",5,5,5,5,5
"54915",2,8,5,6,6
"54916",5,5,5,3,3
"54917",3,7,5,0,4
"54918",5,5,5,5,5
"54919",6,3,3,1,1
"54920",5,7,3,3,3
"54921",2,2,2,2,2
"54923",3,3,2,2,3
"54924",5,3,5,5,5
"54926",5,3,4,4,4
"54927",5,6,6,5,6
"54928",7,0,7,6,0
"54930",7,0,5,6,5
"54931",3,7,6,6,5
"54932",6,4,4,5,3
"54933",1,7,4,1,3
"54934",7,5,5,8,5
"54935",3,8,5,3,7
"54936",5,5,5,5,5
"54937",7,3,8,6,6
"54938",6,4,6,8,4
"54939",7,4,6,8,6
"54940",5,5,5,5,5
"54941",5,4,5,5,4
"54942",5,5,5,5,5
"54943",5,3,1,6,3
"54944",0,6,0,0,3
"54945",9,4,5,5,4
"54946",9,2,7,6,5
"54947",0,5,0,2,3
"54948",5,5,5,5,5
"54949",8,3,5,6,5
"54950",2,2,1,1,1
"54951",2,5,5,3,2
"54952",8,5,0,7,3
"54953",5,5,5,5,5
"54954",5,5,5,5,5
"54956",6,7,5,6,4
"54957",8,2,5,9,4
"54958",0,5,1,0,1
"54959",2,5,5,4,5
"54960",3,6,5,4,6
"54962",5,3,1,2,4
"54963",4,7,5,3,7
"54964",3,7,0,0,0
"54965",0,2,2,0,1
"54966",10,3,3,3,3
"54968",4,5,5,3,3
"54969",5,5,0,0,5
"54970",7,5,5,5,5
"54971",0,0,0,0,0
"54972",5,0,5,8,3
"54973",7,5,5,5,5
"54974",9,7,8,7,5
"54975",8,5,9,7,5
"54976",5,5,5,5,5
"54977",0,7,5,0,7
"54978",6,3,3,3,3
"54979",7,2,5,7,3
"54980",8,5,6,8,2
"54981",5,5,5,2,1
"54982",0,5,0,0,3
"54983",10,0,5,5,5
"54984",10,0,0,9,0
"54986",2,6,4,3,3
"54987",3,4,8,2,5
"54988",6,4,8,6,7
"54991",5,6,8,4,6
"54992",5,5,5,5,5
"54993",6,6,3,3,4
"54994",7,3,6,6,5
"54995",5,5,5,5,5
"54996",5,5,5,4,4
"54997",6,4,5,3,5
"54999",9,1,3,7,7
"55000",4,5,6,3,5
"55001",5,2,2,2,3
"55002",4,4,4,4,4
"55003",6,0,6,6,0
"55005",7,2,5,6,3
"55006",10,5,2,2,2
"55007",0,0,0,0,0
"55008",1,1,8,7,4
"55009",8,3,6,7,5
"55010",5,7,3,2,4
"55011",2,6,1,1,3
"55012",8,1,5,7,3
"55013",7,3,3,6,2
"55014",0,8,0,0,0
"55015",5,7,7,5,5
"55016",2,9,3,3,4
"55017",5,5,3,3,5
"55018",3,10,0,0,0
"55020",2,8,3,3,6
"55021",6,5,6,5,5
"55022",7,5,4,5,7
"55023",5,6,5,4,5
"55024",4,5,4,5,3
"55025",7,0,0,3,3
"55026",6,5,6,7,5
"55027",5,0,3,6,1
"55028",4,4,6,5,5
"55029",3,3,5,5,3
"55030",3,3,3,3,3
"55031",3,0,6,8,3
"55033",8,5,4,6,1
"55035",6,7,7,6,5
"55036",0,0,7,8,5
"55037",6,4,5,5,5
"55038",4,0,7,8,3
"55039",7,2,0,8,3
"55040",10,0,0,0,0
"55041",9,0,1,9,3
"55042",0,8,3,0,5
"55043",5,5,5,5,5
"55044",1,2,4,2,2
"55045",5,10,3,3,3
"55046",0,3,3,0,3
"55047",2,7,2,0,0
"55048",5,3,7,6,4
"55049",5,5,5,5,5
"55050",4,6,4,2,3
"55051",8,5,6,7,6
"55052",5,5,5,5,5
"55053",8,1,4,7,4
"55054",8,2,3,7,3
"55055",8,6,7,7,6
"55056",10,0,5,5,5
"55057",5,3,8,7,4
"55058",2,4,7,5,5
"55059",8,5,6,5,5
"55060",5,5,4,4,6
"55061",5,2,5,5,5
"55062",5,3,4,4,5
"55063",5,5,5,5,3
"55065",5,2,3,3,3
"55066",2,6,0,0,1
"55067",10,0,1,4,0
"55068",4,5,5,4,5
"55069",5,5,5,5,5
"55070",0,10,0,0,5
"55072",5,4,6,5,6
"55073",10,0,1,7,2
"55074",6,5,6,5,4
"55075",5,5,5,5,5
"55076",8,6,4,4,5
"55077",5,5,5,5,5
"55078",3,5,2,0,3
"55079",6,2,0,0,5
"55080",7,0,5,5,3
"55081",3,6,4,2,5
"55082",3,7,5,6,5
"55083",5,5,5,5,5
"55084",8,2,5,5,2
"55085",7,6,8,6,5
"55086",5,4,4,6,6
"55087",3,9,3,0,2
"55088",0,10,10,10,10
"55089",5,6,7,7,4
"55090",2,5,6,3,3
"55092",8,2,3,7,2
"55093",5,4,3,7,3
"55094",7,2,5,7,5
"55095",8,6,1,2,4
"55096",5,3,6,7,5
"55097",6,2,1,3,2
"55098",9,3,4,4,3
"55099",5,5,5,5,5
"55100",8,5,5,5,5
"55102",5,4,4,4,4
"55103",3,1,2,3,1
"55104",7,3,5,7,5
"55105",8,6,8,8,6
"55106",8,3,3,5,5
"55107",6,0,5,5,4
"55108",8,2,6,3,4
"55109",6,5,5,5,5
"55112",3,5,3,0,3
"55113",7,5,10,7,5
"55114",3,7,7,0,0
"55115",5,5,5,5,5
"55116",7,3,6,8,6
"55117",6,5,4,5,5
"55119",4,6,6,6,5
"55120",8,3,5,5,3
"55121",5,5,6,5,4
"55122",8,3,9,3,2
"55123",2,4,2,3,2
"55124",2,8,3,0,3
"55125",10,2,5,6,3
"55126",8,1,1,7,5
"55127",4,6,3,5,0
"55128",3,6,2,3,5
"55129",5,5,6,0,3
"55130",6,0,1,4,3
"55132",5,5,3,4,5
"55134",5,5,5,5,5
"55135",4,4,5,3,5
"55136",4,7,5,4,6
"55137",8,3,3,4,3
"55138",2,2,6,4,3
"55140",3,0,0,3,3
"55142",8,5,5,7,6
"55143",9,2,3,2,2
"55144",5,2,1,2,2
"55145",1,3,1,1,1
"55148",6,6,0,4,5
"55149",7,3,3,5,3
"55151",6,4,6,7,6
"55152",7,0,0,9,5
"55153",8,3,5,8,3
"55154",10,0,3,8,3
"55155",9,1,3,5,3
"55156",3,3,5,5,4
"55157",6,0,7,7,5
"55158",4,5,3,2,3
"55159",7,5,5,6,5
"55160",5,5,5,5,5
"55162",6,3,5,9,5
"55163",7,2,6,6,2
"55164",7,3,5,6,3
"55165",8,2,4,4,3
"55166",1,8,6,2,5
"55167",0,10,1,2,5
"55168",5,5,0,0,0
"55170",5,8,4,4,5
"55171",5,5,5,5,5
"55172",2,6,2,2,4
"55173",8,5,6,8,7
"55174",8,8,9,7,9
"55175",5,5,5,5,5
"55176",6,2,6,6,5
"55177",3,8,3,3,3
"55178",9,1,5,5,2
"55179",5,4,6,5,5
"55180",7,1,5,5,1
"55181",3,6,7,4,5
"55182",0,0,1,3,3
"55183",8,0,2,5,3
"55184",5,6,5,3,4
"55185",8,5,2,6,4
"55186",5,2,3,4,6
"55187",4,5,3,3,3
"55188",8,2,5,8,5
"55189",7,3,5,6,3
"55190",2,6,2,2,2
"55191",5,2,5,8,4
"55192",7,0,7,5,5
"55193",5,5,5,5,5
"55194",9,2,5,7,3
"55195",3,5,4,3,3
"55196",5,3,4,5,3
"55197",5,5,5,5,5
"55198",2,8,6,6,5
"55201",5,5,5,5,5
"55202",0,9,5,3,5
"55203",6,5,5,5,5
"55204",8,4,5,6,5
"55205",10,0,4,3,0
"55206",8,4,4,7,5
"55207",5,5,6,4,3
"55208",4,6,4,1,2
"55210",3,3,3,0,4
"55211",2,2,2,1,1
"55213",8,0,5,7,1
"55214",6,5,4,4,7
"55215",2,7,7,4,6
"55216",5,5,5,5,5
"55217",7,2,3,5,3
"55218",3,3,4,5,4
"55219",5,4,5,5,6
"55220",7,5,7,3,4
"55221",8,3,7,7,5
"55223",5,6,1,3,5
"55224",4,6,3,2,3
"55225",5,5,5,5,5
"55229",2,5,6,4,5
"55230",6,3,7,7,3
"55231",7,0,2,5,2
"55232",5,5,6,3,5
"55233",5,5,5,5,5
"55234",5,5,5,5,5
"55235",5,5,5,5,5
"55236",5,5,5,5,5
"55237",5,5,7,7,5
"55238",2,5,5,3,3
"55239",6,3,5,5,3
"55240",5,6,3,2,3
"55241",2,7,5,2,6
"55242",8,7,10,0,8
"55243",9,0,9,9,1
"55244",5,5,4,4,4
"55245",4,5,5,3,5
"55247",0,0,0,0,0
"55249",4,5,4,0,4
"55251",3,0,0,7,3
"55252",7,0,7,8,5
"55253",8,3,7,9,5
"55254",5,6,7,7,7
"55255",7,3,4,4,4
"55256",6,5,2,4,2
"55257",4,3,2,5,5
"55258",5,5,4,4,4
"55260",2,8,5,2,5
"55261",5,0,5,5,5
"55262",10,1,3,10,5
"55264",7,5,8,4,6
"55266",5,7,6,3,5
"55267",5,5,6,5,3
"55268",5,5,5,3,3
"55269",5,6,3,3,5
"55270",7,3,2,3,4
"55271",8,4,5,9,4
"55272",3,5,2,2,3
"55274",5,5,4,4,4
"55275",7,6,7,8,8
"55276",5,5,5,5,5
"55277",7,2,6,7,5
"55278",10,2,4,5,1
"55280",7,1,7,7,5
"55281",5,4,4,4,3
"55282",8,3,4,3,2
"55284",4,5,7,6,5
"55286",4,2,4,3,2
"55287",8,4,4,4,3
"55288",8,4,4,6,4
"55289",8,3,5,5,4
"55290",5,8,6,2,4
"55291",8,3,4,6,3
"55293",8,4,6,6,4
"55294",5,3,8,6,0
"55295",8,3,5,7,5
"55297",8,2,4,5,5
"55298",7,0,9,8,5
"55299",4,6,5,7,7
"55300",1,6,3,2,1
"55301",6,0,4,7,4
"55302",5,5,5,5,5
"55303",6,6,6,6,6
"55304",10,3,1,5,5
"55306",0,0,5,5,1
"55307",5,5,5,5,5
"55308",5,5,5,5,5
"55309",10,0,4,8,3
"55310",5,5,5,5,5
"55311",5,5,5,5,5
"55312",7,5,1,2,3
"55313",8,3,4,5,4
"55314",7,4,9,2,3
"55316",1,2,6,5,4
"55317",0,8,1,2,4
"55318",4,2,6,6,1
"55319",5,6,2,5,3
"55320",8,2,5,7,6
"55321",5,0,6,9,3
"55322",2,6,3,2,3
"55323",7,2,5,5,4
"55324",7,1,6,3,1
"55326",5,5,5,5,5
"55327",0,7,10,10,5
"55328",6,5,6,7,5
"55329",4,5,3,3,4
"55330",5,6,2,3,3
"55331",7,3,0,7,3
"55332",4,6,0,4,3
"55334",4,5,3,5,5
"55335",5,2,0,5,0
"55336",0,9,4,0,2
"55337",2,6,2,3,4
"55338",5,5,3,4,5
"55339",6,3,3,3,3
"55340",6,1,5,5,3
"55341",5,0,1,1,1
"55342",3,8,6,7,5
"55343",5,5,5,5,5
"55344",6,0,3,7,2
"55346",5,5,5,5,5
"55347",10,5,6,6,6
"55348",0,0,0,0,0
"55349",9,0,8,6,6
"55350",5,7,6,5,4
"55351",4,6,6,5,5
"55353",7,6,6,5,5
"55354",5,1,7,8,1
"55355",6,3,5,8,7
"55357",2,4,0,0,2
"55358",2,9,5,3,5
"55359",6,1,5,7,5
"55361",0,9,1,2,3
"55365",1,7,7,1,5
"55367",6,4,3,4,3
"55368",5,0,3,5,3
"55369",0,5,1,0,1
"55370",6,5,2,0,0
"55371",4,8,3,1,3
"55372",8,3,4,6,5
"55373",8,3,1,2,3
"55374",8,0,2,5,1
"55375",4,0,1,2,0
"55376",5,2,6,6,3
"55377",0,5,3,4,6
"55378",6,3,4,5,4
"55379",6,3,5,7,4
"55380",7,2,5,8,4
"55382",8,0,1,2,2
"55383",7,2,3,7,1
"55385",4,5,4,2,3
"55386",0,8,0,0,0
"55388",7,1,3,3,5
"55389",0,0,9,9,1
"55390",6,3,2,3,1
"55391",7,3,4,6,4
"55392",10,0,0,3,2
"55394",7,4,7,7,6
"55395",6,6,7,6,6
"55396",8,2,6,6,2
"55397",8,0,0,3,0
"55398",5,5,4,3,4
"55400",8,5,7,5,4
"55401",7,8,4,5,2
"55403",8,5,4,6,3
"55404",0,10,5,0,8
"55405",3,5,3,3,4
"55406",6,5,5,6,4
"55407",7,5,4,7,4
"55408",2,4,0,0,1
"55409",6,7,3,3,6
"55410",8,1,6,4,3
"55411",8,2,5,7,5
"55412",7,3,9,7,1
"55414",6,1,0,4,1
"55415",3,3,3,4,1
"55416",4,4,5,4,4
"55417",6,3,6,5,5
"55418",6,5,6,5,3
"55419",5,3,5,5,3
"55420",5,0,7,10,2
"55421",3,2,8,6,4
"55425",5,5,2,2,3
"55426",7,1,5,5,3
"55427",2,0,5,5,5
"55428",7,7,7,7,7
"55429",6,6,6,6,6
"55430",9,0,4,7,1
"55431",8,0,2,7,5
"55432",3,3,2,2,1
"55433",8,5,5,8,5
"55435",8,0,8,8,8
"55436",8,0,6,5,5
"55437",5,5,5,5,5
"55438",9,3,3,6,3
"55439",5,1,5,8,5
"55441",3,5,1,0,0
"55442",5,5,3,3,3
"55443",8,5,2,6,3
"55444",7,0,5,6,5
"55445",4,5,4,3,5
"55446",7,3,6,7,4
"55447",6,2,7,4,5
"55448",5,5,5,5,5
"55450",5,5,5,5,5
"55451",3,5,5,5,4
"55453",7,8,5,5,6
"55454",7,2,3,4,4
"55457",9,2,3,7,5
"55458",1,8,5,5,5
"55459",1,9,2,2,2
"55461",2,3,5,4,1
"55462",5,7,4,3,7
"55463",5,5,5,7,5
"55464",8,3,1,5,3
"55465",5,3,2,7,1
"55466",9,1,7,7,4
"55467",5,5,0,2,5
"55469",5,4,5,5,5
"55470",4,0,3,5,2
"55471",5,8,5,2,2
"55472",6,2,3,5,1
"55473",10,0,5,8,5
"55474",9,0,0,10,3
"55475",8,1,3,8,1
"55476",5,5,5,5,5
"55478",8,3,5,7,6
"55479",2,7,2,0,3
"55480",2,6,5,2,3
"55481",5,5,5,4,5
"55482",6,2,7,6,5
"55483",5,3,2,4,3
"55484",8,0,0,8,0
"55485",5,5,7,6,4
"55486",10,4,6,3,3
"55487",5,5,5,5,5
"55488",5,6,7,6,7
"55489",7,3,6,7,5
"55492",7,1,1,5,4
"55494",5,5,5,5,5
"55495",6,4,3,5,5
"55497",6,3,5,6,5
"55499",2,5,5,1,2
"55500",5,4,5,5,5
"55501",5,10,2,3,4
"55502",6,3,7,3,3
"55503",6,7,5,5,6
"55504",8,0,0,0,0
"55505",2,8,5,5,5
"55506",8,0,0,2,0
"55507",4,7,6,6,4
"55508",4,5,6,4,3
"55509",7,4,8,6,6
"55510",1,5,0,0,0
"55511",10,3,8,7,4
"55512",6,0,4,4,2
"55513",7,2,4,5,5
"55514",3,3,3,3,2
"55516",6,5,4,7,4
"55518",7,7,7,6,6
"55520",5,3,6,5,4
"55521",10,0,5,0,0
"55522",7,3,2,5,2
"55523",7,5,7,2,3
"55524",8,4,4,6,5
"55525",5,5,5,5,5
"55526",10,0,2,9,2
"55527",8,6,4,4,4
"55528",4,3,7,5,3
"55529",5,5,5,5,3
"55533",5,5,5,5,5
"55534",6,5,4,5,5
"55535",9,6,0,1,2
"55536",10,0,5,5,5
"55537",6,5,4,5,5
"55539",5,5,5,5,5
"55540",3,1,5,7,1
"55542",7,0,5,5,4
"55543",5,5,5,5,5
"55544",8,8,4,5,6
"55545",6,4,4,5,4
"55546",0,10,0,0,0
"55547",5,7,5,0,1
"55548",4,5,4,5,5
"55549",8,6,7,7,7
"55550",5,1,5,5,4
"55552",10,0,7,5,3
"55553",5,2,5,5,5
"55555",3,7,4,2,2
"55556",5,5,5,5,5
"55557",5,3,5,5,5
"55558",5,5,5,5,5
"55559",8,5,6,6,5
"55561",4,3,8,8,4
"55562",4,4,6,5,5
"55563",6,4,7,6,4
"55564",0,5,5,3,4
"55565",8,2,3,5,2
"55566",8,5,6,7,6
"55567",0,0,5,5,0
"55568",4,6,6,4,6
"55569",8,2,4,6,3
"55570",5,5,5,5,5
"55572",5,5,5,5,5
"55573",7,4,2,3,6
"55574",2,8,6,5,1
"55575",7,5,5,3,7
"55576",8,3,3,7,2
"55577",5,5,5,5,5
"55578",3,6,4,1,1
"55579",7,6,7,6,7
"55580",7,4,5,6,3
"55581",8,3,5,7,5
"55582",5,5,7,7,5
"55583",7,5,3,1,2
"55584",4,5,5,3,2
"55586",8,3,3,3,3
"55587",7,0,8,7,5
"55588",5,5,5,0,5
"55589",7,4,7,7,4
"55590",5,5,3,3,3
"55591",7,0,1,7,1
"55592",7,3,5,0,5
"55593",5,7,3,3,4
"55594",6,3,8,9,4
"55595",2,3,6,6,5
"55598",5,5,5,5,5
"55599",5,5,4,6,5
"55600",2,5,2,8,2
"55602",5,5,4,3,3
"55603",5,1,5,5,2
"55604",0,9,0,0,5
"55607",5,2,1,1,0
"55608",10,0,5,5,5
"55609",6,0,0,2,0
"55610",5,5,5,5,5
"55611",6,2,10,3,0
"55612",3,7,2,3,3
"55613",6,5,3,5,3
"55614",8,3,8,8,5
"55615",3,5,2,2,2
"55616",7,5,5,3,3
"55617",6,8,6,5,6
"55618",2,3,0,1,1
"55619",6,4,7,6,4
"55620",4,3,4,2,10
"55621",5,10,5,5,5
"55622",0,8,2,1,0
"55623",10,0,9,8,5
"55625",3,6,3,2,2
"55626",3,6,5,1,5
"55627",5,5,5,5,4
"55628",10,0,0,5,5
"55629",5,6,5,6,5
"55630",5,8,3,2,0
"55631",6,6,4,5,5
"55632",9,1,3,4,1
"55633",3,5,6,5,4
"55635",5,7,5,5,5
"55636",2,10,2,1,0
"55638",6,0,5,9,0
"55639",4,6,5,5,3
"55640",7,0,2,6,2
"55641",5,5,5,3,3
"55642",9,0,3,9,5
"55643",6,2,3,5,3
"55644",6,3,0,5,3
"55645",10,6,5,6,6
"55646",0,0,5,0,0
"55647",3,4,5,3,3
"55648",3,2,3,3,3
"55649",4,5,4,4,4
"55650",9,4,9,8,7
"55651",5,5,5,5,5
"55652",7,3,5,5,4
"55653",4,8,3,2,5
"55654",10,0,0,8,8
"55655",7,5,6,6,5
"55656",5,5,5,5,5
"55658",5,7,7,5,6
"55659",5,6,5,4,5
"55660",6,4,6,4,4
"55661",0,0,0,0,0
"55662",3,3,2,7,3
"55663",7,0,9,9,3
"55664",0,9,0,0,1
"55667",10,0,5,2,1
"55668",3,8,3,2,3
"55669",7,2,9,8,2
"55670",10,0,8,8,5
"55671",8,0,2,5,3
"55672",5,5,7,6,4
"55673",4,5,0,1,2
"55674",4,4,4,4,4
"55675",6,6,5,5,5
"55676",0,3,1,1,4
"55677",6,5,6,6,5
"55680",0,5,1,0,1
"55681",5,5,5,5,5
"55682",7,5,5,5,5
"55683",3,3,4,4,3
"55684",9,6,9,9,8
"55685",3,2,3,4,3
"55686",6,6,5,5,6
"55687",3,3,3,5,3
"55688",9,2,6,7,5
"55689",8,1,0,4,3
"55690",5,3,7,7,5
"55691",5,5,5,5,5
"55692",5,5,5,5,5
"55693",5,5,5,5,5
"55695",7,4,5,5,5
"55696",3,5,1,1,2
"55697",0,5,0,0,0
"55699",5,5,5,5,5
"55700",7,3,6,7,4
"55701",5,6,5,5,5
"55703",5,5,2,2,3
"55704",5,5,5,5,5
"55705",3,8,1,2,4
"55706",6,5,3,5,4
"55707",1,3,3,3,4
"55708",8,0,3,6,3
"55709",4,5,5,5,6
"55710",5,5,7,7,4
"55713",6,5,4,6,5
"55714",5,5,5,5,5
"55716",5,4,3,6,2
"55717",2,3,1,1,2
"55718",6,1,6,6,4
"55719",8,0,0,3,1
"55720",2,2,5,2,1
"55721",10,0,6,8,5
"55723",4,6,5,4,5
"55724",7,4,3,6,7
"55725",7,3,5,8,4
"55726",8,3,6,8,5
"55727",7,7,6,4,6
"55728",0,7,0,0,3
"55729",3,0,3,5,2
"55731",3,0,3,6,2
"55732",6,0,3,4,3
"55733",6,0,2,3,0
"55734",6,4,5,5,6
"55735",7,0,0,4,2
"55736",1,9,6,1,7
"55737",5,5,5,5,5
"55738",7,5,4,6,6
"55739",5,5,5,5,5
"55741",5,5,5,5,5
"55742",7,4,6,7,6
"55743",5,5,5,5,5
"55744",5,3,7,8,4
"55745",0,5,5,5,5
"55746",3,5,4,4,0
"55747",5,3,5,6,4
"55748",8,0,5,8,0
"55749",6,4,4,5,4
"55750",3,9,5,5,6
"55751",5,5,5,5,5
"55752",9,1,3,4,2
"55753",8,5,4,6,5
"55754",7,3,5,6,3
"55756",5,6,5,7,5
"55758",1,8,3,2,3
"55759",7,7,7,5,3
"55760",8,0,3,5,3
"55762",4,6,5,4,4
"55763",5,6,5,5,3
"55764",1,3,3,0,2
"55765",9,5,4,8,7
"55766",6,5,5,5,5
"55767",5,5,5,5,5
"55768",3,7,5,0,7
"55769",8,0,3,7,3
"55770",5,3,7,7,5
"55771",3,3,5,5,4
"55772",8,3,7,8,6
"55773",5,5,8,4,6
"55774",5,5,5,5,5
"55775",5,7,4,5,7
"55776",6,3,5,5,5
"55777",5,5,5,5,5
"55778",7,5,5,6,6
"55779",8,6,6,7,3
"55782",4,5,4,5,4
"55783",0,1,5,3,1
"55784",5,3,7,6,5
"55785",1,1,1,1,1
"55786",5,3,4,5,3
"55787",7,0,6,6,5
"55789",8,0,1,6,4
"55791",9,7,8,6,6
"55792",8,2,2,0,6
"55793",5,5,5,5,5
"55794",10,5,7,8,8
"55796",4,4,1,3,2
"55798",0,3,4,0,3
"55799",8,3,5,7,5
"55800",6,7,5,5,6
"55801",3,0,3,8,3
"55803",6,6,6,5,3
"55804",4,4,4,3,3
"55805",7,2,3,5,1
"55806",5,6,6,6,5
"55807",4,6,4,5,5
"55808",5,5,5,5,5
"55809",6,2,5,5,4
"55810",5,5,4,4,4
"55811",6,5,5,5,5
"55812",3,3,3,1,3
"55813",5,6,4,4,6
"55814",4,4,7,6,1
"55815",5,5,5,5,5
"55816",6,5,4,4,4
"55817",3,6,3,3,3
"55818",6,3,5,8,4
"55819",5,5,5,5,5
"55820",6,6,3,3,6
"55821",8,5,4,5,5
"55822",1,2,5,1,1
"55823",5,3,5,6,5
"55824",4,4,1,1,5
"55825",0,7,5,3,5
"55826",3,6,0,0,0
"55828",3,3,6,6,4
"55829",9,0,5,8,4
"55833",7,3,7,6,5
"55834",6,0,2,10,3
"55836",6,5,7,7,5
"55837",5,5,4,4,5
"55838",7,3,5,7,5
"55839",8,0,5,5,2
"55840",10,0,3,5,0
"55841",8,2,4,7,2
"55842",2,8,2,2,5
"55843",3,8,1,1,1
"55844",8,5,5,2,3
"55845",8,0,5,6,3
"55846",5,1,3,7,4
"55847",5,5,5,5,5
"55848",0,8,0,0,6
"55849",5,5,5,5,5
"55852",7,1,3,9,3
"55853",5,0,3,6,2
"55854",0,10,1,1,3
"55855",6,1,4,5,2
"55856",0,0,5,0,0
"55857",6,3,2,3,3
"55858",6,5,5,6,5
"55859",6,7,3,4,4
"55861",5,5,6,5,5
"55862",1,5,7,1,5
"55863",4,4,4,4,4
"55864",6,5,7,6,2
"55866",6,3,0,4,5
"55867",3,6,5,4,5
"55869",5,5,5,5,5
"55871",5,5,5,8,5
"55872",8,1,4,8,4
"55873",1,9,0,0,0
"55874",5,5,5,5,5
"55875",6,4,5,5,5
"55876",2,2,5,5,3
"55877",5,5,5,5,5
"55878",5,6,5,3,3
"55880",4,5,0,7,2
"55881",7,7,7,0,5
"55882",3,4,3,1,1
"55883",4,4,5,1,1
"55884",1,10,2,1,6
"55885",4,0,5,7,4
"55886",5,5,5,5,5
"55888",5,4,4,4,5
"55889",7,5,8,4,6
"55890",2,8,3,4,7
"55891",5,6,0,2,7
"55892",6,3,3,3,3
"55893",5,1,5,3,3
"55894",5,7,4,3,6
"55895",5,1,7,8,5
"55896",7,3,5,6,5
"55897",7,4,5,8,4
"55898",7,1,3,7,3
"55899",5,0,5,5,5
"55900",4,6,5,4,3
"55901",5,7,5,5,5
"55902",8,0,4,8,0
"55903",5,5,5,5,5
"55904",0,7,5,0,5
"55905",9,5,5,3,4
"55906",5,0,6,4,4
"55908",7,3,6,5,5
"55909",5,5,5,5,5
"55910",6,0,6,5,3
"55911",8,3,4,8,4
"55912",7,0,2,6,1
"55913",10,0,5,10,3
"55914",8,6,7,8,6
"55915",6,3,4,4,8
"55916",3,1,6,6,2
"55917",5,5,5,5,5
"55918",5,6,5,6,3
"55919",6,5,5,5,6
"55920",5,5,5,5,5
"55921",0,10,5,0,0
"55922",5,3,3,2,1
"55923",3,7,3,3,7
"55924",1,3,2,0,1
"55925",5,5,5,5,5
"55926",4,5,6,5,3
"55927",8,0,2,7,5
"55928",8,0,7,5,5
"55930",5,6,5,5,6
"55931",8,3,3,8,2
"55932",8,0,4,5,4
"55933",5,5,5,5,5
"55934",5,7,6,6,6
"55935",5,6,8,7,4
"55936",5,5,6,8,0
"55937",7,0,2,3,1
"55938",6,4,6,7,1
"55939",0,1,1,0,1
"55940",1,5,1,1,0
"55941",5,5,7,5,4
"55943",6,3,6,7,5
"55944",3,5,8,6,3
"55946",10,2,5,5,5
"55947",8,3,5,5,6
"55948",8,0,0,3,0
"55949",4,4,5,5,5
"55950",4,5,6,4,3
"55951",10,0,5,5,5
"55953",5,3,1,7,2
"55954",8,8,5,5,3
"55955",5,5,4,4,5
"55956",2,3,3,3,1
"55957",2,6,2,2,2
"55958",10,5,5,5,5
"55960",10,1,1,6,3
"55961",6,5,5,5,4
"55962",1,1,5,7,3
"55963",3,6,8,6,3
"55964",8,3,4,5,5
"55965",5,5,3,6,5
"55966",4,5,6,6,6
"55967",3,7,4,4,4
"55968",1,9,3,1,5
"55969",3,3,5,5,3
"55970",5,9,5,2,2
"55971",1,2,5,3,4
"55972",10,2,9,8,1
"55973",6,2,7,7,2
"55974",7,1,3,4,1
"55975",5,4,5,3,4
"55976",8,3,5,4,2
"55977",5,5,5,5,5
"55978",8,7,8,6,5
"55979",0,7,10,0,10
"55980",5,6,4,2,3
"55981",3,8,9,8,5
"55982",5,6,5,4,3
"55983",2,8,0,1,4
"55985",4,6,2,3,3
"55987",7,4,6,6,7
"55988",2,3,3,2,1
"55989",7,3,9,8,7
"55990",4,5,4,3,5
"55991",5,5,5,5,5
"55992",6,6,8,7,7
"55993",10,0,3,3,2
"55994",3,7,4,3,5
"55996",4,1,2,4,3
"55997",8,7,6,5,3
"55998",6,5,5,5,5
"55999",7,4,6,5,4
"56000",0,5,5,0,10
"56001",8,2,6,6,6
"56002",3,7,4,3,4
"56003",3,7,4,2,2
"56004",1,7,5,0,6
"56005",6,2,5,2,3
"56006",10,3,8,9,6
"56007",4,5,6,7,2
"56008",6,5,7,6,5
"56009",5,5,5,6,5
"56010",8,0,3,7,3
"56011",3,5,8,3,3
"56012",9,4,4,4,4
"56013",7,7,7,7,7
"56017",4,3,4,4,5
"56018",5,6,5,6,6
"56019",10,0,5,9,5
"56020",8,2,3,3,2
"56021",6,5,5,5,5
"56022",8,3,5,5,5
"56023",5,5,6,6,5
"56024",2,6,7,5,4
"56025",7,3,5,5,3
"56026",10,0,3,6,1
"56027",5,3,7,7,3
"56028",8,3,5,6,5
"56029",5,0,5,5,0
"56030",5,5,5,5,5
"56031",1,4,4,5,5
"56032",5,5,5,5,5
"56033",3,1,9,3,5
"56034",5,3,2,2,7
"56035",5,0,6,8,4
"56036",5,3,6,5,1
"56037",5,0,4,3,3
"56038",10,2,4,3,3
"56039",5,0,3,1,0
"56040",5,5,3,2,3
"56042",6,5,4,4,4
"56043",3,5,3,2,4
"56045",1,8,1,1,0
"56046",5,5,8,5,5
"56047",6,6,8,5,3
"56048",4,4,4,3,3
"56049",6,1,5,7,1
"56050",2,2,2,1,2
"56051",9,1,2,2,2
"56052",0,0,0,7,5
"56053",4,4,4,2,4
"56054",6,6,7,7,7
"56055",5,5,4,2,3
"56056",4,4,3,3,4
"56057",5,5,6,5,5
"56058",5,5,5,5,5
"56060",7,2,5,5,3
"56061",4,4,7,7,5
"56062",1,2,9,5,2
"56063",6,6,4,7,4
"56065",3,4,4,1,3
"56066",8,0,7,6,5
"56067",5,5,5,5,5
"56068",3,3,4,3,2
"56069",0,8,6,1,5
"56070",3,5,8,6,6
"56071",7,2,3,7,2
"56072",8,0,0,3,3
"56073",7,3,4,4,4
"56074",5,7,8,8,5
"56075",8,6,4,5,5
"56076",7,0,0,3,0
"56077",10,5,5,5,5
"56079",6,3,3,7,3
"56080",0,6,4,1,1
"56081",6,3,4,4,4
"56082",3,5,2,3,4
"56084",5,7,6,7,5
"56085",0,6,2,0,2
"56086",6,6,7,6,6
"56087",5,5,5,5,5
"56088",7,0,4,2,1
"56089",7,4,5,6,4
"56090",5,8,8,5,8
"56091",8,5,3,3,4
"56092",7,10,7,7,7
"56093",7,5,5,6,4
"56094",6,4,5,4,5
"56096",8,8,8,8,8
"56097",7,0,5,7,3
"56098",4,8,5,6,6
"56099",0,0,0,0,0
"56100",8,2,6,5,2
"56101",4,1,5,8,0
"56103",0,0,10,0,0
"56104",7,5,7,5,4
"56105",4,4,2,7,6
"56106",1,2,1,0,0
"56107",7,0,5,5,3
"56108",3,7,4,4,5
"56109",8,1,6,5,3
"56110",5,5,5,5,5
"56111",7,2,6,6,2
"56113",10,0,4,5,3
"56114",7,5,5,5,5
"56115",1,5,2,2,3
"56116",10,0,3,3,0
"56117",8,0,1,8,0
"56118",9,3,7,7,6
"56119",6,7,8,7,5
"56121",6,3,5,6,5
"56122",7,5,6,6,0
"56123",0,8,5,1,6
"56124",8,3,3,7,4
"56125",4,6,0,0,0
"56126",4,6,4,2,2
"56127",10,5,1,2,3
"56128",7,0,10,9,1
"56130",8,2,7,5,3
"56131",5,0,8,8,2
"56132",5,5,5,5,5
"56133",3,5,6,5,0
"56135",3,5,6,5,5
"56136",8,3,7,6,4
"56137",10,2,4,6,5
"56138",5,0,10,1,2
"56139",8,4,3,3,3
"56140",7,4,5,5,5
"56141",5,2,2,5,4
"56142",9,1,1,7,3
"56143",10,2,3,4,1
"56144",7,4,5,5,3
"56145",3,10,3,3,3
"56146",4,5,6,3,6
"56147",0,10,1,1,2
"56148",2,2,1,1,1
"56149",2,9,1,1,2
"56150",5,8,8,3,7
"56151",4,5,1,2,3
"56152",5,0,0,0,0
"56153",7,7,6,6,5
"56154",6,5,5,7,6
"56155",9,5,5,2,2
"56156",7,5,5,5,5
"56157",8,6,3,2,3
"56158",3,5,9,5,6
"56159",7,2,5,5,3
"56160",4,6,4,3,5
"56161",4,4,4,3,3
"56162",3,2,4,6,3
"56164",0,10,2,5,2
"56166",6,7,8,7,3
"56167",4,5,0,0,0
"56168",4,4,5,5,4
"56169",7,4,8,5,5
"56170",10,1,3,3,2
"56171",9,1,7,10,7
"56172",7,3,4,7,5
"56173",10,0,8,8,5
"56174",4,6,3,3,5
"56175",5,9,5,5,4
"56176",2,2,2,2,2
"56178",7,5,4,6,3
"56179",6,5,7,7,5
"56180",5,5,5,5,5
"56181",9,2,3,7,3
"56182",5,5,5,5,5
"56183",8,5,6,4,2
"56184",8,3,5,5,5
"56185",5,5,5,5,5
"56186",8,1,0,6,1
"56187",7,3,1,7,5
"56188",4,6,2,1,2
"56189",8,6,5,4,4
"56190",9,10,9,10,10
"56191",10,0,0,0,0
"56192",7,6,1,2,4
"56193",0,8,0,0,0
"56194",5,5,5,5,5
"56195",6,0,6,8,0
"56196",5,5,6,5,2
"56197",5,2,7,7,5
"56198",10,2,6,10,1
"56199",4,7,5,3,7
"56200",6,2,3,3,4
"56201",1,5,8,3,3
"56203",4,7,6,2,5
"56204",5,5,5,5,5
"56205",3,4,3,3,3
"56206",7,3,8,8,6
"56207",6,5,4,5,6
"56208",5,5,6,7,5
"56211",7,5,3,5,3
"56212",5,5,5,6,5
"56213",8,3,7,8,2
"56214",10,0,0,5,0
"56215",2,8,4,2,5
"56217",3,5,0,1,2
"56218",4,3,2,3,3
"56219",8,5,7,8,7
"56220",0,6,7,0,8
"56221",6,5,5,6,5
"56222",8,0,3,5,5
"56223",0,10,5,5,5
"56224",8,3,5,3,5
"56225",10,0,5,9,1
"56226",7,6,6,6,6
"56227",10,5,8,2,3
"56228",3,7,5,4,4
"56229",5,3,3,5,5
"56230",5,10,4,1,2
"56231",1,10,9,3,3
"56232",0,5,0,0,3
"56233",2,8,2,2,4
"56234",4,4,5,4,4
"56235",5,5,5,4,4
"56236",9,1,7,5,5
"56237",0,0,0,0,0
"56238",6,0,4,1,1
"56239",6,3,3,5,0
"56240",8,0,7,8,3
"56241",1,10,0,0,0
"56242",6,3,4,4,5
"56243",10,5,5,5,3
"56244",6,6,8,7,3
"56245",8,5,10,8,7
"56246",9,0,7,9,7
"56247",8,7,3,5,6
"56248",7,4,6,6,5
"56249",6,5,5,5,5
"56250",6,6,5,5,2
"56251",8,5,5,4,3
"56252",5,1,2,3,2
"56254",2,4,4,3,3
"56255",7,3,6,5,3
"56256",6,2,1,7,3
"56257",5,5,0,0,0
"56258",0,0,0,5,0
"56259",0,6,1,1,2
"56260",6,2,0,4,3
"56261",1,5,1,0,2
"56262",2,6,3,2,1
"56263",5,4,6,7,5
"56264",7,5,7,7,6
"56265",5,5,7,6,5
"56266",5,4,6,6,4
"56268",4,4,7,5,4
"56269",10,0,2,10,1
"56270",6,5,6,6,4
"56271",4,8,5,6,3
"56272",6,7,7,4,4
"56273",9,6,6,7,6
"56275",9,6,7,4,3
"56276",8,3,6,7,5
"56277",1,3,3,3,3
"56278",5,0,0,3,0
"56279",3,3,3,3,3
"56280",5,3,4,4,2
"56281",5,5,5,5,5
"56282",7,3,4,5,5
"56283",6,0,6,3,2
"56285",5,5,3,3,3
"56286",7,3,5,5,1
"56287",5,5,1,3,5
"56288",10,0,2,2,0
"56289",5,5,3,4,4
"56290",1,5,5,2,5
"56291",1,2,4,3,3
"56292",5,10,7,5,6
"56293",5,5,3,3,3
"56295",8,3,5,5,2
"56296",0,5,0,0,3
"56297",2,2,1,0,1
"56298",6,5,5,6,5
"56299",5,4,6,6,5
"56300",5,5,7,6,6
"56301",8,5,8,7,4
"56302",8,0,0,6,3
"56303",10,10,7,8,5
"56304",7,5,4,5,5
"56305",7,0,5,6,5
"56306",7,7,7,7,7
"56307",7,2,0,8,3
"56308",9,0,5,7,5
"56309",7,6,7,7,5
"56310",10,0,7,9,5
"56311",5,0,3,3,3
"56312",9,0,5,8,6
"56313",8,5,6,8,6
"56315",6,2,5,7,4
"56316",10,2,3,6,2
"56317",4,4,4,2,2
"56318",0,3,4,0,0
"56319",5,5,4,2,4
"56320",6,4,5,6,5
"56321",5,3,5,7,6
"56322",5,2,4,5,3
"56323",5,5,5,5,5
"56324",5,5,5,5,5
"56325",6,5,6,6,5
"56326",9,1,3,3,2
"56327",7,3,10,10,7
"56328",10,0,5,5,5
"56329",0,0,0,0,0
"56331",8,3,5,7,5
"56332",7,3,5,6,3
"56334",2,7,5,6,5
"56335",4,6,5,5,4
"56336",4,3,5,4,4
"56337",6,3,4,3,3
"56338",5,5,5,5,5
"56339",8,7,7,5,0
"56340",5,0,4,7,3
"56341",0,8,5,2,5
"56342",7,6,7,7,6
"56343",5,6,0,2,3
"56344",10,0,2,5,1
"56345",3,6,0,1,4
"56346",10,0,2,2,0
"56347",9,0,1,5,2
"56348",4,0,2,6,0
"56350",0,10,0,0,0
"56351",9,0,6,9,4
"56352",7,5,6,6,5
"56353",3,10,5,5,1
"56354",6,7,6,6,5
"56355",8,3,6,7,4
"56356",9,9,8,9,10
"56357",8,3,3,7,4
"56358",5,5,8,8,5
"56359",5,5,3,3,3
"56360",5,5,3,3,5
"56361",6,6,7,6,5
"56362",0,8,3,2,2
"56363",0,10,5,1,4
"56364",8,8,0,1,8
"56365",4,5,3,3,3
"56366",10,0,0,0,0
"56368",6,5,6,3,4
"56369",5,5,5,5,5
"56371",8,0,7,9,5
"56372",8,7,8,9,7
"56373",7,4,5,6,5
"56375",3,7,3,3,3
"56376",7,3,5,6,5
"56377",5,6,6,5,6
"56378",9,6,8,5,7
"56379",1,6,8,8,2
"56380",7,2,6,8,6
"56381",8,5,2,2,3
"56382",8,8,6,1,3
"56383",4,2,5,6,5
"56384",6,3,5,7,5
"56385",4,7,7,6,5
"56386",5,0,6,6,4
"56388",6,5,4,5,4
"56389",5,6,6,5,6
"56390",10,1,5,10,5
"56391",5,5,5,5,5
"56392",5,5,5,5,5
"56393",4,3,2,10,4
"56395",8,1,1,8,1
"56396",5,5,4,6,4
"56397",5,5,5,5,5
"56398",5,5,5,5,5
"56399",7,5,3,4,6
"56400",3,3,5,5,5
"56402",8,0,3,10,0
"56403",5,5,5,5,5
"56404",1,7,1,3,2
"56406",6,4,5,5,4
"56407",5,5,5,5,5
"56408",8,1,0,5,1
"56410",8,3,5,7,6
"56411",7,0,5,8,5
"56412",5,3,3,3,3
"56413",5,5,5,5,5
"56414",5,5,5,5,5
"56415",0,8,1,0,5
"56416",6,4,5,5,4
"56417",5,4,4,5,4
"56418",7,2,2,8,0
"56419",3,6,2,1,2
"56420",5,1,5,7,7
"56421",6,3,3,4,4
"56422",3,5,6,0,5
"56423",0,0,0,0,10
"56425",4,4,5,3,4
"56426",7,4,6,6,4
"56427",8,1,8,6,3
"56428",9,0,5,5,4
"56429",5,5,6,6,5
"56430",4,7,2,3,5
"56431",5,1,4,5,1
"56432",6,3,6,6,5
"56434",2,8,5,1,5
"56435",1,7,4,2,3
"56436",7,6,6,6,3
"56437",7,3,7,6,5
"56438",9,5,7,4,6
"56439",6,3,5,4,3
"56440",7,2,4,3,4
"56442",7,3,3,7,5
"56443",6,5,5,5,5
"56444",5,5,7,6,5
"56445",8,3,3,6,4
"56447",8,4,5,8,4
"56448",6,2,5,6,5
"56449",6,8,8,7,7
"56450",2,6,8,4,5
"56451",8,2,6,6,1
"56452",7,1,6,6,5
"56453",4,4,5,4,4
"56454",8,2,4,4,4
"56455",10,0,5,7,0
"56456",5,4,4,5,4
"56457",4,6,4,2,5
"56458",7,5,4,6,4
"56459",5,3,4,5,2
"56460",7,3,7,3,3
"56462",3,8,3,3,5
"56463",5,2,6,5,4
"56465",5,7,3,4,4
"56466",6,2,6,5,6
"56468",6,2,7,7,2
"56469",8,0,1,2,3
"56470",9,3,5,6,4
"56471",5,4,3,5,4
"56473",4,6,4,2,3
"56474",6,4,5,5,5
"56475",0,7,0,0,3
"56476",9,2,3,8,3
"56477",2,2,8,8,5
"56479",6,5,3,2,2
"56480",0,0,2,0,0
"56481",3,5,2,0,1
"56482",6,0,2,3,1
"56483",4,7,4,8,5
"56484",3,5,5,3,5
"56485",4,1,6,8,3
"56486",7,5,3,3,3
"56487",4,6,2,4,3
"56488",4,6,5,5,2
"56489",5,5,5,5,5
"56490",0,0,5,1,0
"56492",7,0,6,3,3
"56493",10,0,3,3,0
"56494",5,5,5,5,5
"56495",10,0,9,8,0
"56496",5,4,2,4,2
"56497",6,5,6,5,6
"56498",6,0,5,8,5
"56499",7,9,5,5,5
"56500",5,5,5,5,5
"56501",6,4,7,4,5
"56502",0,6,5,1,3
"56503",10,0,6,7,6
"56504",5,5,5,5,5
"56506",8,5,3,7,6
"56507",8,3,5,5,2
"56508",7,3,7,7,5
"56509",5,5,5,4,5
"56510",7,7,6,7,6
