"","cand_A","cand_B"
"57699",1,9
"57700",4,6
"57701",3,6
"57702",4,8
"57703",10,2
"57704",2,8
"57705",10,5
"57706",3,7
"57707",2,7
"57708",5,5
"57709",7,6
"57710",1,8
"57711",9,3
"57712",10,5
"57713",9,2
"57714",5,8
"57715",8,3
"57716",5,6
"57717",5,5
"57718",5,9
"57719",6,8
"57720",4,6
"57721",3,7
"57722",4,8
"57723",5,5
"57724",4,6
"57725",10,0
"57726",3,8
"57727",6,6
"57728",1,10
"57729",0,10
"57730",5,5
"57731",7,4
"57732",4,7
"57733",7,6
"57734",7,2
"57735",4,9
"57736",2,7
"57737",10,0
"57738",0,10
"57739",2,7
"57740",9,2
"57741",4,5
"57742",4,8
"57743",8,0
"57744",8,4
"57745",5,9
"57746",9,1
"57747",8,5
"57748",8,6
"57749",5,0
"57750",8,2
"57751",5,6
"57752",8,5
"57753",8,6
"57754",5,5
"57755",4,6
"57756",10,0
"57757",4,4
"57758",4,7
"57759",9,1
"57760",8,2
"57761",8,7
"57762",8,3
"57763",7,3
"57764",10,2
"57765",5,9
"57766",6,8
"57767",5,5
"57768",5,5
"57769",9,9
"57770",8,4
"57771",9,4
"57772",8,8
"57773",6,3
"57774",7,3
"57775",4,3
"57776",0,2
"57777",0,10
"57778",10,0
"57779",10,2
"57780",4,7
"57781",6,5
"57782",3,3
"57783",4,8
"57784",9,2
"57785",8,1
"57786",5,6
"57787",10,3
"57788",0,10
"57789",5,3
"57790",8,8
"57791",8,4
"57792",5,5
"57793",5,5
"57794",5,9
"57795",3,7
"57796",5,5
"57797",8,3
"57798",5,5
"57799",4,6
"57800",8,6
"57801",10,0
"57802",3,7
"57803",3,6
"57804",2,2
"57805",0,8
"57806",6,6
"57807",8,3
"57808",2,7
"57809",0,1
"57810",1,8
"57811",8,2
"57812",5,1
"57813",8,8
"57814",0,10
"57815",7,0
"57816",8,4
"57817",8,2
"57818",4,7
"57819",6,10
"57820",4,9
"57821",8,1
"57822",0,7
"57823",5,5
"57824",10,2
"57825",7,3
"57826",8,2
"57827",7,2
"57828",10,6
"57829",9,2
"57830",5,5
"57831",8,2
"57832",7,2
"57833",4,8
"57834",6,7
"57835",8,4
"57836",3,7
"57837",0,7
"57838",9,7
"57839",8,1
"57840",5,2
"57841",10,0
"57842",1,7
"57843",5,5
"57844",0,10
"57845",8,6
"57846",2,8
"57847",2,8
"57848",5,5
"57849",8,2
"57850",8,6
"57851",0,10
"57852",10,1
"57853",6,6
"57854",5,7
"57855",4,8
"57856",4,5
"57857",10,0
"57858",7,4
"57859",10,5
"57860",5,10
"57861",3,8
"57862",3,7
"57863",2,3
"57864",7,1
"57865",8,6
"57866",5,5
"57867",7,2
"57868",1,5
"57869",9,2
"57870",0,10
"57871",0,10
"57872",3,6
"57873",0,7
"57874",1,10
"57875",5,6
"57876",3,5
"57877",8,7
"57878",7,7
"57879",9,0
"57880",4,6
"57881",9,0
"57882",3,6
"57883",5,7
"57884",5,5
"57885",1,9
"57886",9,3
"57887",5,8
"57888",6,1
"57889",9,4
"57890",3,8
"57891",6,6
"57892",1,6
"57893",4,8
"57894",2,8
"57895",9,5
"57896",5,8
"57897",5,5
"57898",9,1
"57899",10,0
"57900",2,8
"57901",5,4
"57902",0,10
"57903",1,7
"57904",4,8
"57905",10,0
"57906",5,6
"57907",6,5
"57908",3,7
"57909",4,8
"57910",10,0
"57911",7,0
"57912",5,5
"57913",0,0
"57914",7,2
"57915",6,8
"57916",1,2
"57917",9,1
"57918",5,8
"57919",8,0
"57920",5,10
"57921",5,5
"57922",2,8
"57923",5,8
"57924",1,8
"57925",5,5
"57926",7,5
"57927",7,2
"57928",6,5
"57929",10,3
"57930",4,10
"57931",0,10
"57932",10,5
"57933",9,2
"57934",9,2
"57935",0,9
"57936",3,9
"57937",6,6
"57938",3,9
"57939",7,2
"57940",2,9
"57941",3,4
"57942",5,5
"57943",10,4
"57944",3,7
"57945",0,10
"57946",7,2
"57947",7,4
"57948",9,5
"57949",8,6
"57950",6,4
"57951",3,8
"57952",5,6
"57953",8,4
"57954",5,4
"57955",8,1
"57956",4,5
"57957",0,10
"57958",9,2
"57959",3,4
"57960",5,5
"57961",5,5
"57962",4,6
"57963",9,3
"57964",2,8
"57965",10,0
"57966",2,3
"57967",0,10
"57968",1,9
"57969",6,7
"57970",5,10
"57971",8,6
"57972",6,4
"57973",8,3
"57974",7,2
"57975",7,3
"57976",2,7
"57977",1,9
"57978",7,9
"57979",6,7
"57980",7,2
"57981",4,8
"57982",9,4
"57983",10,0
"57984",10,5
"57985",4,1
"57986",3,3
"57987",7,2
"57988",4,5
"57989",7,3
"57990",8,5
"57991",0,0
"57992",8,3
"57993",0,10
"57994",3,8
"57995",5,7
"57996",10,4
"57997",7,5
"57998",5,5
"57999",2,2
"58000",8,3
"58001",0,10
"58002",0,9
"58003",10,10
"58004",9,4
"58005",0,6
"58006",7,1
"58007",4,6
"58008",8,0
"58009",5,5
"58010",6,3
"58011",5,7
"58012",7,7
"58013",10,3
"58014",0,8
"58015",7,5
"58016",10,0
"58017",4,4
"58018",10,5
"58019",10,5
"58020",7,0
"58021",4,7
"58022",8,2
"58023",3,9
"58024",9,4
"58025",2,8
"58026",7,5
"58027",7,3
"58028",0,10
"58029",10,0
"58030",8,3
"58031",1,5
"58032",3,9
"58033",4,6
"58034",4,7
"58035",0,10
"58036",5,5
"58037",6,5
"58038",10,0
"58039",2,10
"58040",10,0
"58041",2,7
"58042",4,5
"58043",2,8
"58044",3,9
"58045",7,3
"58046",6,3
"58047",2,8
"58048",2,9
"58049",8,4
"58050",7,5
"58051",6,4
"58052",5,7
"58053",7,5
"58054",7,3
"58055",5,5
"58056",0,10
"58057",5,9
"58058",8,2
"58059",8,5
"58060",8,5
"58061",5,5
"58062",7,0
"58063",4,4
"58064",7,8
"58065",9,1
"58066",8,4
"58067",3,7
"58068",3,8
"58069",5,4
"58070",7,5
"58071",2,8
"58072",1,7
"58073",2,8
"58074",3,10
"58075",3,7
"58076",5,5
"58077",5,6
"58078",0,10
"58079",8,1
"58080",3,7
"58081",4,6
"58082",3,7
"58083",8,5
"58084",8,2
"58085",10,8
"58086",9,3
"58087",9,1
"58088",8,1
"58089",3,8
"58090",9,1
"58091",2,9
"58092",1,8
"58093",2,9
"58094",3,3
"58095",5,5
"58096",5,5
"58097",3,8
"58098",10,4
"58099",3,5
"58100",6,9
"58101",6,4
"58102",7,9
"58103",7,9
"58104",4,8
"58105",6,3
"58106",5,6
"58107",5,5
"58108",2,7
"58109",5,8
"58110",5,4
"58111",5,5
"58112",5,5
"58113",0,10
"58114",1,9
"58115",7,0
"58116",10,2
"58117",9,3
"58118",7,9
"58119",0,10
"58120",6,3
"58121",7,0
"58122",10,8
"58123",5,4
"58124",5,7
"58125",8,4
"58126",0,6
"58127",10,0
"58128",3,3
"58129",6,6
"58130",8,2
"58131",2,8
"58132",1,9
"58133",4,5
"58134",3,2
"58135",7,6
"58136",5,7
"58137",5,5
"58138",2,10
"58139",9,2
"58140",4,8
"58141",2,7
"58142",0,10
"58143",8,4
"58144",2,8
"58145",4,5
"58146",7,5
"58147",3,7
"58148",6,6
"58149",2,7
"58150",7,1
"58151",5,5
"58152",1,8
"58153",0,8
"58154",1,8
"58155",1,5
"58156",9,1
"58157",5,4
"58158",0,0
"58159",5,8
"58160",2,7
"58161",8,6
"58162",6,1
"58163",8,2
"58164",1,1
"58165",3,8
"58166",6,4
"58167",3,8
"58168",3,9
"58169",2,8
"58170",6,4
"58171",6,4
"58172",10,2
"58173",4,5
"58174",2,8
"58175",7,1
"58176",8,5
"58177",5,8
"58178",4,8
"58179",1,9
"58180",2,8
"58181",1,9
"58182",0,10
"58183",10,0
"58184",10,5
"58185",3,4
"58186",8,3
"58187",4,6
"58188",6,3
"58189",5,7
"58190",5,3
"58191",10,1
"58192",10,0
"58193",5,0
"58194",8,2
"58195",3,1
"58196",8,5
"58197",9,3
"58198",1,6
"58199",5,8
"58200",9,2
"58201",8,6
"58202",7,2
"58203",0,0
"58204",0,10
"58205",6,3
"58206",5,5
"58207",7,4
"58208",2,8
"58209",10,8
"58210",8,5
"58211",4,6
"58212",3,8
"58213",7,6
"58214",5,10
"58215",1,0
"58216",0,10
"58217",4,6
"58218",4,2
"58219",10,3
"58220",10,4
"58221",10,10
"58222",3,8
"58223",7,4
"58224",3,8
"58225",8,7
"58226",10,2
"58227",10,0
"58228",3,9
"58229",4,5
"58230",0,9
"58231",5,9
"58232",3,7
"58233",0,7
"58234",10,0
"58235",5,5
"58236",3,8
"58237",7,5
"58238",2,10
"58239",7,4
"58240",8,4
"58241",7,1
"58242",5,5
"58243",6,3
"58244",8,4
"58245",10,1
"58246",10,0
"58247",2,8
"58248",0,10
"58249",3,10
"58250",7,5
"58251",1,8
"58252",8,0
"58253",3,9
"58254",8,5
"58255",3,0
"58256",6,5
"58257",5,0
"58258",7,7
"58259",1,7
"58260",1,8
"58261",9,1
"58262",3,8
"58263",7,5
"58264",3,6
"58265",8,5
"58266",5,5
"58267",4,6
"58268",8,5
"58269",2,2
"58270",5,6
"58271",0,2
"58272",4,4
"58273",8,5
"58274",4,7
"58275",2,8
"58276",3,4
"58277",10,1
"58278",3,6
"58279",7,2
"58280",5,5
"58281",9,0
"58282",3,8
"58283",5,4
"58284",7,6
"58285",5,5
"58286",2,7
"58288",6,4
"58289",5,5
"58290",4,5
"58291",8,5
"58292",8,4
"58293",7,6
"58294",10,0
"58295",8,6
"58296",10,6
"58297",8,3
"58298",4,7
"58299",5,5
"58300",4,6
"58301",8,4
"58302",5,5
"58303",4,9
"58304",1,7
"58305",10,0
"58306",8,4
"58307",0,10
"58308",7,3
"58309",3,9
"58310",4,8
"58311",4,4
"58312",3,3
"58313",0,10
"58314",5,5
"58315",9,1
"58316",8,2
"58317",3,7
"58318",10,2
"58319",7,3
"58320",8,2
"58321",9,4
"58322",10,0
"58323",1,10
"58324",6,9
"58325",3,9
"58326",10,5
"58327",3,7
"58328",2,8
"58329",5,5
"58330",7,4
"58331",8,1
"58332",8,4
"58333",10,3
"58334",3,4
"58335",7,3
"58336",4,6
"58337",2,8
"58338",4,8
"58339",4,1
"58340",6,5
"58341",4,8
"58342",5,7
"58343",5,9
"58344",8,0
"58345",4,8
"58346",8,3
"58347",7,2
"58348",2,6
"58349",8,2
"58350",5,5
"58351",3,5
"58352",8,5
"58353",5,5
"58354",10,4
"58355",7,2
"58356",4,6
"58357",8,6
"58358",7,5
"58359",7,5
"58360",7,0
"58361",2,6
"58362",0,10
"58363",3,7
"58364",6,3
"58365",3,7
"58366",10,0
"58367",6,5
"58368",2,7
"58369",3,7
"58370",5,9
"58371",8,3
"58372",9,4
"58373",3,8
"58374",2,9
"58375",4,8
"58376",10,0
"58377",8,6
"58378",8,3
"58379",10,0
"58380",10,6
"58381",8,1
"58382",7,5
"58383",0,0
"58384",0,10
"58385",8,3
"58386",8,5
"58387",8,6
"58388",6,2
"58389",5,5
"58390",5,6
"58391",3,3
"58392",9,1
"58393",10,4
"58394",10,0
"58395",1,9
"58396",10,2
"58397",3,9
"58398",6,7
"58399",2,10
"58400",5,5
"58401",0,10
"58402",10,4
"58403",0,9
"58404",9,1
"58405",5,4
"58406",7,5
"58407",5,5
"58408",7,5
"58409",5,6
"58410",3,6
"58411",0,10
"58412",2,8
"58413",10,0
"58414",10,1
"58415",10,1
"58416",8,5
"58417",5,5
"58418",10,5
"58419",4,6
"58420",4,6
"58421",0,0
"58422",4,8
"58423",8,1
"58424",2,7
"58425",7,6
"58426",3,8
"58427",3,6
"58428",8,2
"58429",5,2
"58430",3,9
"58431",0,7
"58432",9,1
"58433",3,7
"58434",4,5
"58435",8,4
"58436",5,5
"58437",1,9
"58438",3,2
"58439",3,8
"58440",3,8
"58441",8,2
"58442",5,5
"58443",6,4
"58444",4,8
"58445",2,8
"58446",3,8
"58447",10,2
"58448",2,8
"58449",7,4
"58450",4,7
"58451",6,2
"58452",5,6
"58453",10,0
"58454",4,6
"58455",0,5
"58456",1,7
"58457",2,9
"58458",4,4
"58459",4,6
"58460",10,0
"58461",3,6
"58462",1,6
"58463",2,3
"58464",10,2
"58465",5,6
"58466",8,1
"58467",4,6
"58468",8,7
"58469",3,3
"58470",7,4
"58471",4,7
"58472",5,6
"58473",5,8
"58474",6,1
"58475",7,4
"58476",10,1
"58477",10,4
"58478",5,9
"58480",3,7
"58481",1,8
"58482",1,5
"58483",10,2
"58484",9,2
"58485",0,10
"58486",4,6
"58487",5,5
"58488",5,7
"58489",6,3
"58490",2,9
"58491",6,6
"58492",8,2
"58493",0,10
"58494",10,0
"58495",6,4
"58496",10,0
"58497",8,1
"58498",9,2
"58499",0,8
"58500",1,7
"58501",10,5
"58502",5,5
"58503",4,5
"58504",5,5
"58505",4,3
"58506",10,0
"58507",8,2
"58508",8,4
"58509",9,4
"58510",6,4
"58511",7,10
"58512",10,3
"58513",7,2
"58514",3,7
"58515",5,5
"58516",6,2
"58517",0,10
"58518",5,6
"58519",5,4
"58520",7,3
"58521",2,8
"58522",0,8
"58523",5,4
"58524",4,5
"58525",10,0
"58526",3,8
"58527",9,2
"58528",10,2
"58529",6,5
"58530",8,3
"58531",1,7
"58532",9,0
"58533",4,7
"58534",5,9
"58535",7,5
"58537",10,1
"58538",5,5
"58539",4,5
"58540",8,3
"58541",5,7
"58542",4,3
"58543",10,0
"58544",7,4
"58545",1,5
"58546",6,5
"58547",5,5
"58548",8,1
"58549",8,8
"58550",10,1
"58551",5,3
"58552",2,10
"58553",8,3
"58554",4,5
"58555",2,6
"58556",7,9
"58557",4,7
"58558",8,0
"58559",5,5
"58560",5,5
"58561",2,8
"58562",1,7
"58563",5,5
"58564",9,1
"58565",10,1
"58566",2,2
"58567",5,10
"58568",7,2
"58569",4,3
"58570",8,0
"58571",3,9
"58572",10,6
"58573",5,4
"58574",10,10
"58575",0,9
"58576",0,9
"58577",8,3
"58578",8,3
"58579",4,4
"58580",4,7
"58581",6,1
"58582",3,3
"58583",2,9
"58584",4,7
"58585",5,2
"58586",6,1
"58587",7,4
"58588",10,3
"58589",1,8
"58590",1,10
"58591",5,5
"58592",7,3
"58593",4,6
"58594",3,9
"58595",7,0
"58596",8,1
"58597",8,3
"58598",10,8
"58599",2,8
"58600",5,7
"58601",10,5
"58602",4,5
"58603",5,5
"58604",5,5
"58605",10,5
"58606",0,8
"58607",9,3
"58608",5,5
"58609",9,3
"58610",5,3
"58611",5,5
"58612",9,2
"58613",8,2
"58614",5,5
"58615",3,8
"58616",7,0
"58617",3,6
"58618",4,8
"58619",7,0
"58620",7,6
"58621",0,10
"58622",5,5
"58623",1,9
"58624",4,5
"58625",1,2
"58626",5,7
"58627",9,2
"58628",5,7
"58629",8,7
"58630",10,1
"58631",6,3
"58632",8,2
"58633",7,1
"58634",5,4
"58635",2,8
"58636",7,7
"58637",9,0
"58638",3,7
"58639",1,9
"58640",6,1
"58641",3,6
"58642",0,10
"58643",0,10
"58644",9,4
"58645",2,9
"58646",5,5
"58647",8,2
"58648",10,2
"58649",8,5
"58650",9,1
"58651",0,7
"58652",8,6
"58653",6,3
"58654",1,10
"58655",7,5
"58656",5,6
"58657",10,0
"58658",3,9
"58659",5,6
"58660",8,5
"58661",7,1
"58662",3,1
"58663",1,9
"58664",6,8
"58665",6,8
"58666",0,10
"58667",2,8
"58668",8,5
"58669",7,4
"58670",2,9
"58671",6,5
"58672",2,3
"58673",8,1
"58674",3,4
"58675",0,6
"58676",5,5
"58677",2,9
"58678",1,5
"58679",7,4
"58680",6,8
"58681",3,5
"58682",0,8
"58683",3,8
"58684",7,8
"58685",8,3
"58686",3,10
"58687",10,2
"58688",2,8
"58689",9,2
"58690",5,5
"58691",7,5
"58692",7,7
"58693",7,4
"58694",4,7
"58695",8,5
"58696",6,7
"58697",8,2
"58698",5,9
"58699",5,5
"58700",8,7
"58701",9,4
"58702",1,6
"58703",4,6
"58704",1,2
"58705",9,5
"58706",10,0
"58707",5,6
"58708",10,1
"58709",2,8
"58710",9,8
"58711",2,8
"58712",0,10
"58713",7,3
"58714",4,6
"58715",4,1
"58716",10,0
"58717",10,0
"58718",4,3
"58719",10,2
"58720",8,0
"58721",6,6
"58722",0,10
"58723",1,8
"58724",4,4
"58725",4,5
"58726",8,4
"58727",8,1
"58728",7,0
"58729",9,3
"58730",2,8
"58731",8,0
"58732",2,0
"58733",3,5
"58734",3,6
"58735",10,0
"58736",5,5
"58737",0,10
"58738",3,9
"58739",2,6
"58740",0,10
"58741",8,1
"58742",2,8
"58743",9,2
"58744",5,5
"58745",5,5
"58746",3,10
"58747",9,1
"58748",5,5
"58749",10,0
"58750",9,1
"58751",1,8
"58752",8,0
"58753",0,5
"58754",8,0
"58755",3,7
"58756",5,7
"58757",2,6
"58758",2,8
"58759",2,7
"58760",8,1
"58761",0,7
"58762",2,9
"58763",10,1
"58764",7,2
"58765",9,6
"58766",3,7
"58767",10,2
"58768",2,7
"58769",0,8
"58770",5,5
"58771",3,4
"58772",9,2
"58773",9,3
"58774",4,8
"58775",1,9
"58776",7,3
"58777",2,7
"58778",8,4
"58779",5,5
"58780",5,5
"58781",5,5
"58782",7,8
"58783",6,4
"58784",5,5
"58785",0,0
"58786",10,0
"58787",2,8
"58788",10,0
"58789",4,5
"58790",4,8
"58791",4,5
"58792",1,10
"58793",5,5
"58794",5,2
"58795",10,0
"58796",7,4
"58797",9,6
"58798",7,0
"58799",8,2
"58801",7,2
"58802",2,7
"58803",3,7
"58804",6,0
"58805",5,0
"58806",5,6
"58807",2,9
"58808",5,5
"58809",6,6
"58810",9,3
"58811",3,8
"58812",2,8
"58813",5,5
"58814",2,8
"58815",2,8
"58816",0,6
"58817",0,8
"58818",8,8
"58819",7,6
"58820",8,8
"58821",0,6
"58822",0,6
"58824",5,5
"58825",10,0
"58826",0,8
"58827",0,10
"58828",5,5
"58829",0,10
"58830",6,10
"58831",0,0
"58832",9,2
"58833",5,5
"58834",5,5
"58835",5,5
"58836",5,3
"58837",8,3
"58838",8,5
"58839",2,5
"58840",7,2
"58841",3,7
"58842",0,3
"58844",3,7
"58845",6,2
"58846",1,1
"58847",5,9
"58848",0,10
"58849",1,8
"58850",9,3
"58851",2,6
"58852",9,0
"58853",3,10
"58854",5,5
"58855",0,10
"58856",7,1
"58857",6,2
"58858",5,6
"58859",8,5
"58860",7,5
"58861",3,8
"58862",2,9
"58863",0,6
"58864",4,4
"58865",5,0
"58866",7,3
"58867",10,2
"58868",8,2
"58869",7,4
"58870",10,2
"58871",3,3
"58872",8,5
"58873",5,7
"58875",1,8
"58876",0,6
"58877",7,1
"58878",10,0
"58880",0,0
"58881",1,7
"58882",0,5
"58883",6,6
"58884",0,9
"58885",10,7
"58886",5,3
"58887",2,7
"58888",7,6
"58889",7,4
"58890",5,5
"58891",5,5
"58892",0,10
"58893",5,3
"58895",7,7
"58896",10,2
"58897",3,8
"58899",7,3
"58900",8,3
"58901",5,5
"58902",8,2
"58903",0,10
"58904",4,8
"58905",0,5
"58906",0,6
"58907",7,1
"58908",5,5
"58909",1,9
"58910",7,0
"58911",10,0
"58912",8,2
"58913",10,0
"58915",7,4
"58916",5,0
"58917",10,0
"58918",3,4
"58919",0,2
"58920",5,5
"58921",0,6
"58922",7,0
"58923",5,5
"58924",10,5
"58925",1,7
"58926",4,7
"58927",3,8
"58928",3,6
"58929",4,7
"58930",5,5
"58931",0,7
"58932",9,0
"58933",6,4
"58935",9,5
"58936",2,8
"58937",8,2
"58938",2,10
"58939",0,0
"58940",10,0
"58941",5,4
"58942",6,6
"58943",1,8
"58944",3,8
"58945",4,7
"58946",4,4
"58947",8,3
"58949",4,4
"58950",7,6
"58951",5,5
"58952",2,9
"58953",5,4
"58954",5,3
"58955",1,9
"58956",3,8
"58957",7,4
"58958",9,5
"58959",8,0
"58960",10,2
"58961",8,0
"58962",6,6
"58963",5,4
"58964",3,8
"58965",4,6
"58966",3,7
"58967",6,4
"58968",0,1
"58969",5,5
"58970",8,4
"58971",5,9
"58972",7,5
"58973",4,4
"58974",1,10
"58975",4,6
"58976",10,0
"58977",0,8
"58978",2,8
"58979",3,7
"58980",3,10
"58981",7,3
"58982",0,7
"58983",8,1
"58984",3,8
"58985",10,2
"58987",2,9
"58988",0,10
"58989",0,8
"58990",3,6
"58991",5,7
"58992",9,2
"58993",8,6
"58994",3,8
"58995",0,10
"58996",2,9
"58997",8,2
"58998",7,6
"58999",10,10
"59000",4,9
"59001",4,6
"59002",0,10
"59003",5,3
"59004",9,1
"59005",3,1
"59006",8,0
"59007",0,6
"59008",3,8
"59009",1,10
"59010",0,10
"59011",8,4
"59012",10,0
"59013",9,3
"59014",9,1
"59015",5,5
"59016",9,3
"59017",3,7
"59018",0,5
"59019",0,10
"59020",2,7
"59021",3,0
"59022",0,8
"59023",8,2
"59024",1,8
"59025",2,7
"59026",10,0
"59027",9,0
"59028",9,2
"59029",5,5
"59031",5,5
"59032",3,9
"59033",5,5
"59034",10,4
"59035",5,2
"59036",9,0
"59037",5,5
"59038",7,5
"59039",10,3
"59040",8,5
"59041",10,3
"59042",10,0
"59043",2,3
"59044",0,10
"59045",5,9
"59046",10,5
"59047",3,10
"59048",9,0
"59049",0,6
"59050",0,10
"59051",7,5
"59052",0,4
"59053",0,8
"59054",3,6
"59056",0,10
"59057",2,2
"59058",2,6
"59059",8,10
"59060",9,3
"59061",5,8
"59062",4,8
"59063",0,10
"59064",8,2
"59065",5,9
"59066",5,5
"59067",7,4
"59069",0,7
"59070",1,4
"59071",5,5
"59072",5,7
"59073",5,0
"59074",6,5
"59075",0,7
"59076",0,10
"59077",10,3
"59078",9,0
"59079",0,10
"59080",8,5
"59081",10,1
"59082",1,9
"59083",6,5
"59084",3,6
"59086",0,10
"59087",2,8
"59088",10,0
"59089",3,3
"59090",6,6
"59091",7,6
"59092",0,10
"59093",1,9
"59094",8,3
"59095",6,4
"59096",7,7
"59097",2,9
"59098",7,3
"59099",7,0
"59100",2,6
"59101",10,0
"59102",4,4
"59103",8,2
"59104",7,4
"59105",7,5
"59106",3,8
"59107",8,1
"59108",9,5
"59109",6,5
"59110",4,9
"59111",8,2
"59112",10,2
"59113",6,5
"59114",7,3
"59115",3,6
"59116",5,5
"59117",7,1
"59118",8,5
"59119",10,0
"59120",0,0
"59121",5,7
"59122",8,3
"59123",2,8
"59124",3,1
"59125",3,4
"59126",5,7
"59127",3,8
"59128",8,3
"59129",5,5
"59130",6,0
"59131",0,10
"59132",0,6
"59133",0,8
"59134",7,7
"59135",1,9
"59136",5,8
"59138",0,6
"59139",0,5
"59140",2,8
"59141",8,2
"59142",8,2
"59143",5,6
"59144",8,0
"59145",5,8
"59146",8,1
"59147",1,7
"59148",2,10
"59149",0,2
"59150",5,5
"59151",4,4
"59152",5,5
"59153",1,0
"59154",0,5
"59155",5,7
"59156",1,5
"59157",3,1
"59158",5,5
"59159",5,5
"59160",3,6
"59161",9,4
"59162",0,0
"59163",3,7
"59164",8,2
"59166",5,5
"59167",0,10
"59168",4,7
"59169",7,2
"59170",10,2
"59171",4,8
"59172",8,3
"59173",0,9
"59174",5,5
"59175",6,7
"59176",2,8
"59177",2,8
"59178",1,9
"59179",2,9
"59181",8,0
"59182",3,7
"59183",9,3
"59184",8,3
"59185",3,8
"59186",8,0
"59187",0,5
"59188",1,10
"59189",0,8
"59190",6,0
"59191",3,8
"59192",5,5
"59193",8,4
"59194",10,0
"59196",2,9
"59197",5,7
"59198",7,0
"59199",7,3
"59200",8,4
"59201",6,4
"59202",8,3
"59203",5,5
"59204",1,7
"59205",0,0
"59206",5,5
"59207",9,2
"59208",5,7
"59209",5,4
"59210",4,4
"59211",4,6
"59212",0,9
"59213",0,8
"59214",9,1
"59215",10,4
"59216",2,9
"59217",5,3
"59218",6,7
"59219",2,6
"59220",0,6
"59221",4,5
"59222",1,9
"59223",1,4
"59224",2,8
"59225",2,8
"59226",10,1
"59227",5,6
"59228",6,0
"59229",3,10
"59230",2,7
"59231",5,4
"59232",2,7
"59233",1,10
"59234",8,5
"59235",0,10
"59236",9,1
"59237",4,7
"59238",7,0
"59239",7,5
"59240",6,5
"59241",2,8
"59242",10,0
"59243",4,4
"59244",2,5
"59245",9,2
"59246",4,4
"59247",7,5
"59248",0,9
"59249",6,6
"59250",5,4
"59251",7,1
"59252",5,4
"59253",9,2
"59254",1,8
"59255",8,0
"59256",7,5
"59257",3,8
"59258",7,5
"59259",2,8
"59260",5,5
"59261",0,10
"59262",5,4
"59263",8,3
"59264",0,0
"59265",3,8
"59266",1,9
"59267",8,2
"59268",1,8
"59269",3,5
"59270",10,0
"59271",3,6
"59272",9,1
"59273",1,7
"59274",5,2
"59275",5,9
"59276",5,5
"59277",8,0
"59278",10,0
"59279",7,1
"59280",2,10
"59281",7,2
"59283",0,2
"59284",4,7
"59285",0,10
"59286",2,6
"59287",10,1
"59288",9,0
"59289",8,0
"59290",7,3
"59291",8,4
"59292",0,10
"59293",9,8
"59294",2,8
"59295",9,3
"59296",0,6
"59297",0,10
"59298",0,0
"59299",1,8
"59300",6,2
"59301",7,7
"59302",5,5
"59304",10,0
"59305",0,10
"59306",5,6
"59307",5,7
"59308",9,3
"59309",4,8
"59310",7,4
"59311",1,9
"59312",2,2
"59313",6,3
"59314",5,8
"59315",3,7
"59316",8,1
"59317",5,6
"59318",9,4
"59319",6,4
"59320",0,10
"59321",3,9
"59322",2,8
"59323",2,8
"59324",7,7
"59325",6,1
"59326",7,2
"59327",0,10
"59328",9,3
"59329",4,7
"59330",5,5
"59331",7,0
"59332",2,9
"59333",6,6
"59334",0,10
"59335",2,9
"59336",6,4
"59337",2,9
"59338",0,10
"59339",4,4
"59340",8,1
"59341",5,3
"59342",2,8
"59343",7,5
"59344",0,10
"59345",5,9
"59346",6,0
"59347",8,2
"59349",6,7
"59350",10,0
"59351",10,1
"59352",8,5
"59353",10,0
"59354",1,3
"59355",2,1
"59356",10,0
"59357",5,5
"59358",5,4
"59359",3,6
"59360",10,1
"59361",7,4
"59362",5,5
"59363",2,8
"59364",9,2
"59365",4,5
"59366",5,3
"59367",0,7
"59368",5,2
"59369",1,8
"59370",7,5
"59371",3,8
"59372",3,8
"59373",6,4
"59374",5,5
"59375",0,0
"59376",2,7
"59377",9,0
"59378",8,5
"59379",5,5
"59380",1,9
"59381",4,7
"59382",7,6
"59383",5,5
"59384",8,5
"59385",10,4
"59386",7,4
"59387",1,9
"59388",7,2
"59389",0,10
"59390",10,4
"59391",10,0
"59392",6,6
"59393",0,0
"59394",10,0
"59395",8,3
"59396",8,1
"59397",5,5
"59398",9,7
"59399",1,7
"59400",0,0
"59401",5,5
"59402",7,4
"59403",2,2
"59404",1,10
"59405",0,0
"59406",0,6
"59407",9,0
"59408",4,5
"59409",2,5
"59410",3,10
"59411",5,7
"59412",3,9
"59413",4,4
"59414",3,6
"59415",3,7
"59416",8,3
"59417",0,5
"59418",10,0
"59419",10,3
"59420",5,5
"59421",1,8
"59422",2,8
"59423",7,2
"59424",0,10
"59425",9,2
"59426",6,8
"59427",6,4
"59428",3,7
"59429",7,2
"59430",0,0
"59431",9,0
"59432",3,0
"59433",10,0
"59434",8,0
"59435",5,8
"59436",0,8
"59437",2,9
"59438",0,10
"59439",5,5
"59440",3,8
"59441",7,6
"59442",7,5
"59443",3,9
"59444",10,0
"59445",3,3
"59446",10,3
"59447",5,5
"59448",5,0
"59449",1,7
"59450",4,8
"59451",3,7
"59452",3,1
"59453",7,3
"59454",5,5
"59456",9,1
"59457",3,8
"59458",8,4
"59459",4,4
"59460",2,3
"59461",9,1
"59462",0,8
"59463",4,0
"59464",3,7
"59465",3,5
"59466",8,2
"59467",8,0
"59468",6,1
"59469",4,5
"59470",5,5
"59471",3,8
"59472",2,9
"59473",2,8
"59474",8,3
"59475",6,2
"59476",0,10
"59477",7,1
"59478",0,10
"59479",8,0
"59480",0,10
"59481",4,8
"59482",6,4
"59483",2,8
"59484",2,7
"59485",8,8
"59486",3,8
"59487",3,9
"59488",0,8
"59489",8,2
"59490",2,6
"59492",8,3
"59493",9,3
"59494",8,4
"59495",5,3
"59496",9,2
"59497",5,8
"59498",7,3
"59499",0,0
"59500",10,5
"59502",5,5
"59503",5,6
"59504",0,10
"59505",0,10
"59506",5,7
"59507",0,7
"59508",3,8
"59509",8,3
"59511",2,8
"59512",9,9
"59513",5,5
"59514",2,9
"59515",1,9
"59516",0,8
"59517",0,10
"59518",2,8
"59519",9,1
"59520",8,2
"59521",8,2
"59522",0,9
"59523",6,0
"59524",2,9
"59525",8,2
"59526",3,9
"59527",8,4
"59528",7,1
"59529",1,6
"59530",0,9
"59531",8,2
"59532",3,3
"59533",1,10
"59534",3,8
"59535",8,1
"59536",5,5
"59537",8,1
"59538",8,5
"59539",5,5
"59540",7,1
"59541",10,4
"59542",0,5
"59543",7,4
"59544",7,5
"59545",0,7
"59546",5,0
"59547",0,0
"59548",0,8
"59549",5,5
"59550",3,6
"59551",6,0
"59552",2,5
"59553",0,10
"59554",7,3
"59555",7,7
"59556",6,0
"59557",10,0
"59558",9,3
"59559",5,6
"59560",8,3
"59561",10,4
"59562",3,3
"59563",9,5
"59564",8,5
"59565",7,1
"59566",0,6
"59567",1,6
"59568",6,1
"59569",2,8
"59570",0,8
"59571",3,8
"59572",10,0
"59573",2,7
"59574",8,0
"59575",4,8
"59576",4,8
"59577",9,0
"59578",1,6
"59579",0,10
"59580",6,1
"59581",4,6
"59582",4,6
"59583",1,10
"59584",2,6
"59585",5,6
"59586",1,7
"59587",8,1
"59588",8,5
"59589",2,3
"59590",2,3
"59591",2,8
"59592",10,1
"59593",1,6
"59594",10,0
"59595",10,0
"59596",0,0
"59597",8,6
"59598",5,6
"59599",10,0
"59600",8,2
"59601",8,2
"59602",8,5
"59603",10,0
"59605",4,5
"59606",9,2
"59607",10,0
"59608",0,9
"59609",0,9
"59611",5,5
"59612",3,2
"59613",9,0
"59614",0,3
"59615",8,0
"59616",4,8
"59617",8,1
"59619",8,0
"59620",3,9
"59621",4,5
"59622",2,9
"59623",10,7
"59624",2,10
"59625",3,3
"59626",6,6
"59627",2,5
"59628",7,4
"59629",0,8
"59630",9,2
"59631",3,7
"59632",4,4
"59633",0,8
"59634",10,0
"59635",10,2
"59636",0,8
"59637",6,6
"59638",10,0
"59639",6,4
"59640",2,8
"59641",8,0
"59642",6,4
"59643",10,0
"59644",0,9
"59645",5,5
"59646",8,5
"59647",8,3
"59648",6,2
"59649",0,7
"59650",10,0
"59651",5,5
"59652",6,4
"59653",5,0
"59654",0,10
"59655",2,8
"59656",0,10
"59657",8,0
"59658",5,5
"59659",8,5
"59660",8,3
"59661",10,0
"59662",8,4
"59663",4,8
"59664",7,1
"59665",5,10
"59666",6,4
"59667",0,10
"59668",7,4
"59669",1,8
"59670",8,2
"59671",5,8
"59672",9,2
"59673",8,8
"59674",3,3
"59675",5,5
"59676",0,9
"59677",7,5
"59678",0,10
"59679",4,5
"59680",10,0
"59681",8,0
"59682",0,8
"59683",2,8
"59684",7,3
"59685",9,5
"59686",9,2
"59687",8,4
"59688",8,5
"59689",5,4
"59690",7,7
"59691",9,0
"59692",8,2
"59693",4,8
"59694",5,5
"59695",7,0
"59696",5,5
"59697",3,8
"59698",9,5
"59699",0,0
"59700",2,8
"59701",8,1
"59702",8,3
"59703",3,9
"59704",5,5
"59705",9,1
"59706",5,5
"59707",5,5
"59708",1,9
"59709",2,7
"59710",6,0
"59711",8,3
"59712",2,8
"59714",7,3
"59715",1,8
"59716",8,0
"59717",8,2
"59718",7,2
"59719",5,5
"59720",10,0
"59721",6,4
"59722",4,7
"59723",0,0
"59724",8,3
"59725",10,10
"59726",8,0
"59727",2,8
"59728",0,10
"59729",7,3
"59730",10,0
"59731",8,1
"59732",10,2
"59733",4,5
"59734",5,5
"59735",2,8
"59736",8,4
"59737",6,1
"59738",5,5
"59739",10,0
"59740",7,4
"59741",3,8
"59742",6,7
"59743",10,2
"59744",9,2
"59745",10,10
"59746",5,5
"59747",8,3
"59748",5,2
"59749",8,2
"59750",5,1
"59751",6,4
"59752",3,7
"59753",3,8
"59754",5,8
"59755",5,5
"59756",5,5
"59757",9,4
"59758",2,8
"59759",2,7
"59760",3,4
"59761",7,2
"59762",6,5
"59763",5,5
"59764",8,2
"59765",1,9
"59766",2,7
"59767",8,2
"59768",3,10
"59769",6,2
"59770",0,8
"59771",7,4
"59772",4,6
"59773",10,4
"59774",9,3
"59775",8,4
"59776",3,4
"59777",10,5
"59778",2,4
"59779",10,0
"59780",6,4
"59781",8,3
"59782",5,4
"59783",7,2
"59784",9,0
"59785",8,5
"59786",1,1
"59787",0,7
"59788",3,9
"59789",9,1
"59790",9,0
"59791",10,1
"59792",5,6
"59793",0,8
"59794",10,2
"59795",5,5
"59796",2,8
"59797",0,10
"59798",5,5
"59799",5,10
"59800",10,0
"59801",6,4
"59802",3,10
"59803",9,1
"59804",5,8
"59805",5,5
"59806",5,5
"59807",0,8
"59808",4,6
"59809",1,9
"59810",10,3
"59811",6,6
"59812",0,8
"59813",5,2
"59814",5,5
"59815",5,8
"59816",1,9
"59817",2,5
"59818",5,10
"59819",9,1
"59820",8,1
"59821",3,5
"59822",5,1
"59823",2,10
"59824",10,9
"59825",8,0
"59826",0,0
"59827",1,10
"59828",0,8
"59829",9,1
"59830",10,0
"59831",6,8
"59832",6,4
"59833",3,4
"59834",8,4
"59835",4,6
"59836",4,0
"59837",0,5
"59838",8,0
"59839",5,5
"59840",5,4
"59841",7,4
"59843",5,5
"59844",8,2
"59845",3,6
"59846",9,2
"59847",2,7
"59848",8,1
"59849",6,4
"59850",10,4
"59851",4,7
"59852",9,2
"59853",5,7
"59854",10,4
"59855",3,7
"59856",0,0
"59857",8,3
"59858",5,4
"59859",5,3
"59860",7,8
"59861",5,5
"59862",2,9
"59863",10,1
"59864",10,0
"59865",10,2
"59866",1,7
"59867",7,4
"59868",9,3
"59869",2,8
"59870",3,8
"59871",0,9
"59872",7,1
"59873",8,3
"59874",9,1
"59875",7,3
"59876",5,5
"59877",8,3
"59878",5,5
"59879",8,0
"59880",0,2
"59881",0,10
"59882",9,1
"59883",8,0
"59884",8,0
"59885",8,0
"59886",5,5
"59887",9,2
"59888",2,7
"59889",2,9
"59890",1,7
"59891",3,6
"59892",5,8
"59893",6,6
"59894",10,2
"59895",7,6
"59896",8,7
"59897",2,8
"59898",1,3
"59899",4,5
"59900",8,6
"59901",8,1
"59902",10,1
"59903",8,0
"59904",10,3
"59905",1,10
"59906",5,5
"59907",5,5
"59908",5,7
"59909",0,5
"59910",8,3
"59912",7,1
"59913",10,3
"59914",5,5
"59915",5,8
"59916",1,1
"59917",10,0
"59918",8,1
"59919",8,2
"59920",5,5
"59921",1,7
"59922",2,8
"59923",5,9
"59924",3,6
"59925",7,4
"59926",5,5
"59927",3,6
"59928",5,5
"59929",3,7
"59930",5,5
"59931",9,0
"59932",9,1
"59933",7,4
"59934",4,6
"59935",5,5
"59936",3,7
"59937",0,2
"59938",2,8
"59939",10,0
"59940",10,0
"59941",4,6
"59942",5,5
"59944",6,2
"59945",6,0
"59946",5,5
"59947",4,9
"59948",5,5
"59949",4,8
"59950",5,6
"59951",10,2
"59952",0,7
"59953",6,2
"59954",3,7
"59955",10,0
"59956",5,5
"59957",3,4
"59958",9,0
"59959",9,3
"59960",6,4
"59961",6,2
"59962",8,2
"59963",5,5
"59964",5,6
"59965",8,5
"59966",7,4
"59967",9,1
"59968",4,7
"59969",0,5
"59970",8,1
"59971",10,1
"59972",3,8
"59973",8,4
"59974",5,5
"59975",0,10
"59976",10,0
"59977",6,4
"59978",7,5
"59979",5,5
"59980",0,8
"59981",2,9
"59982",0,9
"59983",5,7
"59984",8,3
"59985",0,9
"59986",7,4
"59988",9,5
"59989",3,8
"59990",10,0
"59991",3,10
"59992",5,9
"59993",2,9
"59994",4,7
"59995",6,5
"59996",6,0
"59997",2,8
"59998",3,6
"59999",8,5
"60000",5,8
"60001",5,8
"60002",8,2
"60003",3,8
"60004",3,9
"60005",3,9
"60006",2,0
"60007",1,7
"60008",5,5
"60009",4,5
"60010",8,5
"60012",6,6
"60013",8,5
"60014",7,5
"60015",0,9
"60016",4,5
"60017",9,4
"60018",7,4
"60019",5,5
"60020",1,9
"60021",8,4
"60022",8,3
"60023",4,10
"60024",5,0
"60025",0,5
"60026",4,5
"60029",9,5
"60030",5,3
"60031",7,4
"60032",8,1
"60033",10,0
"60034",5,5
"60035",0,10
"60036",5,2
"60037",4,5
"60038",4,7
"60039",8,1
"60040",2,5
"60041",0,10
"60042",8,2
"60043",2,8
"60044",4,5
"60045",4,8
"60046",3,9
"60047",3,8
"60048",0,6
"60049",2,8
"60050",0,1
"60051",1,6
"60052",3,7
"60053",5,7
"60054",5,6
"60055",1,8
"60056",8,1
"60057",5,3
"60058",2,7
"60059",2,8
"60060",7,3
"60061",10,3
"60062",7,3
"60063",8,0
"60064",7,0
"60065",0,6
"60066",10,0
"60067",7,3
"60068",4,6
"60069",4,8
"60070",10,0
"60071",4,5
"60072",5,5
"60073",7,3
"60074",0,2
"60076",3,6
"60077",10,0
"60078",8,3
"60079",7,3
"60080",8,2
"60081",3,1
"60082",5,5
"60083",9,3
"60084",10,10
"60085",2,8
"60086",3,8
"60087",0,0
"60088",2,9
"60089",4,4
"60091",6,4
"60092",1,9
"60093",3,8
"60094",8,2
"60095",4,4
"60097",5,10
"60098",10,0
"60099",0,9
"60100",7,3
"60101",4,0
"60102",5,5
"60103",8,8
"60104",10,3
"60105",5,6
"60107",8,7
"60108",10,0
"60109",9,0
"60111",3,7
"60112",10,0
"60113",5,5
"60114",3,8
"60115",0,10
"60116",4,8
"60117",5,0
"60118",9,0
"60119",5,5
"60121",1,8
"60122",3,7
"60123",8,0
"60124",7,2
"60125",0,10
"60126",5,6
"60127",5,5
"60128",5,7
"60129",5,5
"60130",0,8
"60131",7,6
"60132",3,6
"60133",0,7
"60134",1,7
"60135",5,7
"60136",5,5
"60137",2,7
"60138",0,10
"60139",5,5
"60140",7,0
"60141",7,1
"60142",1,5
"60143",0,7
"60144",9,6
"60145",9,3
"60146",9,0
"60147",6,3
"60148",5,5
"60149",6,5
"60150",10,1
"60151",3,2
"60152",5,5
"60153",7,7
"60154",8,0
"60155",6,5
"60156",2,8
"60157",5,2
"60158",6,7
"60159",1,10
"60160",10,0
"60161",2,6
"60162",5,10
"60163",5,5
"60164",8,1
"60165",8,2
"60166",6,6
"60167",2,1
"60168",8,2
"60169",10,0
"60170",5,0
"60171",7,5
"60172",4,8
"60173",9,8
"60174",4,8
"60175",7,8
"60176",6,4
"60177",2,7
"60178",2,0
"60179",6,4
"60180",6,4
"60181",7,1
"60182",6,4
"60183",0,8
"60184",0,0
"60185",5,0
"60186",9,3
"60187",1,5
"60188",7,5
"60189",2,8
"60190",5,5
"60191",2,8
"60192",10,2
"60194",8,0
"60195",3,9
"60196",3,7
"60197",7,6
"60199",4,7
"60200",7,5
"60201",5,5
"60202",6,0
"60203",5,5
"60204",4,6
"60205",3,7
"60206",3,8
"60207",10,10
"60208",8,2
"60209",1,9
"60210",5,9
"60211",9,1
"60212",0,7
"60213",8,7
"60214",10,1
"60215",8,2
"60216",6,4
"60217",6,1
"60218",6,4
"60219",2,9
"60220",0,7
"60221",9,8
"60222",5,5
"60223",8,1
"60224",9,1
"60225",5,5
"60226",7,5
"60227",8,4
"60228",0,1
"60229",7,3
"60230",3,8
"60231",10,0
"60232",7,3
"60233",0,8
"60234",8,0
"60235",6,4
"60236",6,8
"60237",8,0
"60238",0,7
"60239",6,2
"60240",10,3
"60241",2,9
"60242",5,2
"60243",4,6
"60244",8,1
"60245",8,8
"60246",8,5
"60247",6,3
"60248",5,5
"60249",5,5
"60250",10,0
"60251",8,2
"60252",6,6
"60253",6,5
"60254",3,7
"60255",0,10
"60256",9,3
"60257",10,4
"60258",0,9
"60259",5,3
"60260",2,7
"60261",10,10
"60262",5,5
"60263",0,0
"60264",5,5
"60265",1,8
"60266",4,8
"60267",8,1
"60268",2,9
"60269",5,5
"60270",2,2
"60271",3,9
"60272",0,10
"60273",6,4
"60274",8,1
"60275",0,8
"60276",7,0
"60277",5,7
"60278",7,4
"60279",6,6
"60280",6,0
"60281",4,9
"60282",2,6
"60283",5,5
"60284",5,5
"60285",7,4
"60286",5,6
"60287",10,0
"60288",3,4
"60289",9,3
"60290",8,2
"60291",10,0
"60292",2,7
"60293",9,2
"60294",0,7
"60295",5,5
"60296",7,3
"60297",1,8
"60298",5,4
"60299",5,3
"60300",0,7
"60301",8,3
"60302",0,8
"60303",2,7
"60304",3,10
"60305",7,1
"60306",5,8
"60307",7,2
"60308",9,3
"60309",7,2
"60310",6,5
"60311",7,5
"60312",8,2
"60313",5,5
"60314",3,7
"60315",6,3
"60316",2,2
"60317",6,4
"60318",1,8
"60319",9,5
"60320",5,2
"60321",3,6
"60322",9,1
"60323",10,4
"60324",6,7
"60325",2,9
"60326",1,9
"60327",8,4
"60328",5,5
"60329",8,3
"60330",5,1
"60331",3,8
"60332",5,6
"60333",0,10
"60334",8,2
"60335",8,2
"60336",8,1
"60337",10,0
"60338",2,10
"60339",10,0
"60340",10,2
"60341",2,5
"60342",8,3
"60343",3,9
"60345",7,6
"60346",9,0
"60348",8,1
"60349",5,5
"60350",4,7
"60351",5,5
"60352",9,3
"60353",5,5
"60354",1,9
"60355",6,6
"60356",2,9
"60357",2,8
"60358",0,0
"60359",10,5
"60360",6,5
"60361",1,9
"60362",2,8
"60363",8,3
"60364",3,9
"60365",4,8
"60366",1,9
"60367",4,8
"60368",5,6
"60369",3,7
"60370",7,0
"60371",6,2
"60372",9,4
"60373",3,8
"60374",5,5
"60375",8,3
"60376",5,5
"60377",0,0
"60378",9,0
"60380",5,6
"60381",9,0
"60382",3,6
"60383",0,6
"60384",7,4
"60385",0,0
"60386",0,10
"60387",0,6
"60388",6,1
"60389",8,6
"60390",4,5
"60391",9,1
"60392",1,7
"60393",8,5
"60394",5,5
"60395",4,6
"60396",5,5
"60397",3,8
"60398",4,7
"60399",7,4
"60400",4,4
"60401",8,2
"60402",5,5
"60403",0,10
"60404",0,6
"60405",0,10
"60406",8,4
"60407",4,5
"60408",0,2
"60409",10,0
"60411",9,1
"60412",2,7
"60413",5,0
"60414",0,10
"60415",7,2
"60416",0,8
"60417",0,10
"60418",3,3
"60419",2,8
"60420",1,5
"60421",7,1
"60422",5,5
"60423",3,8
"60424",8,3
"60425",8,4
"60426",9,1
"60427",8,5
"60428",0,10
"60429",5,6
"60430",1,8
"60431",0,0
"60432",3,8
"60433",8,0
"60434",0,8
"60435",7,2
"60436",10,0
"60437",4,3
"60438",3,5
"60439",6,5
"60440",0,10
"60441",7,1
"60442",10,10
"60443",5,5
"60444",7,2
"60445",2,0
"60446",5,5
"60447",10,0
"60448",10,0
"60449",5,5
"60450",0,7
"60451",3,7
"60452",10,2
"60453",10,0
"60454",5,5
"60455",3,8
"60456",4,6
"60457",7,1
"60458",8,0
"60460",5,4
"60461",9,7
"60462",5,5
"60463",10,10
"60464",1,10
"60465",5,3
"60466",8,2
"60467",6,8
"60468",7,4
"60469",7,2
"60470",1,7
"60471",5,6
"60472",2,3
"60473",1,9
"60474",10,0
"60475",7,3
"60476",10,0
"60477",5,4
"60478",8,2
"60479",1,8
"60480",10,10
"60481",6,3
"60482",0,8
"60483",7,4
"60484",3,6
"60485",10,1
"60486",2,7
"60487",7,0
"60488",6,6
"60489",10,4
"60490",1,10
"60491",4,3
"60492",9,0
"60493",4,6
"60494",4,4
"60495",10,0
"60496",6,5
"60497",1,9
"60498",10,0
"60499",4,6
"60500",6,5
"60501",1,0
"60502",0,10
"60503",3,7
"60504",0,6
"60505",1,9
"60506",2,7
"60507",5,6
"60508",9,0
"60509",3,2
"60510",2,4
"60511",8,0
"60512",1,10
"60513",9,1
"60514",10,0
"60515",8,4
"60516",3,1
"60517",0,5
"60518",7,3
"60519",1,5
"60520",1,7
"60521",10,4
"60522",9,3
"60523",2,4
"60524",5,5
"60525",5,8
"60526",5,3
"60527",9,0
"60528",7,4
"60530",0,6
"60531",2,4
"60532",10,5
"60533",4,7
"60534",2,0
"60535",3,8
"60536",5,7
"60537",1,9
"60538",10,0
"60539",8,1
"60540",7,4
"60541",5,5
"60542",5,5
"60543",0,10
"60544",7,5
"60545",1,10
"60546",9,0
"60547",5,2
"60548",1,9
"60549",5,5
"60550",8,4
"60551",0,10
"60552",9,3
"60553",4,8
"60554",10,0
"60555",0,6
"60556",6,1
"60557",3,5
"60558",2,5
"60559",7,3
"60560",1,9
"60561",5,2
"60562",8,3
"60563",5,5
"60564",5,5
"60565",5,5
"60566",2,4
"60567",5,2
"60568",0,8
"60569",8,2
"60570",8,0
"60571",8,1
"60572",5,5
"60573",5,8
"60574",6,5
"60575",6,5
"60576",6,6
"60577",0,8
"60578",8,3
"60579",2,4
"60580",1,1
"60581",5,5
"60582",6,3
"60583",0,0
"60584",8,8
"60585",8,3
"60586",5,6
"60587",9,0
"60588",0,0
"60589",9,1
"60590",8,7
"60591",6,8
"60592",1,6
"60593",4,7
"60594",6,4
"60595",5,5
"60596",2,9
"60597",8,2
"60598",8,1
"60599",0,3
"60600",7,2
"60601",8,0
"60602",0,10
"60603",7,4
"60604",2,8
"60605",5,7
"60606",0,9
"60607",6,7
"60608",10,0
"60609",6,7
"60610",10,2
"60611",7,1
"60612",9,0
"60613",5,5
"60614",0,10
"60615",6,2
"60616",5,5
"60617",9,2
"60618",7,0
"60619",5,6
"60620",10,1
"60621",1,8
"60622",2,8
"60623",2,0
"60624",5,5
"60625",9,2
"60626",3,9
"60627",7,3
"60628",8,0
"60629",0,6
"60630",0,8
"60631",7,2
"60632",8,0
"60633",7,6
"60634",3,5
"60635",9,3
"60636",4,4
"60637",9,0
"60639",3,7
"60640",7,5
"60641",0,10
"60642",1,10
"60643",5,6
"60644",2,8
"60645",7,3
"60646",3,7
"60647",3,4
"60648",8,2
"60649",6,7
"60650",5,5
"60651",6,5
"60652",1,1
"60653",7,2
"60654",1,7
"60655",7,3
"60656",7,6
"60657",10,1
"60658",10,0
"60659",7,1
"60660",6,4
"60661",3,8
"60662",0,5
"60663",6,4
"60664",10,1
"60665",6,1
"60666",7,4
"60667",0,5
"60668",6,3
"60669",6,6
"60670",5,5
"60671",3,4
"60672",10,6
"60673",3,5
"60674",9,1
"60675",9,1
"60676",3,7
"60677",2,9
"60678",10,0
"60679",2,7
"60680",1,8
"60681",8,4
"60683",0,10
"60684",10,7
"60685",6,0
"60686",7,7
"60687",4,6
"60688",3,8
"60689",8,0
"60690",6,5
"60691",5,5
"60692",4,8
"60693",8,4
"60694",1,7
"60695",4,6
"60696",6,2
"60697",7,6
"60698",6,3
"60699",10,0
"60700",10,5
"60701",2,6
"60702",8,4
"60703",7,3
"60704",2,8
"60705",9,1
"60706",8,1
"60707",10,0
"60708",5,8
"60710",7,3
"60711",3,6
"60712",10,1
"60713",8,3
"60714",7,4
"60715",1,9
"60716",5,5
"60717",0,10
"60718",9,0
"60719",6,2
"60720",5,9
"60721",8,3
"60722",8,0
"60723",5,2
"60724",4,5
"60725",5,5
"60726",0,10
"60727",8,3
"60728",8,0
"60729",3,7
"60730",8,6
"60731",1,10
"60732",2,0
"60733",0,5
"60734",0,6
"60735",8,4
"60736",2,5
"60737",5,5
"60738",10,0
"60739",10,0
"60740",2,7
"60741",0,10
"60742",6,4
"60743",10,3
"60744",5,5
"60745",4,4
"60746",5,5
"60747",3,2
"60748",0,0
"60749",5,5
"60750",6,1
"60751",7,3
"60752",0,7
"60753",7,5
"60754",7,0
"60755",6,2
"60756",3,3
"60757",7,8
"60758",0,8
"60759",3,7
"60760",8,5
"60761",0,6
"60762",2,8
"60763",5,7
"60764",3,8
"60765",10,10
"60766",5,5
"60767",1,9
"60768",9,0
"60769",4,4
"60770",2,9
"60771",7,4
"60772",3,10
"60773",3,6
"60774",8,3
"60775",0,0
"60776",2,7
"60777",3,8
"60778",4,6
"60779",5,10
"60780",6,5
"60781",4,6
"60782",6,2
"60783",3,7
"60784",7,8
"60785",5,5
"60786",5,5
"60787",1,9
"60788",10,0
"60789",5,5
"60790",8,1
"60791",7,6
"60792",8,0
"60793",5,3
"60794",5,5
"60795",2,0
"60796",4,4
"60797",0,10
"60798",7,5
"60799",3,5
"60800",8,3
"60801",2,9
"60802",4,7
"60803",7,6
"60804",5,6
"60805",10,2
"60806",9,10
"60807",8,1
"60808",5,2
"60809",10,0
"60810",0,9
"60811",8,2
"60812",9,5
"60813",5,5
"60814",7,3
"60815",5,5
"60816",0,5
"60817",5,5
"60818",5,5
"60819",4,8
"60820",5,5
"60821",8,4
"60822",2,4
"60823",8,3
"60824",0,7
"60825",3,3
"60826",8,1
"60827",10,0
"60828",9,0
"60829",6,6
"60830",9,7
"60831",2,6
"60832",4,4
"60833",5,5
"60834",6,2
"60835",5,5
"60836",2,9
"60837",3,5
"60838",5,8
"60839",0,2
"60840",4,8
"60841",2,8
"60842",6,4
"60843",9,3
"60844",6,4
"60845",4,8
"60846",1,1
"60847",2,9
"60848",2,5
"60849",10,0
"60850",4,7
"60851",5,5
"60852",2,9
"60853",7,8
"60854",5,5
"60855",8,3
"60856",10,0
"60857",6,4
"60858",8,1
"60859",0,10
"60860",8,9
"60861",8,5
"60862",9,2
"60863",3,1
"60864",5,5
"60865",7,4
"60866",2,6
"60867",8,1
"60868",8,2
"60869",10,7
"60870",3,6
"60871",5,0
"60872",5,3
"60873",0,0
"60874",9,5
"60875",0,10
"60876",5,5
"60877",1,9
"60878",9,2
"60879",8,2
"60880",8,0
"60881",0,9
"60882",9,1
"60883",8,4
"60884",3,2
"60885",10,2
"60886",5,8
"60887",6,7
"60888",2,1
"60889",0,10
"60890",2,8
"60891",3,0
"60892",1,9
"60893",4,7
"60894",5,5
"60895",5,5
"60896",4,6
"60897",3,8
"60898",5,5
"60899",0,10
"60900",0,9
"60901",3,7
"60902",10,0
"60903",1,10
"60904",0,9
"60905",4,5
"60906",0,7
"60907",9,2
"60908",10,0
"60909",0,9
"60910",0,10
"60911",8,2
"60912",5,8
"60913",2,0
"60914",8,8
"60915",6,9
"60916",1,5
"60917",0,10
"60918",3,6
"60919",5,6
"60920",7,5
"60921",3,7
"60922",0,10
"60923",7,4
"60924",7,4
"60925",7,3
"60926",2,4
"60927",7,5
"60928",8,2
"60929",7,9
"60930",2,7
"60931",8,4
"60932",4,4
"60933",10,0
"60934",5,5
"60935",6,6
"60936",10,0
"60937",8,2
"60938",6,7
"60939",5,5
"60940",3,9
"60941",5,7
"60942",7,7
"60943",5,5
"60944",9,3
"60945",10,0
"60946",10,0
"60947",6,4
"60948",8,3
"60949",5,5
"60950",5,4
"60951",10,0
"60952",6,7
"60953",7,3
"60954",1,5
"60955",1,6
"60956",8,1
"60957",7,2
"60958",0,10
"60959",1,6
"60960",0,4
"60961",3,10
"60962",4,5
"60963",7,5
"60964",1,10
"60965",10,4
"60966",6,1
"60967",10,0
"60968",6,6
"60969",7,2
"60970",5,5
"60971",0,10
"60972",10,4
"60973",6,0
"60974",8,2
"60975",7,2
"60977",0,7
"60978",4,0
"60979",5,5
"60980",3,7
"60981",5,8
"60982",1,5
"60983",4,5
"60984",1,9
"60986",3,8
"60987",1,8
"60988",0,7
"60989",2,2
"60990",10,7
"60991",2,8
"60993",5,5
"60994",5,10
"60995",5,5
"60996",7,5
"60997",10,0
"60999",5,5
"61000",10,0
"61001",3,8
"61002",10,0
"61003",6,1
"61004",10,6
"61005",5,5
"61006",4,8
"61007",9,3
"61008",10,0
"61009",9,1
"61010",8,3
"61011",9,2
"61012",0,10
"61013",7,4
"61014",5,5
"61015",5,5
"61016",0,7
"61017",1,8
"61018",1,9
"61019",6,4
"61020",10,1
"61021",10,0
"61022",10,5
"61023",4,5
"61024",5,0
"61025",9,2
"61026",2,7
"61027",10,0
"61028",3,1
"61029",8,2
"61030",2,7
"61031",3,8
"61032",8,1
"61033",7,7
"61034",4,2
"61035",4,5
"61036",5,5
"61037",2,8
"61038",5,5
"61039",0,10
"61040",0,0
"61041",10,0
"61042",5,5
"61043",5,5
"61044",5,6
"61045",7,2
"61046",2,8
"61047",0,0
"61048",7,4
"61049",0,5
"61050",2,5
"61051",4,4
"61052",8,2
"61053",5,5
"61054",0,10
"61055",9,1
"61056",8,4
"61057",3,7
"61058",7,6
"61059",6,1
"61060",7,2
"61061",3,8
"61062",7,5
"61063",10,2
"61065",10,0
"61066",10,0
"61067",8,1
"61068",1,10
"61069",6,5
"61070",0,7
"61071",9,1
"61072",5,9
"61073",3,10
"61074",6,2
"61075",3,8
"61076",5,5
"61077",3,8
"61078",5,5
"61079",2,9
"61080",8,5
"61081",8,2
"61082",5,5
"61083",2,8
"61084",2,9
"61085",0,10
"61086",3,5
"61087",8,0
"61088",7,7
"61089",9,0
"61090",9,9
"61091",2,9
"61092",10,3
"61093",0,10
"61094",8,3
"61095",8,4
"61096",7,7
"61097",8,0
"61098",10,0
"61099",8,2
"61100",2,7
"61101",3,9
"61102",2,7
"61103",7,8
"61104",9,0
"61105",8,4
"61106",0,0
"61107",7,1
"61108",6,7
"61109",3,9
"61110",6,4
"61111",7,3
"61112",5,8
"61113",5,5
"61114",6,4
"61115",8,1
"61116",4,4
"61117",1,10
"61118",9,3
"61119",1,9
"61120",10,0
"61121",9,3
"61122",5,6
"61123",0,8
"61124",5,6
"61125",2,6
"61126",5,5
"61127",10,2
"61128",5,5
"61129",2,3
"61130",0,10
"61131",7,3
"61132",0,10
"61133",6,3
"61134",7,2
"61135",5,8
"61136",10,3
"61137",9,0
"61138",2,8
"61139",8,5
"61140",5,8
"61141",0,8
"61142",2,8
"61143",7,2
"61144",8,4
"61145",2,2
"61146",8,1
"61147",10,0
"61148",9,2
"61149",10,0
"61150",10,1
"61151",3,7
"61152",3,8
"61153",8,1
"61154",7,5
"61155",5,5
"61156",5,6
"61157",3,8
"61158",10,0
"61159",9,1
"61160",0,10
"61161",4,1
"61162",2,2
"61163",5,5
"61164",6,0
"61165",5,5
"61166",3,7
"61167",5,5
"61168",3,7
"61169",5,5
"61170",7,1
"61171",10,1
"61172",9,0
"61173",8,3
"61174",5,7
"61175",4,4
"61176",7,5
"61177",7,7
"61178",1,10
"61179",3,8
"61180",2,9
"61181",4,9
"61182",5,6
"61183",8,0
"61184",7,7
"61185",4,8
"61186",3,8
"61187",2,6
"61188",0,3
"61189",10,3
"61190",7,6
"61191",9,0
"61192",8,8
"61193",5,5
"61194",0,10
"61195",7,1
"61196",6,6
"61197",6,4
"61198",0,10
"61199",2,2
"61200",8,0
"61201",10,2
"61202",3,10
"61203",3,6
"61205",8,6
"61206",5,2
"61207",5,8
"61208",2,8
"61209",1,10
"61210",0,8
"61211",8,5
"61212",9,6
"61213",10,0
"61214",1,7
"61215",10,10
"61216",9,5
"61217",4,6
"61218",5,5
"61219",1,8
"61220",6,3
"61221",0,9
"61222",7,8
"61223",9,0
"61224",10,3
"61225",2,8
"61226",4,5
"61227",5,5
"61228",1,8
"61229",8,4
"61230",9,2
"61231",0,8
"61232",7,7
"61233",8,1
"61234",1,10
"61235",8,2
"61236",7,0
"61237",5,4
"61238",2,6
"61239",4,9
"61240",4,4
"61241",3,1
"61242",0,10
"61243",9,1
"61244",5,7
"61245",5,5
"61246",5,2
"61247",8,0
"61248",5,5
"61249",2,9
"61250",10,1
"61251",0,10
"61252",2,8
"61253",6,5
"61254",5,5
"61255",6,3
"61256",6,2
"61257",9,2
"61258",0,9
"61259",5,0
"61260",6,0
"61261",8,2
"61262",2,9
"61263",8,4
"61264",5,7
"61265",7,0
"61266",10,0
"61267",5,5
"61268",5,5
"61269",0,6
"61270",5,5
"61271",9,0
"61272",5,6
"61273",6,0
"61274",2,8
"61275",5,5
"61276",2,9
"61277",8,3
"61278",5,8
"61279",2,9
"61280",1,5
"61281",3,9
"61282",3,8
"61283",5,7
"61284",10,0
"61285",10,0
"61286",5,8
"61287",3,8
"61288",2,7
"61289",5,6
"61290",10,0
"61291",0,8
"61292",8,5
"61293",5,5
"61294",1,10
"61295",8,1
"61296",4,1
"61297",7,4
"61298",4,8
"61299",3,5
"61300",3,7
"61301",5,6
"61302",8,5
"61303",6,3
"61304",10,7
"61305",0,10
"61306",5,5
"61307",9,0
